order_id,customer_id,order_date,category,product,price,quantity,city,payment_method,rating
1,1295,2025-01-21,Beauty,Face Wash,367.34,5,Quetta,Debit Card,3.0
2,88,2025-05-30,Home & Kitchen,Bedsheet,170.19,3,Multan,Debit Card,5.0
3,277,2025-01-22,Fashion,Jacket,310.65,2,Multan,Wallet,1.0
4,511,2025-07-07,Home & Kitchen,Bedsheet,74.05,4,Quetta,Cash on Delivery,4.0
5,1529,2025-05-15,Beauty,Shampoo,27.99,3,Multan,Credit Card,2.0
6,316,2025-09-22,Beauty,Face Wash,283.83,2,LAHORE  ,Bank Transfer,4.0
7,956,2025-09-21,Beauty,Lipstick,65.41,5,Quetta,Cash on Delivery,
8,1412,2025-09-17,Beauty,Perfume,159.3,2,Peshawar,Bank Transfer,
9,162,2025-09-27,Fashion,Jacket,200.6,4,Quetta,Wallet,2.0
10,338,2025-08-05,Books,Textbook,272.15,2,Faisalabad,Wallet,5.0
11,15,2025-01-09,Electronics,Tablet,86.81,1,Karachi,Wallet,4.0
12,593,2025-10-16,Home & Kitchen,Bedsheet,357.11,3,Islamabad,Bank Transfer,
13,1052,2025-02-02,Fashion,T-Shirt,432.24,4,Quetta,Bank Transfer,5.0
14,961,2025-09-14,Home & Kitchen,Bedsheet,194.55,3,Multan,Debit Card,4.0
15,207,2025-06-28,Home & Kitchen,Mixer Grinder,216.63,2,Quetta,Credit Card,4.0
16,485,2025-05-23,Beauty,Perfume,128.4,5,Islamabad,Bank Transfer,4.0
17,1110,2025-02-14,Home & Kitchen,Bedsheet,440.83,2,Peshawar,Credit Card,3.0
18,1644,2025-05-08,Beauty,Shampoo,97.35,3,LAHORE  ,Wallet,4.0
19,1401,2025-04-26,Electronics,Smartphone,325.61,1,Multan,Credit Card,4.0
20,318,2025-08-22,Home & Kitchen,Mixer Grinder,114.94,3,FAISALABAD  ,Cash on Delivery,4.0
21,1137,2025-02-21,Electronics,Smartwatch,37.12,2,Faisalabad,Debit Card,5.0
22,952,2025-01-02,Books,Novel,23.26,1,Lahore,Wallet,2.0
23,1249,2025-02-22,Books,Textbook,319.0,2,Faisalabad,Debit Card,
24,203,2025-09-12,Beauty,Lipstick,,1,,,5.0
25,752,2025-05-04,Home & Kitchen,Bedsheet,400.18,1,ISLAMABAD  ,Bank Transfer,5.0
26,403,2025-05-28,Beauty,Lipstick,357.02,3,Quetta,Wallet,
27,473,2025-04-09,Fashion,T-Shirt,108.49,2,QUETTA  ,Wallet,3.0
28,1596,2025-09-11,Electronics,Smartwatch,134.11,1,Faisalabad,Bank Transfer,
29,9,2025-07-27,Home & Kitchen,Bedsheet,143.04,3,Islamabad,Wallet,5.0
30,587,2025-04-14,Electronics,Smartwatch,468.14,4,Faisalabad,Cash on Delivery,4.0
31,153,2025-07-13,Electronics,Headphones,7.51,2,Peshawar,Cash on Delivery,5.0
32,161,2025-05-15,Electronics,Smartwatch,13.95,5,Islamabad,Credit Card,4.0
33,470,2025-02-20,Beauty,Lipstick,136.28,5,Peshawar,Cash on Delivery,4.0
34,1633,2025-05-27,Books,Self-Help Book,,-1,,,5.0
35,1244,2025-01-06,Electronics,Smartwatch,237.62,5,ISLAMABAD  ,Wallet,1.0
36,302,2025-07-07,Books,Novel,483.49,3,Karachi,Wallet,4.0
37,1185,2025-10-08,Books,Textbook,161.88,2,Lahore,Debit Card,
38,1663,2025-09-30,Fashion,Jeans,261.57,2,Karachi,Credit Card,5.0
39,759,2025-01-13,Books,Self-Help Book,212.79,2,Faisalabad,Debit Card,1.0
40,20,2025-05-23,Beauty,Face Wash,326.73,4,Faisalabad,Debit Card,3.0
41,575,2025-02-27,Home & Kitchen,Mixer Grinder,491.01,2,Peshawar,Credit Card,2.0
42,613,2025-03-01,Home & Kitchen,Table Lamp,263.51,5,Faisalabad,Wallet,5.0
43,877,2025-05-24,Beauty,Perfume,101.22,3,Multan,Debit Card,5.0
44,120,2025-02-27,Home & Kitchen,Mixer Grinder,139.06,4,Quetta,Debit Card,1.0
45,791,2025-05-09,Books,Self-Help Book,217.02,4,Lahore,Debit Card,3.0
46,488,2025-09-29,Fashion,T-Shirt,467.63,1,Multan,Bank Transfer,5.0
47,154,2025-03-27,Home & Kitchen,Table Lamp,181.21,5,Karachi,Bank Transfer,3.0
48,1009,2025-07-23,Books,Comic,159.15,4,Lahore,Debit Card,4.0
49,1278,2025-01-10,Beauty,Face Wash,219.76,2,Peshawar,Bank Transfer,5.0
50,762,2025-01-04,Beauty,Lipstick,467.05,1,Quetta,Debit Card,1.0
51,690,2025-06-28,Home & Kitchen,Table Lamp,288.82,1,Islamabad,Bank Transfer,5.0
52,1192,2025-10-12,Electronics,Smartphone,453.15,4,Multan,Wallet,3.0
53,499,2025-03-31,Fashion,Kurta,311.04,1,Multan,Debit Card,5.0
54,617,2025-04-24,Fashion,Sneakers,250.54,2,Multan,Cash on Delivery,5.0
55,1301,2025-07-11,Beauty,Face Wash,483.95,4,Islamabad,Credit Card,5.0
56,1009,2025-09-25,Beauty,Perfume,389.32,5,Karachi,Bank Transfer,5.0
57,1297,2025-08-05,Home & Kitchen,Mixer Grinder,269.49,4,Peshawar,Bank Transfer,5.0
58,396,2025-03-17,Electronics,Smartwatch,479.48,3,Karachi,Wallet,
59,1530,2025-03-10,Beauty,Lipstick,317.76,5,Islamabad,Wallet,4.0
60,1508,2025-02-08,Home & Kitchen,Mixer Grinder,473.37,1,Multan,Bank Transfer,4.0
61,1187,2025-05-26,Fashion,Kurta,444.41,3,Quetta,Wallet,5.0
62,913,2025-06-17,Fashion,Jacket,55.06,5,Lahore,Credit Card,5.0
63,1541,2025-05-16,Fashion,Jeans,259.1,3,Multan,Credit Card,5.0
64,1325,2025-10-02,Electronics,Smartphone,377.92,4,Multan,Wallet,5.0
65,1555,2025-06-22,Home & Kitchen,Cookware Set,60.04,3,Multan,Debit Card,4.0
66,476,2025-01-01,Fashion,Jacket,384.76,1,Islamabad,Bank Transfer,4.0
67,1393,2025-04-27,Electronics,Smartwatch,46.03,1,Peshawar,Debit Card,1.0
68,815,2025-07-22,Books,Novel,446.12,5,Faisalabad,Bank Transfer,4.0
69,1465,2025-01-14,Home & Kitchen,Table Lamp,263.93,1,Quetta,Credit Card,5.0
70,471,2025-08-12,Home & Kitchen,Table Lamp,27.5,4,PESHAWAR  ,Wallet,3.0
71,1146,2025-05-16,Books,Textbook,98.12,2,Lahore,Wallet,5.0
72,41,2025-05-25,Beauty,Face Wash,133.68,3,Karachi,Credit Card,4.0
73,752,2025-09-10,Books,Textbook,85.5,3,Peshawar,Debit Card,4.0
74,450,2025-09-08,Books,Comic,45.96,2,MULTAN  ,Bank Transfer,1.0
75,146,2025-09-24,Electronics,Smartphone,493.7,1,Multan,Debit Card,4.0
76,689,2025-04-15,Home & Kitchen,Bedsheet,419.97,2,Islamabad,Credit Card,1.0
77,709,2025-01-23,Beauty,Face Wash,499.86,3,Multan,Bank Transfer,
78,1169,2025-01-01,Fashion,Sneakers,124.34,1,Islamabad,Bank Transfer,5.0
79,488,2025-04-05,Electronics,Smartphone,310.97,4,Quetta,Debit Card,4.0
80,1330,2025-08-10,Home & Kitchen,Bedsheet,,-1,,,5.0
81,578,2025-08-14,Books,Novel,403.5,4,Peshawar,Debit Card,5.0
82,447,2025-06-15,Home & Kitchen,Bedsheet,364.57,1,Karachi,Wallet,4.0
83,81,2025-05-18,Fashion,Sneakers,475.01,4,Karachi,Debit Card,5.0
84,69,2025-07-24,Beauty,Shampoo,490.12,5,Peshawar,Cash on Delivery,5.0
85,111,2025-01-08,Home & Kitchen,Bedsheet,68.8,3,Faisalabad,Wallet,4.0
86,1219,2025-03-02,Home & Kitchen,Table Lamp,260.04,2,Lahore,Cash on Delivery,2.0
87,604,2025-01-01,Books,Self-Help Book,177.07,5,MULTAN  ,Credit Card,4.0
88,1102,2025-03-14,Fashion,T-Shirt,168.4,3,Lahore,Credit Card,4.0
89,48,2025-10-19,Home & Kitchen,Bedsheet,35.23,2,Karachi,Credit Card,5.0
90,303,2025-01-28,Beauty,Lipstick,188.38,2,Quetta,Debit Card,5.0
91,883,2025-08-27,Home & Kitchen,Table Lamp,358.11,3,FAISALABAD  ,Bank Transfer,5.0
92,1039,2025-01-28,Home & Kitchen,Bedsheet,56.91,5,Lahore,Credit Card,5.0
93,537,2025-01-25,Fashion,Jacket,445.81,4,Faisalabad,Debit Card,5.0
94,111,2025-04-21,Books,Self-Help Book,294.18,2,Karachi,Wallet,3.0
95,1542,2025-08-17,Electronics,Tablet,450.33,2,Karachi,Credit Card,1.0
96,1606,2025-04-05,Books,Self-Help Book,126.75,4,Quetta,Credit Card,3.0
97,1064,2025-08-08,Home & Kitchen,Bedsheet,350.0,2,Islamabad,Wallet,1.0
98,574,2025-01-26,Electronics,Headphones,465.04,3,Islamabad,Bank Transfer,5.0
99,724,2025-05-20,Fashion,Jacket,256.27,1,Quetta,Credit Card,5.0
100,139,2025-09-16,Books,Self-Help Book,466.35,5,Karachi,Debit Card,4.0
101,172,2025-03-25,Books,Comic,104.86,2,Karachi,Bank Transfer,1.0
102,911,2025-04-04,Electronics,Headphones,238.43,3,Quetta,Credit Card,5.0
103,334,2025-05-17,Beauty,Shampoo,466.8,3,Lahore,Wallet,4.0
104,1373,2025-08-17,Electronics,Smartwatch,74.19,1,Peshawar,Wallet,3.0
105,5,2025-03-03,Books,Novel,121.67,2,Faisalabad,Credit Card,5.0
106,296,2025-05-05,Electronics,Laptop,228.71,3,Peshawar,Credit Card,5.0
107,145,2025-04-14,Electronics,Smartphone,450.29,2,Islamabad,Cash on Delivery,4.0
108,1203,2025-01-15,Home & Kitchen,Bedsheet,170.78,4,Quetta,Bank Transfer,4.0
109,157,2025-10-16,Home & Kitchen,Table Lamp,80.08,1,Peshawar,Wallet,5.0
110,1659,2025-06-08,Fashion,Kurta,378.54,5,Quetta,Wallet,4.0
111,15,2025-06-06,Beauty,Shampoo,399.66,5,Quetta,Wallet,5.0
112,95,2025-10-19,Fashion,Sneakers,301.23,4,Lahore,Cash on Delivery,5.0
113,1278,2025-08-06,Beauty,Lipstick,454.68,2,Multan,Debit Card,5.0
114,1484,2025-05-13,Beauty,Lipstick,55.6,4,Multan,Debit Card,5.0
115,1014,2025-08-02,Fashion,T-Shirt,43.27,1,Islamabad,Credit Card,3.0
116,1646,2025-01-01,Books,Self-Help Book,97.23,1,Quetta,Cash on Delivery,5.0
117,969,2025-04-27,Books,Comic,373.4,2,Lahore,Credit Card,3.0
118,1626,2025-07-29,Beauty,Face Wash,460.33,2,Islamabad,Debit Card,
119,876,2025-06-29,Home & Kitchen,Bedsheet,456.81,1,Peshawar,Bank Transfer,
120,63,2025-06-05,Electronics,Tablet,142.41,2,Lahore,Bank Transfer,5.0
121,1385,2025-03-04,Electronics,Smartwatch,78.59,4,Multan,Credit Card,4.0
122,215,2025-02-01,Books,Self-Help Book,216.26,3,Peshawar,Bank Transfer,5.0
123,1168,2025-09-14,Books,Self-Help Book,284.6,2,Peshawar,Cash on Delivery,4.0
124,1137,2025-05-12,Fashion,Jacket,203.38,3,Karachi,Bank Transfer,2.0
125,778,2025-03-28,Home & Kitchen,Table Lamp,139.02,2,Quetta,Wallet,5.0
126,833,2025-09-12,Books,Textbook,278.1,3,Multan,Credit Card,5.0
127,1633,2025-10-18,Home & Kitchen,Bedsheet,280.58,2,Peshawar,Cash on Delivery,
128,182,2025-01-07,Beauty,Face Wash,106.47,2,Lahore,Credit Card,4.0
129,1405,2025-07-07,Home & Kitchen,Table Lamp,438.84,5,LAHORE  ,Debit Card,
130,1547,2025-07-14,Books,Textbook,133.41,2,Quetta,Wallet,5.0
131,1280,2025-02-22,Books,Self-Help Book,278.26,2,Faisalabad,Cash on Delivery,
132,593,2025-08-03,Beauty,Shampoo,434.89,3,Karachi,Debit Card,1.0
133,237,2025-09-03,Electronics,Laptop,204.26,1,Peshawar,Cash on Delivery,4.0
134,29,2025-03-16,Fashion,Jeans,89.98,5,Peshawar,Debit Card,5.0
135,41,2025-06-14,Fashion,Jacket,140.66,1,Karachi,Debit Card,5.0
136,342,2025-10-14,Books,Self-Help Book,72.76,1,Peshawar,Cash on Delivery,5.0
137,821,2025-07-09,Beauty,Face Wash,91.81,5,Lahore,Debit Card,3.0
138,819,2025-10-09,Home & Kitchen,Mixer Grinder,49.72,3,Multan,Bank Transfer,5.0
139,676,2025-04-08,Home & Kitchen,Table Lamp,360.93,3,Quetta,Bank Transfer,4.0
140,751,2025-09-01,Fashion,Jacket,134.82,3,Islamabad,Credit Card,4.0
141,482,2025-03-14,Books,Comic,313.55,2,Karachi,Credit Card,4.0
142,1640,2025-05-11,Books,Comic,220.24,3,Lahore,Bank Transfer,1.0
143,102,2025-04-11,Home & Kitchen,Cookware Set,297.16,3,Faisalabad,Cash on Delivery,
144,330,2025-01-12,Books,Novel,346.83,1,PESHAWAR  ,Cash on Delivery,5.0
145,1509,2025-03-30,Books,Novel,347.68,1,Faisalabad,Cash on Delivery,
146,47,2025-10-09,Books,Self-Help Book,26.86,1,Multan,Debit Card,4.0
147,137,2025-08-03,Books,Comic,100.34,2,MULTAN  ,Debit Card,5.0
148,995,2025-04-13,Beauty,Lipstick,162.95,2,Karachi,Cash on Delivery,5.0
149,131,2025-07-02,Books,Self-Help Book,349.66,2,Quetta,Wallet,5.0
150,1373,2025-07-29,Electronics,Smartwatch,332.52,5,Karachi,Bank Transfer,5.0
151,1194,2025-09-04,Fashion,Sneakers,495.22,3,Multan,Bank Transfer,4.0
152,1063,2025-09-02,Home & Kitchen,Bedsheet,9.7,5,FAISALABAD  ,Credit Card,5.0
153,377,2025-03-06,Beauty,Lipstick,385.3,1,Peshawar,Credit Card,3.0
154,146,2025-07-12,Fashion,Jacket,120.64,1,MULTAN  ,Credit Card,3.0
155,1164,2025-03-02,Electronics,Smartwatch,478.43,5,Multan,Cash on Delivery,5.0
156,226,2025-09-17,Home & Kitchen,Cookware Set,87.68,4,Islamabad,Wallet,5.0
157,1517,2025-08-14,Books,Comic,64.57,3,Karachi,Debit Card,2.0
158,1541,2025-01-09,Fashion,Sneakers,33.63,1,Islamabad,Wallet,
159,1514,2025-03-03,Books,Comic,260.05,2,Karachi,Cash on Delivery,5.0
160,893,2025-03-09,Books,Textbook,270.8,1,Peshawar,Bank Transfer,3.0
161,635,2025-07-14,Electronics,Headphones,69.11,1,Karachi,Debit Card,5.0
162,1285,2025-05-04,Electronics,Smartphone,368.93,2,Quetta,Cash on Delivery,5.0
163,454,2025-10-11,Fashion,Jeans,481.25,5,Multan,Bank Transfer,5.0
164,318,2025-02-25,Books,Textbook,298.24,2,Lahore,Cash on Delivery,5.0
165,336,2025-02-28,Electronics,Headphones,330.93,1,Islamabad,Credit Card,4.0
166,1194,2025-07-07,Books,Novel,57.39,3,Quetta,Bank Transfer,5.0
167,1055,2025-06-09,Fashion,T-Shirt,413.78,2,Islamabad,Bank Transfer,5.0
168,1282,2025-01-12,Fashion,Jacket,416.91,5,Quetta,Debit Card,4.0
169,1257,2025-07-07,Home & Kitchen,Mixer Grinder,317.75,2,Multan,Cash on Delivery,3.0
170,1479,2025-03-01,Home & Kitchen,Cookware Set,272.93,2,Quetta,Bank Transfer,3.0
171,484,2025-07-11,Beauty,Shampoo,38.58,3,Karachi,Wallet,2.0
172,22,2025-07-29,Fashion,T-Shirt,312.35,3,Lahore,Bank Transfer,4.0
173,948,2025-02-02,Home & Kitchen,Bedsheet,380.34,5,Peshawar,Cash on Delivery,4.0
174,1454,2025-04-09,Fashion,Jeans,236.93,4,Multan,Credit Card,3.0
175,1099,2025-06-24,Books,Novel,114.28,2,Peshawar,Wallet,5.0
176,849,2025-01-21,Home & Kitchen,Bedsheet,481.8,4,Quetta,Bank Transfer,5.0
177,1477,2025-02-27,Home & Kitchen,Mixer Grinder,492.07,1,Faisalabad,Debit Card,4.0
178,792,2025-07-27,Electronics,Smartphone,187.42,4,Islamabad,Wallet,3.0
179,1333,2025-06-23,Electronics,Tablet,81.06,3,Lahore,Wallet,1.0
180,693,2025-02-15,Books,Textbook,456.36,2,Quetta,Credit Card,1.0
181,521,2025-08-02,Electronics,Smartwatch,104.26,1,Peshawar,Bank Transfer,4.0
182,721,2025-04-05,Home & Kitchen,Table Lamp,10.75,2,Peshawar,Cash on Delivery,5.0
183,102,2025-08-02,Electronics,Smartwatch,454.37,3,Islamabad,Credit Card,4.0
184,673,2025-01-02,Electronics,Smartwatch,282.03,2,Karachi,Credit Card,5.0
185,116,2025-06-15,Electronics,Tablet,182.11,2,Quetta,Debit Card,5.0
186,106,2025-05-03,Fashion,Jeans,87.9,1,Peshawar,Credit Card,
187,716,2025-03-25,Electronics,Laptop,436.13,2,Peshawar,Cash on Delivery,4.0
188,208,2025-01-22,Home & Kitchen,Table Lamp,276.06,2,Lahore,Cash on Delivery,2.0
189,14,2025-03-28,Beauty,Perfume,45.41,4,Faisalabad,Bank Transfer,4.0
190,1171,2025-06-22,Home & Kitchen,Cookware Set,488.05,4,Multan,Bank Transfer,5.0
191,1618,2025-05-30,Home & Kitchen,Table Lamp,15.33,3,Multan,Credit Card,4.0
192,755,2025-07-26,Beauty,Perfume,341.71,5,Karachi,Wallet,3.0
193,957,2025-01-04,Books,Comic,423.89,5,Faisalabad,Wallet,5.0
194,1586,2025-09-07,Beauty,Shampoo,434.18,1,Multan,Debit Card,4.0
195,932,2025-08-31,Fashion,Jeans,213.75,2,Islamabad,Debit Card,
196,1261,2025-08-13,Beauty,Lipstick,235.58,5,Islamabad,Debit Card,5.0
197,526,2025-02-10,Fashion,Jacket,485.84,5,Peshawar,Wallet,4.0
198,130,2025-01-28,Electronics,Smartwatch,52.15,1,Lahore,Cash on Delivery,5.0
199,301,2025-01-10,Electronics,Smartwatch,122.33,3,Islamabad,Debit Card,4.0
200,1385,2025-09-21,Beauty,Perfume,218.29,4,Islamabad,Wallet,5.0
201,1145,2025-07-23,Beauty,Shampoo,304.74,5,Multan,Credit Card,5.0
202,156,2025-09-08,Beauty,Shampoo,432.79,4,Multan,Wallet,4.0
203,511,2025-10-12,Fashion,T-Shirt,119.41,2,Karachi,Cash on Delivery,4.0
204,837,2025-07-25,Books,Comic,56.14,3,Faisalabad,Debit Card,4.0
205,126,2025-10-12,Fashion,Sneakers,476.15,2,Karachi,Cash on Delivery,4.0
206,151,2025-08-22,Beauty,Perfume,19.84,5,Faisalabad,Debit Card,3.0
207,1382,2025-07-12,Books,Textbook,434.73,2,Quetta,Debit Card,4.0
208,1169,2025-03-17,Fashion,Jeans,416.28,1,ISLAMABAD  ,Credit Card,5.0
209,1171,2025-03-10,Electronics,Smartphone,470.73,5,Karachi,Debit Card,4.0
210,704,2025-06-10,Fashion,Jeans,28.86,1,Karachi,Credit Card,5.0
211,589,2025-04-08,Electronics,Tablet,147.9,3,Multan,Wallet,5.0
212,397,2025-05-09,Fashion,Jeans,399.92,3,PESHAWAR  ,Credit Card,4.0
213,711,2025-04-03,Electronics,Smartwatch,283.9,3,Karachi,Credit Card,4.0
214,102,2025-04-20,Electronics,Headphones,41.23,3,Peshawar,Debit Card,5.0
215,85,2025-04-27,Electronics,Headphones,432.35,2,Multan,Debit Card,3.0
216,304,2025-08-16,Books,Self-Help Book,292.19,4,Quetta,Cash on Delivery,5.0
217,891,2025-04-17,Fashion,Jacket,263.01,5,Quetta,Bank Transfer,5.0
218,715,2025-10-04,Electronics,Smartwatch,193.14,4,Multan,Cash on Delivery,3.0
219,1008,2025-06-06,Books,Textbook,263.93,3,Quetta,Wallet,5.0
220,670,2025-03-18,Fashion,Jacket,359.49,1,Faisalabad,Debit Card,3.0
221,1375,2025-06-08,Home & Kitchen,Bedsheet,430.41,5,QUETTA  ,Credit Card,5.0
222,1108,2025-06-21,Fashion,Jacket,244.36,1,Multan,Debit Card,3.0
223,1142,2025-01-26,Books,Comic,260.01,4,Karachi,Debit Card,3.0
224,682,2025-06-03,Electronics,Tablet,450.51,1,Islamabad,Bank Transfer,4.0
225,1084,2025-05-26,Home & Kitchen,Table Lamp,337.36,1,Islamabad,Wallet,3.0
226,687,2025-08-14,Fashion,Kurta,121.44,4,Karachi,Bank Transfer,3.0
227,419,2025-05-18,Books,Comic,305.51,3,Karachi,Bank Transfer,5.0
228,1344,2025-05-26,Electronics,Laptop,72.54,5,Islamabad,Debit Card,4.0
229,459,2025-01-19,Electronics,Smartphone,495.67,4,Faisalabad,Debit Card,4.0
230,36,2025-06-13,Books,Self-Help Book,47.4,1,Islamabad,Credit Card,4.0
231,425,2025-02-18,Home & Kitchen,Cookware Set,310.49,5,Faisalabad,Debit Card,5.0
232,160,2025-03-08,Beauty,Lipstick,272.31,2,Peshawar,Wallet,4.0
233,1154,2025-04-12,Home & Kitchen,Cookware Set,497.1,2,Karachi,Cash on Delivery,5.0
234,662,2025-10-14,Beauty,Shampoo,283.34,4,Quetta,Credit Card,3.0
235,55,2025-05-16,Fashion,T-Shirt,379.3,1,Faisalabad,Cash on Delivery,
236,348,2025-09-05,Books,Comic,487.21,5,Faisalabad,Credit Card,5.0
237,406,2025-09-29,Books,Textbook,49.12,1,Faisalabad,Wallet,5.0
238,114,2025-09-15,Beauty,Face Wash,174.13,1,Islamabad,Credit Card,5.0
239,1204,2025-07-15,Home & Kitchen,Bedsheet,143.45,2,Lahore,Cash on Delivery,5.0
240,244,2025-02-11,Beauty,Face Wash,,1,,,5.0
241,1031,2025-06-12,Fashion,Sneakers,,1,,,5.0
242,266,2025-09-10,Fashion,Jacket,412.13,1,Peshawar,Credit Card,
243,1460,2025-01-25,Electronics,Tablet,253.77,1,Multan,Bank Transfer,3.0
244,964,2025-06-22,Books,Self-Help Book,71.91,4,Faisalabad,Wallet,
245,543,2025-06-09,Beauty,Face Wash,255.54,2,MULTAN  ,Cash on Delivery,5.0
246,467,2025-09-23,Beauty,Lipstick,196.3,5,Karachi,Debit Card,4.0
247,1080,2025-04-09,Fashion,Kurta,152.19,3,Multan,Credit Card,5.0
248,1104,2025-09-17,Home & Kitchen,Bedsheet,347.35,1,Faisalabad,Credit Card,4.0
249,1245,2025-08-19,Beauty,Shampoo,313.83,4,Lahore,Bank Transfer,5.0
250,519,2025-03-27,Books,Comic,265.12,5,Multan,Debit Card,3.0
251,742,2025-03-06,Books,Self-Help Book,133.61,2,Multan,Bank Transfer,5.0
252,338,2025-07-07,Books,Novel,36.99,4,Islamabad,Bank Transfer,5.0
253,510,2025-04-22,Books,Self-Help Book,79.27,4,Faisalabad,Debit Card,4.0
254,1460,2025-01-21,Electronics,Tablet,430.48,2,Lahore,Bank Transfer,3.0
255,425,2025-02-17,Electronics,Smartphone,,4,,,5.0
256,232,2025-09-04,Fashion,Jacket,233.43,3,Lahore,Cash on Delivery,4.0
257,956,2025-03-10,Electronics,Smartphone,228.06,5,FAISALABAD  ,Credit Card,4.0
258,1529,2025-04-19,Books,Textbook,374.37,1,Islamabad,Cash on Delivery,1.0
259,277,2025-05-19,Books,Textbook,196.86,4,Faisalabad,Cash on Delivery,5.0
260,1515,2025-01-08,Beauty,Lipstick,209.0,5,Lahore,Wallet,5.0
261,962,2025-02-18,Electronics,Smartphone,335.34,3,Faisalabad,Wallet,5.0
262,378,2025-09-23,Electronics,Smartphone,241.74,2,Multan,Wallet,4.0
263,160,2025-08-14,Fashion,Kurta,375.3,4,Islamabad,Debit Card,4.0
264,488,2025-04-24,Fashion,T-Shirt,218.88,4,Peshawar,Wallet,4.0
265,1312,2025-05-02,Books,Textbook,250.54,1,Peshawar,Credit Card,4.0
266,1421,2025-08-12,Fashion,Kurta,114.43,4,Islamabad,Cash on Delivery,4.0
267,1490,2025-10-10,Beauty,Face Wash,58.43,5,Lahore,Cash on Delivery,3.0
268,278,2025-07-03,Beauty,Face Wash,273.41,5,Islamabad,Cash on Delivery,3.0
269,1305,2025-07-05,Beauty,Lipstick,381.76,2,Karachi,Wallet,5.0
270,1128,2025-01-10,Electronics,Smartwatch,101.01,2,Multan,Cash on Delivery,3.0
271,1417,2025-03-31,Electronics,Tablet,279.34,2,Lahore,Wallet,5.0
272,1461,2025-08-31,Electronics,Laptop,187.13,3,Quetta,Cash on Delivery,
273,1405,2025-01-24,Beauty,Lipstick,323.47,2,Peshawar,Cash on Delivery,3.0
274,871,2025-07-07,Books,Self-Help Book,6.59,4,Karachi,Bank Transfer,3.0
275,526,2025-07-05,Beauty,Face Wash,363.09,5,Quetta,Wallet,5.0
276,159,2025-07-30,Fashion,Jeans,16.35,3,Peshawar,Bank Transfer,5.0
277,927,2025-06-22,Fashion,Kurta,413.44,3,Faisalabad,Credit Card,4.0
278,1137,2025-04-28,Fashion,Jacket,301.12,3,Multan,Credit Card,4.0
279,1071,2025-03-16,Beauty,Shampoo,63.58,4,Quetta,Credit Card,
280,500,2025-09-16,Books,Novel,184.31,2,Multan,Cash on Delivery,1.0
281,563,2025-02-04,Books,Self-Help Book,470.64,2,Peshawar,Debit Card,5.0
282,49,2025-03-11,Books,Textbook,220.41,5,Lahore,Wallet,2.0
283,641,2025-10-24,Fashion,Sneakers,391.21,4,Peshawar,Wallet,3.0
284,985,2025-04-16,Electronics,Smartwatch,478.52,4,Peshawar,Wallet,4.0
285,632,2025-08-05,Beauty,Perfume,487.54,2,Multan,Wallet,3.0
286,1643,2025-01-21,Beauty,Shampoo,36.01,2,FAISALABAD  ,Debit Card,4.0
287,1172,2025-06-03,Fashion,Sneakers,68.35,5,Faisalabad,Credit Card,4.0
288,1605,2025-06-10,Books,Self-Help Book,328.82,2,Lahore,Bank Transfer,4.0
289,327,2025-03-22,Fashion,T-Shirt,343.46,1,Multan,Bank Transfer,5.0
290,423,2025-04-08,Fashion,Sneakers,355.38,1,Peshawar,Debit Card,4.0
291,1538,2025-03-07,Books,Novel,333.77,1,Lahore,Debit Card,5.0
292,1110,2025-02-28,Home & Kitchen,Mixer Grinder,148.84,4,Lahore,Cash on Delivery,2.0
293,532,2025-08-02,Electronics,Tablet,274.7,4,Quetta,Bank Transfer,5.0
294,782,2025-06-17,Beauty,Shampoo,123.2,1,Lahore,Wallet,5.0
295,1278,2025-04-07,Fashion,T-Shirt,175.11,4,LAHORE  ,Wallet,5.0
296,601,2025-07-16,Beauty,Lipstick,201.7,3,Islamabad,Cash on Delivery,4.0
297,476,2025-03-26,Fashion,Jacket,379.95,5,Quetta,Credit Card,4.0
298,828,2025-09-20,Fashion,Jeans,349.47,4,Islamabad,Bank Transfer,
299,40,2025-05-09,Fashion,Sneakers,255.99,4,Quetta,Bank Transfer,5.0
300,260,2025-02-01,Home & Kitchen,Mixer Grinder,400.3,3,Karachi,Wallet,5.0
301,1013,2025-06-11,Electronics,Tablet,335.62,5,Faisalabad,Wallet,5.0
302,1664,2025-05-11,Home & Kitchen,Bedsheet,11.24,1,Karachi,Wallet,5.0
303,1406,2025-07-08,Fashion,Jeans,192.62,3,Faisalabad,Bank Transfer,4.0
304,1596,2025-08-01,Fashion,Sneakers,160.6,3,Lahore,Cash on Delivery,5.0
305,156,2025-06-12,Fashion,Kurta,413.86,1,Faisalabad,Debit Card,4.0
306,1099,2025-04-18,Fashion,Jeans,327.32,1,Islamabad,Cash on Delivery,5.0
307,272,2025-09-05,Beauty,Face Wash,57.64,3,FAISALABAD  ,Credit Card,5.0
308,516,2025-08-15,Electronics,Headphones,433.86,5,Karachi,Bank Transfer,4.0
309,460,2025-09-09,Beauty,Perfume,120.22,1,Multan,Debit Card,5.0
310,407,2025-02-15,Home & Kitchen,Bedsheet,88.7,2,Peshawar,Wallet,4.0
311,1566,2025-03-25,Home & Kitchen,Bedsheet,402.17,3,Karachi,Credit Card,4.0
312,83,2025-10-02,Fashion,T-Shirt,486.52,3,Karachi,Wallet,1.0
313,1660,2025-10-02,Electronics,Headphones,415.55,4,Quetta,Wallet,3.0
314,676,2025-06-10,Books,Novel,52.78,1,Faisalabad,Credit Card,5.0
315,1001,2025-07-15,Books,Comic,153.46,1,Islamabad,Wallet,5.0
316,1661,2025-04-30,Fashion,T-Shirt,298.64,1,Quetta,Bank Transfer,5.0
317,779,2025-09-12,Beauty,Lipstick,497.74,2,Multan,Bank Transfer,4.0
318,1013,2025-02-04,Books,Comic,51.46,5,KARACHI  ,Debit Card,5.0
319,343,2025-03-17,Electronics,Tablet,218.06,4,Peshawar,Credit Card,4.0
320,406,2025-02-07,Beauty,Face Wash,305.51,3,Faisalabad,Credit Card,5.0
321,1479,2025-03-17,Beauty,Lipstick,70.19,4,Multan,Cash on Delivery,5.0
322,347,2025-03-13,Fashion,Jeans,373.08,1,Quetta,Credit Card,1.0
323,262,2025-04-03,Books,Textbook,27.6,3,MULTAN  ,Credit Card,5.0
324,749,2025-05-21,Home & Kitchen,Table Lamp,239.77,1,MULTAN  ,Credit Card,1.0
325,892,2025-09-02,Home & Kitchen,Table Lamp,146.03,5,KARACHI  ,Debit Card,4.0
326,1368,2025-01-17,Electronics,Smartphone,48.11,1,Multan,Cash on Delivery,5.0
327,779,2025-05-07,Electronics,Tablet,27.2,3,Peshawar,Bank Transfer,4.0
328,1356,2025-04-19,Beauty,Lipstick,441.72,5,Faisalabad,Bank Transfer,4.0
329,103,2025-01-08,Books,Self-Help Book,477.25,5,Karachi,Cash on Delivery,1.0
330,727,2025-05-26,Books,Comic,25.08,4,Lahore,Wallet,4.0
331,485,2025-03-25,Beauty,Perfume,64.91,4,Karachi,Credit Card,4.0
332,41,2025-04-15,Home & Kitchen,Bedsheet,471.15,5,Lahore,Debit Card,5.0
333,910,2025-02-08,Books,Self-Help Book,319.87,1,Faisalabad,Cash on Delivery,5.0
334,1538,2025-10-23,Home & Kitchen,Mixer Grinder,,3,,,5.0
335,235,2025-08-01,Beauty,Lipstick,245.57,5,Peshawar,Credit Card,4.0
336,1318,2025-05-26,Electronics,Smartphone,423.57,3,Faisalabad,Cash on Delivery,2.0
337,1658,2025-10-15,Electronics,Tablet,297.19,4,Islamabad,Cash on Delivery,5.0
338,560,2025-04-28,Electronics,Headphones,11.09,3,Faisalabad,Wallet,5.0
339,933,2025-02-25,Fashion,Jacket,324.64,5,Karachi,Credit Card,
340,1226,2025-05-06,Home & Kitchen,Mixer Grinder,324.68,4,Islamabad,Credit Card,3.0
341,930,2025-01-31,Books,Textbook,421.65,4,Faisalabad,Credit Card,3.0
342,1400,2025-03-16,Books,Self-Help Book,488.84,3,Multan,Wallet,3.0
343,1258,2025-05-05,Home & Kitchen,Table Lamp,200.74,3,Quetta,Bank Transfer,4.0
344,125,2025-02-04,Books,Self-Help Book,188.35,4,Quetta,Wallet,
345,797,2025-04-19,Electronics,Smartphone,147.76,4,Peshawar,Wallet,
346,674,2025-02-11,Electronics,Smartphone,88.33,5,Lahore,Bank Transfer,3.0
347,942,2025-10-27,Electronics,Tablet,340.31,5,Islamabad,Wallet,4.0
348,1304,2025-04-21,Beauty,Lipstick,499.86,5,Lahore,Cash on Delivery,4.0
349,1123,2025-06-01,Books,Novel,440.76,1,Lahore,Cash on Delivery,4.0
350,1308,2025-06-13,Books,Textbook,427.02,5,Peshawar,Cash on Delivery,3.0
351,267,2025-09-03,Home & Kitchen,Mixer Grinder,179.96,4,Multan,Cash on Delivery,5.0
352,1208,2025-01-12,Books,Novel,141.5,2,Peshawar,Credit Card,
353,820,2025-08-16,Fashion,Jacket,432.46,2,Peshawar,Cash on Delivery,4.0
354,704,2025-06-28,Home & Kitchen,Bedsheet,248.7,2,Multan,Cash on Delivery,4.0
355,772,2025-02-17,Home & Kitchen,Bedsheet,404.26,3,Quetta,Credit Card,2.0
356,337,2025-03-04,Books,Novel,424.25,3,Peshawar,Cash on Delivery,4.0
357,1518,2025-01-22,Books,Comic,114.27,2,Multan,Cash on Delivery,5.0
358,320,2025-07-13,Fashion,Jeans,153.2,4,Karachi,Cash on Delivery,4.0
359,19,2025-04-23,Electronics,Headphones,104.32,2,Quetta,Cash on Delivery,5.0
360,1,2025-08-20,Electronics,Tablet,39.17,5,Multan,Wallet,5.0
361,547,2025-10-17,Electronics,Smartwatch,308.73,1,Peshawar,Wallet,4.0
362,1608,2025-06-22,Home & Kitchen,Bedsheet,59.94,4,Lahore,Bank Transfer,
363,1552,2025-06-11,Home & Kitchen,Cookware Set,342.47,1,Lahore,Wallet,5.0
364,450,2025-10-17,Beauty,Perfume,356.5,4,Quetta,Cash on Delivery,5.0
365,733,2025-08-21,Home & Kitchen,Cookware Set,293.71,1,Peshawar,Bank Transfer,2.0
366,1337,2025-07-02,Home & Kitchen,Mixer Grinder,381.01,1,QUETTA  ,Debit Card,5.0
367,160,2025-02-22,Beauty,Shampoo,265.51,2,Quetta,Wallet,3.0
368,1655,2025-09-05,Fashion,Jacket,83.52,2,Lahore,Cash on Delivery,4.0
369,991,2025-06-03,Electronics,Smartphone,98.57,5,Lahore,Credit Card,2.0
370,390,2025-06-06,Fashion,T-Shirt,127.18,1,FAISALABAD  ,Cash on Delivery,5.0
371,137,2025-04-10,Home & Kitchen,Bedsheet,422.14,4,Lahore,Cash on Delivery,4.0
372,691,2025-08-06,Electronics,Smartwatch,49.2,2,Multan,Credit Card,
373,175,2025-08-23,Electronics,Laptop,87.64,5,Multan,Bank Transfer,
374,1476,2025-01-21,Beauty,Lipstick,352.76,1,Faisalabad,Cash on Delivery,5.0
375,913,2025-02-10,Books,Self-Help Book,183.22,4,Islamabad,Debit Card,5.0
376,873,2025-01-13,Home & Kitchen,Table Lamp,30.92,1,Lahore,Bank Transfer,5.0
377,329,2025-04-10,Fashion,T-Shirt,435.53,1,Multan,Bank Transfer,2.0
378,274,2025-05-29,Electronics,Smartwatch,369.86,4,Faisalabad,Credit Card,5.0
379,227,2025-04-28,Beauty,Lipstick,335.1,1,Peshawar,Debit Card,5.0
380,558,2025-05-18,Books,Self-Help Book,124.73,2,Islamabad,Credit Card,5.0
381,1206,2025-06-20,Electronics,Smartwatch,137.0,5,Karachi,Wallet,2.0
382,119,2025-04-14,Fashion,T-Shirt,388.13,1,Faisalabad,Debit Card,5.0
383,175,2025-05-14,Books,Self-Help Book,404.54,2,Quetta,Bank Transfer,4.0
384,1662,2025-05-15,Fashion,Jacket,287.47,3,Faisalabad,Cash on Delivery,1.0
385,225,2025-08-02,Home & Kitchen,Table Lamp,305.04,5,Islamabad,Wallet,5.0
386,157,2025-07-24,Books,Novel,127.07,4,Quetta,Wallet,4.0
387,1626,2025-04-06,Fashion,Jacket,495.15,5,Faisalabad,Debit Card,5.0
388,233,2025-07-18,Beauty,Perfume,106.47,2,LAHORE  ,Credit Card,5.0
389,1325,2025-06-30,Fashion,Sneakers,141.74,5,Faisalabad,Wallet,5.0
390,564,2025-02-26,Electronics,Smartphone,171.98,4,Quetta,Credit Card,5.0
391,5,2025-09-05,Fashion,T-Shirt,251.17,1,Peshawar,Credit Card,
392,15,2025-10-04,Home & Kitchen,Cookware Set,180.36,2,Peshawar,Bank Transfer,5.0
393,302,2025-01-06,Fashion,Jeans,219.24,3,Multan,Wallet,5.0
394,331,2025-06-05,Beauty,Face Wash,397.61,3,Faisalabad,Credit Card,3.0
395,560,2025-03-31,Home & Kitchen,Table Lamp,206.3,3,Peshawar,Credit Card,4.0
396,274,2025-06-03,Books,Novel,298.81,2,Peshawar,Wallet,5.0
397,125,2025-10-26,Books,Comic,472.13,3,MULTAN  ,Debit Card,
398,8,2025-04-04,Books,Self-Help Book,387.68,4,Karachi,Cash on Delivery,5.0
399,1624,2025-03-27,Home & Kitchen,Table Lamp,382.97,5,Faisalabad,Credit Card,5.0
400,1536,2025-08-04,Beauty,Face Wash,278.24,3,Lahore,Wallet,3.0
401,613,2025-05-21,Home & Kitchen,Cookware Set,126.67,5,Multan,Debit Card,
402,1523,2025-04-03,Home & Kitchen,Cookware Set,249.86,1,Quetta,Credit Card,5.0
403,1630,2025-04-01,Beauty,Face Wash,459.62,1,Lahore,Credit Card,5.0
404,693,2025-04-24,Beauty,Face Wash,182.5,4,Karachi,Debit Card,5.0
405,1290,2025-04-15,Beauty,Shampoo,420.71,1,Multan,Debit Card,
406,733,2025-05-29,Fashion,Kurta,218.53,3,Islamabad,Wallet,5.0
407,700,2025-02-09,Home & Kitchen,Mixer Grinder,217.9,2,Multan,Bank Transfer,5.0
408,1423,2025-08-09,Fashion,Jacket,274.53,5,Karachi,Cash on Delivery,5.0
409,1529,2025-09-28,Beauty,Perfume,185.36,2,Islamabad,Bank Transfer,4.0
410,189,2025-01-24,Home & Kitchen,Table Lamp,364.74,5,Lahore,Wallet,3.0
411,471,2025-10-06,Electronics,Smartphone,27.47,4,Multan,Bank Transfer,4.0
412,681,2025-07-07,Books,Self-Help Book,5.01,1,PESHAWAR  ,Bank Transfer,5.0
413,212,2025-02-07,Books,Novel,119.06,3,Islamabad,Wallet,5.0
414,1367,2025-01-25,Books,Novel,306.77,5,Islamabad,Cash on Delivery,3.0
415,1575,2025-05-29,Home & Kitchen,Bedsheet,114.14,5,Karachi,Cash on Delivery,4.0
416,32,2025-05-19,Fashion,Jeans,87.82,1,Lahore,Credit Card,4.0
417,153,2025-04-12,Beauty,Lipstick,69.32,5,Karachi,Credit Card,5.0
418,1105,2025-04-14,Home & Kitchen,Table Lamp,466.8,2,Quetta,Cash on Delivery,5.0
419,1662,2025-09-08,Fashion,Kurta,175.58,2,Karachi,Bank Transfer,3.0
420,245,2025-03-17,Beauty,Shampoo,428.99,1,Quetta,Bank Transfer,
421,963,2025-02-01,Electronics,Smartphone,243.84,4,Faisalabad,Debit Card,1.0
422,1443,2025-10-16,Home & Kitchen,Table Lamp,10.65,2,Peshawar,Debit Card,4.0
423,1339,2025-06-17,Beauty,Shampoo,253.04,1,,Bank Transfer,5.0
424,390,2025-05-27,Home & Kitchen,Table Lamp,63.65,3,Faisalabad,Cash on Delivery,5.0
425,1119,2025-01-22,Electronics,Smartwatch,158.34,2,Islamabad,Credit Card,5.0
426,1015,2025-05-04,Home & Kitchen,Cookware Set,453.51,2,KARACHI  ,Credit Card,1.0
427,1307,2025-01-05,Books,Comic,208.77,1,Karachi,Wallet,4.0
428,1342,2025-01-19,Home & Kitchen,Mixer Grinder,46.54,1,Peshawar,Bank Transfer,2.0
429,1165,2025-05-08,Beauty,Face Wash,393.51,3,Peshawar,Bank Transfer,3.0
430,338,2025-02-26,Books,Textbook,470.93,1,,Bank Transfer,
431,1349,2025-03-23,Fashion,Jeans,489.58,1,Lahore,Wallet,4.0
432,1228,2025-09-23,Home & Kitchen,Mixer Grinder,41.65,3,LAHORE  ,Credit Card,5.0
433,586,2025-10-22,Fashion,Jacket,346.44,2,Islamabad,Bank Transfer,
434,553,2025-03-25,Beauty,Lipstick,50.57,4,Islamabad,Debit Card,4.0
435,1158,2025-03-14,Fashion,Sneakers,129.19,2,Karachi,Credit Card,5.0
436,258,2025-03-24,Home & Kitchen,Table Lamp,433.72,1,Lahore,Credit Card,3.0
437,947,2025-09-05,Home & Kitchen,Cookware Set,442.08,3,Peshawar,Wallet,5.0
438,284,2025-03-09,Electronics,Tablet,315.61,5,Quetta,Credit Card,5.0
439,1444,2025-10-15,Home & Kitchen,Mixer Grinder,364.23,2,Peshawar,Credit Card,4.0
440,690,2025-05-07,Home & Kitchen,Cookware Set,50.85,3,Karachi,Wallet,5.0
441,379,2025-09-05,Beauty,Face Wash,363.11,2,Faisalabad,Credit Card,5.0
442,212,2025-09-02,Electronics,Laptop,105.99,1,Quetta,Wallet,1.0
443,1390,2025-10-23,Electronics,Smartphone,139.05,2,ISLAMABAD  ,Bank Transfer,4.0
444,331,2025-02-07,Fashion,T-Shirt,299.43,2,Quetta,Cash on Delivery,4.0
445,387,2025-04-01,Books,Textbook,310.31,1,Peshawar,Cash on Delivery,5.0
446,509,2025-10-22,Electronics,Smartphone,294.3,1,Karachi,Wallet,4.0
447,568,2025-02-27,Books,Novel,394.75,2,Islamabad,Cash on Delivery,5.0
448,1650,2025-04-02,Fashion,Jacket,326.41,5,Lahore,Debit Card,5.0
449,1209,2025-03-29,Home & Kitchen,Cookware Set,104.54,5,Faisalabad,Wallet,3.0
450,934,2025-04-12,Home & Kitchen,Cookware Set,329.31,1,PESHAWAR  ,Bank Transfer,3.0
451,714,2025-04-19,Books,Novel,471.55,2,Quetta,Wallet,4.0
452,1153,2025-10-10,Beauty,Face Wash,158.35,4,Lahore,Credit Card,4.0
453,153,2025-02-05,Fashion,Jacket,414.92,5,PESHAWAR  ,Debit Card,4.0
454,881,2025-01-06,Fashion,T-Shirt,55.77,1,Islamabad,Bank Transfer,5.0
455,1450,2025-08-02,Electronics,Tablet,442.77,4,Karachi,Bank Transfer,4.0
456,1582,2025-09-04,Books,Textbook,195.48,5,Multan,Debit Card,5.0
457,1630,2025-07-28,Beauty,Perfume,84.87,1,Peshawar,Cash on Delivery,5.0
458,634,2025-04-25,Home & Kitchen,Cookware Set,180.36,4,Faisalabad,Debit Card,5.0
459,206,2025-04-28,Beauty,Lipstick,87.63,3,Quetta,Wallet,5.0
460,137,2025-01-19,Home & Kitchen,Mixer Grinder,210.81,1,Islamabad,Debit Card,4.0
461,946,2025-09-03,Fashion,T-Shirt,167.14,5,Karachi,Debit Card,1.0
462,1457,2025-10-22,Books,Textbook,250.37,5,Lahore,Credit Card,4.0
463,305,2025-04-13,Books,Self-Help Book,341.05,2,Multan,Credit Card,1.0
464,1561,2025-07-26,Electronics,Headphones,338.26,3,Multan,Bank Transfer,4.0
465,1168,2025-03-14,Fashion,Jacket,9.94,4,Karachi,Bank Transfer,5.0
466,1388,2025-07-18,Electronics,Headphones,170.15,1,PESHAWAR  ,Bank Transfer,3.0
467,429,2025-06-30,Fashion,T-Shirt,244.75,3,PESHAWAR  ,Credit Card,5.0
468,560,2025-08-27,Home & Kitchen,Table Lamp,107.94,4,Karachi,Wallet,5.0
469,1073,2025-02-14,Beauty,Face Wash,41.68,2,Peshawar,Wallet,
470,323,2025-03-03,Home & Kitchen,Cookware Set,113.96,3,Faisalabad,Cash on Delivery,4.0
471,1503,2025-08-23,Home & Kitchen,Cookware Set,355.84,3,Lahore,Credit Card,4.0
472,317,2025-05-16,Beauty,Perfume,56.32,1,Karachi,Debit Card,5.0
473,807,2025-07-28,Books,Self-Help Book,340.35,4,ISLAMABAD  ,Bank Transfer,4.0
474,571,2025-08-08,Beauty,Face Wash,89.09,1,Peshawar,Bank Transfer,3.0
475,1600,2025-09-02,Home & Kitchen,Mixer Grinder,388.28,2,Peshawar,Debit Card,4.0
476,267,2025-02-09,Books,Novel,139.12,3,Multan,Cash on Delivery,5.0
477,300,2025-08-06,Beauty,Perfume,374.15,1,Lahore,Debit Card,4.0
478,1342,2025-08-27,Fashion,Jeans,399.14,1,Islamabad,Cash on Delivery,5.0
479,156,2025-10-05,Electronics,Tablet,234.24,5,Lahore,Bank Transfer,5.0
480,887,2025-07-23,Beauty,Shampoo,97.92,4,Karachi,Wallet,4.0
481,534,2025-04-06,Books,Comic,21.67,5,Islamabad,Bank Transfer,5.0
482,56,2025-04-14,Fashion,T-Shirt,104.53,5,Multan,Debit Card,5.0
483,1206,2025-10-03,Home & Kitchen,Mixer Grinder,354.88,3,Faisalabad,Cash on Delivery,
484,573,2025-06-12,Home & Kitchen,Table Lamp,429.72,5,Quetta,Bank Transfer,4.0
485,459,2025-10-18,Home & Kitchen,Table Lamp,183.41,3,Peshawar,Debit Card,5.0
486,207,2025-01-03,Beauty,Shampoo,258.26,2,Multan,Bank Transfer,4.0
487,68,2025-06-20,Home & Kitchen,Mixer Grinder,495.39,3,Lahore,Debit Card,3.0
488,1072,2025-04-20,Electronics,Smartwatch,300.44,3,Lahore,Wallet,5.0
489,1587,2025-09-03,Home & Kitchen,Mixer Grinder,224.31,2,KARACHI  ,Debit Card,5.0
490,288,2025-06-04,Electronics,Headphones,230.11,2,Quetta,Debit Card,3.0
491,940,2025-02-28,Home & Kitchen,Mixer Grinder,252.68,1,Quetta,Credit Card,5.0
492,833,2025-07-12,Fashion,Sneakers,,4,,,2.0
493,93,2025-04-22,Fashion,T-Shirt,474.63,2,Karachi,Cash on Delivery,5.0
494,1142,2025-06-05,Beauty,Shampoo,344.42,3,Lahore,Bank Transfer,3.0
495,742,2025-03-16,Books,Novel,323.08,2,Faisalabad,Cash on Delivery,2.0
496,986,2025-04-26,Books,Textbook,46.86,4,Quetta,Cash on Delivery,4.0
497,1263,2025-06-30,Books,Comic,343.31,3,Quetta,Credit Card,
498,1258,2025-09-21,Beauty,Face Wash,,1,,,2.0
499,1333,2025-09-30,Beauty,Shampoo,487.79,1,Lahore,Bank Transfer,3.0
500,1095,2025-09-08,Home & Kitchen,Cookware Set,109.34,2,Faisalabad,Debit Card,4.0
501,783,2025-10-20,Fashion,Jacket,77.9,3,Peshawar,Credit Card,
502,360,2025-02-25,Beauty,Shampoo,,5,,,4.0
503,637,2025-04-11,Electronics,Smartwatch,154.73,4,Lahore,Wallet,3.0
504,1326,2025-07-11,Fashion,Sneakers,402.88,5,Peshawar,Debit Card,5.0
505,1136,2025-03-06,Home & Kitchen,Table Lamp,91.25,1,Quetta,Debit Card,5.0
506,184,2025-03-30,Fashion,Kurta,185.09,5,Lahore,Cash on Delivery,
507,1295,2025-02-01,Electronics,Laptop,27.26,5,Karachi,Wallet,1.0
508,845,2025-02-07,Books,Self-Help Book,372.11,4,Islamabad,Wallet,4.0
509,1042,2025-07-06,Home & Kitchen,Table Lamp,66.0,4,Karachi,Bank Transfer,5.0
510,1414,2025-07-07,Electronics,Tablet,286.03,1,Lahore,Wallet,
511,1211,2025-02-22,Electronics,Tablet,74.91,4,Peshawar,Cash on Delivery,4.0
512,738,2025-07-19,Books,Self-Help Book,452.08,5,Quetta,Credit Card,5.0
513,387,2025-06-26,Home & Kitchen,Cookware Set,447.52,4,Islamabad,Bank Transfer,5.0
514,1151,2025-09-07,Beauty,Face Wash,114.15,5,Faisalabad,Wallet,1.0
515,276,2025-09-30,Fashion,Jeans,191.38,1,Lahore,Debit Card,
516,1135,2025-06-05,Home & Kitchen,Cookware Set,454.68,5,KARACHI  ,Bank Transfer,3.0
517,1535,2025-04-06,Fashion,Jeans,300.47,5,Lahore,Bank Transfer,5.0
518,1195,2025-04-22,Fashion,Kurta,20.08,5,Quetta,Credit Card,5.0
519,1225,2025-02-22,Beauty,Lipstick,236.82,4,Quetta,Wallet,4.0
520,649,2025-02-13,Electronics,Smartwatch,420.39,1,Islamabad,Cash on Delivery,4.0
521,1505,2025-03-13,Electronics,Smartwatch,387.82,1,Islamabad,Wallet,4.0
522,139,2025-08-09,Fashion,Sneakers,286.39,1,Multan,Bank Transfer,5.0
523,493,2025-08-15,Fashion,Kurta,414.29,1,Islamabad,Cash on Delivery,4.0
524,1474,2025-06-05,Books,Comic,335.59,3,Islamabad,Credit Card,5.0
525,1574,2025-09-01,Beauty,Perfume,473.84,3,Faisalabad,Debit Card,
526,1293,2025-04-15,Beauty,Perfume,10.09,1,Faisalabad,Wallet,
527,1379,2025-10-11,Fashion,Jacket,75.42,3,Karachi,Debit Card,4.0
528,968,2025-05-17,Electronics,Smartwatch,469.8,2,QUETTA  ,Wallet,4.0
529,1535,2025-04-28,Books,Novel,253.25,2,Lahore,Credit Card,5.0
530,152,2025-10-10,Fashion,Sneakers,409.62,2,Karachi,Cash on Delivery,4.0
531,1306,2025-05-20,Books,Textbook,359.97,2,Quetta,Wallet,4.0
532,1602,2025-05-29,Electronics,Smartphone,96.39,2,Karachi,Wallet,5.0
533,1505,2025-05-23,Books,Self-Help Book,62.88,5,Lahore,Debit Card,3.0
534,984,2025-03-11,Electronics,Tablet,62.71,5,Karachi,Cash on Delivery,4.0
535,530,2025-08-02,Beauty,Lipstick,57.4,3,Quetta,Cash on Delivery,4.0
536,1204,2025-03-02,Fashion,T-Shirt,10.35,3,Multan,Debit Card,5.0
537,443,2025-07-16,Books,Textbook,490.38,5,Karachi,Cash on Delivery,5.0
538,819,2025-04-18,Electronics,Smartwatch,331.07,4,Faisalabad,Debit Card,5.0
539,1462,2025-04-13,Books,Novel,214.66,1,Quetta,Debit Card,4.0
540,857,2025-04-21,Fashion,Jacket,347.55,5,Karachi,Credit Card,3.0
541,405,2025-07-27,Fashion,Jeans,373.86,3,Peshawar,Credit Card,4.0
542,657,2025-09-19,Fashion,Kurta,418.12,5,Islamabad,Bank Transfer,5.0
543,269,2025-06-12,Books,Comic,232.27,5,Faisalabad,Bank Transfer,
544,26,2025-01-20,Electronics,Smartphone,468.87,2,Peshawar,Cash on Delivery,5.0
545,785,2025-02-13,Fashion,Jacket,464.41,5,Quetta,Cash on Delivery,5.0
546,1361,2025-04-10,Beauty,Lipstick,325.88,4,Islamabad,Debit Card,5.0
547,145,2025-03-06,Books,Novel,450.13,2,Islamabad,Wallet,4.0
548,880,2025-10-23,Fashion,Kurta,112.39,4,Islamabad,Wallet,
549,858,2025-07-13,Beauty,Face Wash,88.26,5,Quetta,Cash on Delivery,4.0
550,201,2025-09-21,Home & Kitchen,Bedsheet,159.96,2,Quetta,Wallet,
551,1337,2025-08-18,Fashion,Kurta,146.42,2,Lahore,Debit Card,5.0
552,572,2025-05-31,Books,Comic,224.73,5,MULTAN  ,Debit Card,4.0
553,1117,2025-05-26,Beauty,Shampoo,457.96,2,Quetta,Debit Card,5.0
554,1236,2025-04-16,Books,Self-Help Book,111.53,3,Islamabad,Cash on Delivery,
555,1476,2025-08-02,Beauty,Lipstick,120.78,3,Peshawar,Cash on Delivery,
556,759,2025-01-03,Beauty,Perfume,,3,,,3.0
557,113,2025-10-06,Electronics,Laptop,155.72,1,Lahore,Cash on Delivery,5.0
558,884,2025-08-25,Books,Comic,275.5,1,Quetta,Credit Card,5.0
559,1518,2025-01-25,Fashion,T-Shirt,199.59,1,Peshawar,Cash on Delivery,5.0
560,99,2025-08-02,Fashion,Jeans,121.32,5,Multan,Credit Card,4.0
561,121,2025-09-29,Fashion,Jacket,212.72,3,Karachi,Cash on Delivery,4.0
562,656,2025-08-27,Books,Comic,10.59,4,Lahore,Wallet,4.0
563,642,2025-10-10,Beauty,Lipstick,35.63,3,Quetta,Wallet,4.0
564,1087,2025-01-08,Home & Kitchen,Mixer Grinder,116.04,4,Multan,Debit Card,3.0
565,1199,2025-03-12,Beauty,Perfume,435.99,2,Multan,Wallet,4.0
566,195,2025-10-02,Books,Novel,244.77,4,Multan,Debit Card,4.0
567,1335,2025-10-08,Books,Comic,81.18,4,Peshawar,Wallet,4.0
568,950,2025-10-02,Fashion,Kurta,22.16,5,Quetta,Debit Card,3.0
569,534,2025-08-19,Books,Textbook,171.97,4,Islamabad,Cash on Delivery,5.0
570,1359,2025-10-15,Beauty,Lipstick,413.9,1,FAISALABAD  ,Debit Card,4.0
571,638,2025-10-27,Beauty,Lipstick,269.9,2,Lahore,Bank Transfer,
572,1171,2025-07-08,Fashion,Jacket,88.69,3,Quetta,Cash on Delivery,
573,1162,2025-09-30,Fashion,Sneakers,216.61,4,PESHAWAR  ,Bank Transfer,4.0
574,887,2025-04-05,Electronics,Headphones,54.28,2,KARACHI  ,Credit Card,4.0
575,1205,2025-04-16,Electronics,Smartwatch,383.85,2,Faisalabad,Wallet,2.0
576,818,2025-07-14,Home & Kitchen,Table Lamp,338.55,5,Faisalabad,Cash on Delivery,5.0
577,656,2025-06-15,Electronics,Laptop,7.68,4,Faisalabad,Credit Card,1.0
578,298,2025-02-11,Fashion,Jacket,120.5,5,Quetta,Bank Transfer,5.0
579,185,2025-10-10,Books,Self-Help Book,425.48,3,Karachi,Debit Card,3.0
580,12,2025-07-20,Electronics,Laptop,169.33,4,Lahore,Credit Card,4.0
581,60,2025-05-04,Beauty,Lipstick,389.84,3,Faisalabad,Cash on Delivery,5.0
582,1309,2025-06-05,Electronics,Laptop,403.96,5,Faisalabad,Bank Transfer,1.0
583,622,2025-08-04,Books,Self-Help Book,49.49,2,Peshawar,Debit Card,
584,1478,2025-01-22,Beauty,Perfume,358.79,4,Peshawar,Bank Transfer,
585,941,2025-10-21,Electronics,Smartphone,341.42,2,Islamabad,Bank Transfer,4.0
586,1476,2025-08-19,Home & Kitchen,Mixer Grinder,166.28,3,Quetta,Wallet,4.0
587,1166,2025-06-18,Books,Comic,68.05,4,Peshawar,Wallet,5.0
588,372,2025-07-25,Books,Comic,324.23,3,Quetta,Cash on Delivery,1.0
589,476,2025-09-08,Home & Kitchen,Mixer Grinder,130.97,5,Faisalabad,Cash on Delivery,5.0
590,1535,2025-08-07,Books,Self-Help Book,276.69,2,Karachi,Credit Card,4.0
591,566,2025-02-23,Home & Kitchen,Bedsheet,224.83,5,Lahore,Cash on Delivery,5.0
592,58,2025-07-13,Home & Kitchen,Mixer Grinder,240.85,1,Multan,Wallet,5.0
593,947,2025-06-12,Books,Textbook,185.51,4,Multan,Cash on Delivery,3.0
594,276,2025-08-31,Beauty,Face Wash,377.97,4,Peshawar,Cash on Delivery,5.0
595,653,2025-03-27,Books,Comic,338.48,1,FAISALABAD  ,Wallet,4.0
596,1067,2025-07-19,Books,Self-Help Book,102.14,4,Lahore,Debit Card,3.0
597,1101,2025-07-30,Fashion,Sneakers,272.98,4,Quetta,Cash on Delivery,5.0
598,1066,2025-10-02,Home & Kitchen,Cookware Set,410.93,2,PESHAWAR  ,Wallet,4.0
599,1601,2025-02-21,Fashion,Jacket,488.63,3,Peshawar,Cash on Delivery,
600,652,2025-02-15,Beauty,Face Wash,182.52,5,Multan,Credit Card,
601,1590,2025-03-16,Books,Self-Help Book,169.02,4,Karachi,Debit Card,4.0
602,791,2025-01-26,Electronics,Tablet,162.4,3,Karachi,Bank Transfer,4.0
603,334,2025-09-30,Beauty,Perfume,35.25,4,Islamabad,Wallet,4.0
604,358,2025-03-05,Electronics,Headphones,196.7,5,Peshawar,Wallet,4.0
605,1543,2025-06-18,Electronics,Laptop,326.14,2,Lahore,Debit Card,4.0
606,742,2025-01-01,Books,Self-Help Book,434.74,1,Faisalabad,Bank Transfer,5.0
607,644,2025-09-17,Beauty,Face Wash,108.37,2,Karachi,Debit Card,5.0
608,920,2025-09-01,Home & Kitchen,Table Lamp,402.49,2,Islamabad,Cash on Delivery,5.0
609,1180,2025-02-16,Electronics,Laptop,151.68,3,Islamabad,Cash on Delivery,4.0
610,1575,2025-02-08,Books,Novel,470.09,2,Karachi,Wallet,4.0
611,108,2025-01-18,Home & Kitchen,Cookware Set,458.32,4,Lahore,Bank Transfer,3.0
612,383,2025-08-25,Books,Novel,438.19,2,Peshawar,Wallet,2.0
613,607,2025-02-02,Home & Kitchen,Mixer Grinder,497.84,1,Lahore,Bank Transfer,5.0
614,905,2025-09-04,Home & Kitchen,Bedsheet,437.57,4,Multan,Credit Card,5.0
615,770,2025-06-21,Books,Comic,323.76,5,Peshawar,Debit Card,5.0
616,422,2025-04-05,Home & Kitchen,Cookware Set,112.08,1,LAHORE  ,Cash on Delivery,5.0
617,881,2025-06-21,Fashion,Jacket,254.26,2,Quetta,Debit Card,5.0
618,1591,2025-08-12,Electronics,Tablet,127.46,4,Faisalabad,Cash on Delivery,5.0
619,429,2025-08-03,Electronics,Laptop,410.71,5,Multan,Debit Card,4.0
620,1275,2025-05-03,Home & Kitchen,Cookware Set,334.93,5,Quetta,Cash on Delivery,3.0
621,975,2025-04-21,Beauty,Face Wash,301.01,4,Peshawar,Bank Transfer,
622,520,2025-06-24,Home & Kitchen,Table Lamp,420.38,4,Faisalabad,Cash on Delivery,2.0
623,1040,2025-01-15,Books,Textbook,285.18,1,Quetta,Debit Card,3.0
624,1452,2025-07-27,Electronics,Tablet,27.56,3,Peshawar,Credit Card,2.0
625,1489,2025-10-06,Beauty,Face Wash,,1,,,
626,1579,2025-04-02,Fashion,Kurta,279.59,2,Islamabad,Cash on Delivery,5.0
627,732,2025-01-06,Electronics,Smartwatch,171.01,1,Quetta,Bank Transfer,4.0
628,1142,2025-03-07,Electronics,Smartwatch,310.68,2,Lahore,Bank Transfer,4.0
629,973,2025-07-22,Beauty,Lipstick,143.9,1,Islamabad,Cash on Delivery,4.0
630,1452,2025-02-20,Fashion,Kurta,247.49,1,Islamabad,Cash on Delivery,4.0
631,699,2025-06-29,Beauty,Shampoo,189.2,4,Multan,Credit Card,
632,127,2025-05-06,Home & Kitchen,Cookware Set,210.83,5,Quetta,Wallet,
633,419,2025-08-02,Beauty,Shampoo,201.02,4,Multan,Debit Card,
634,65,2025-03-05,Electronics,Smartphone,180.42,3,Quetta,Cash on Delivery,5.0
635,1487,2025-04-13,Books,Comic,84.92,1,Quetta,Cash on Delivery,5.0
636,1327,2025-05-15,Fashion,Sneakers,17.47,2,Lahore,Wallet,5.0
637,245,2025-03-31,Home & Kitchen,Mixer Grinder,285.86,5,Multan,Bank Transfer,4.0
638,629,2025-01-25,Beauty,Face Wash,35.16,4,Lahore,Debit Card,4.0
639,1021,2025-03-16,Home & Kitchen,Mixer Grinder,368.63,5,Peshawar,Debit Card,
640,1249,2025-08-29,Books,Comic,50.25,2,Faisalabad,Bank Transfer,3.0
641,1,2025-05-06,Home & Kitchen,Cookware Set,102.17,5,Islamabad,Debit Card,5.0
642,723,2025-05-09,Fashion,Kurta,307.76,3,Lahore,Cash on Delivery,3.0
643,1463,2025-02-14,Beauty,Shampoo,195.44,1,Peshawar,Bank Transfer,4.0
644,551,2025-01-30,Electronics,Headphones,362.92,2,Karachi,Wallet,5.0
645,1353,2025-07-10,Beauty,Face Wash,304.4,4,Karachi,Bank Transfer,5.0
646,272,2025-03-10,Beauty,Face Wash,169.73,1,Quetta,Bank Transfer,5.0
647,1629,2025-04-19,Fashion,Jeans,466.21,2,Lahore,Bank Transfer,4.0
648,191,2025-04-27,Home & Kitchen,Table Lamp,119.39,1,Islamabad,Cash on Delivery,
649,1188,2025-02-06,Fashion,Kurta,252.53,4,LAHORE  ,Wallet,5.0
650,1154,2025-10-06,Beauty,Lipstick,341.84,4,QUETTA  ,Bank Transfer,
651,197,2025-10-14,Fashion,Sneakers,384.1,1,Lahore,Wallet,4.0
652,1154,2025-08-08,Electronics,Tablet,482.78,2,Lahore,Cash on Delivery,4.0
653,886,2025-08-02,Fashion,Sneakers,160.07,5,Islamabad,Wallet,4.0
654,1039,2025-07-02,Electronics,Smartwatch,376.88,3,Peshawar,Credit Card,5.0
655,1566,2025-05-24,Beauty,Lipstick,172.92,1,Quetta,Cash on Delivery,4.0
656,1524,2025-07-10,Beauty,Shampoo,245.4,1,Multan,Bank Transfer,5.0
657,548,2025-08-03,Fashion,Jeans,77.61,2,Peshawar,Bank Transfer,4.0
658,1562,2025-10-11,Electronics,Headphones,125.57,2,Islamabad,Cash on Delivery,5.0
659,688,2025-06-28,Home & Kitchen,Cookware Set,167.77,3,FAISALABAD  ,Cash on Delivery,5.0
660,669,2025-02-04,Books,Novel,372.28,4,Islamabad,Cash on Delivery,3.0
661,464,2025-03-28,Home & Kitchen,Mixer Grinder,425.3,4,Karachi,Cash on Delivery,5.0
662,690,2025-07-06,Books,Novel,203.89,5,Quetta,Credit Card,4.0
663,224,2025-04-26,Books,Textbook,466.58,3,PESHAWAR  ,Bank Transfer,
664,1048,2025-02-19,Electronics,Smartwatch,73.93,2,Peshawar,Debit Card,2.0
665,562,2025-07-09,Home & Kitchen,Bedsheet,317.53,3,Quetta,Bank Transfer,4.0
666,1280,2025-09-26,Books,Textbook,10.3,1,Karachi,Debit Card,4.0
667,889,2025-07-11,Beauty,Perfume,89.94,2,Multan,Credit Card,3.0
668,386,2025-02-25,Home & Kitchen,Cookware Set,41.32,1,Peshawar,Bank Transfer,4.0
669,1046,2025-05-02,Books,Novel,101.88,2,Karachi,Cash on Delivery,4.0
670,1156,2025-03-22,Fashion,Jeans,258.87,2,Quetta,Credit Card,4.0
671,1552,2025-07-20,Beauty,Shampoo,191.33,5,Multan,Debit Card,4.0
672,612,2025-06-06,Electronics,Headphones,258.92,2,Peshawar,Cash on Delivery,2.0
673,895,2025-09-17,Fashion,T-Shirt,218.12,4,Multan,Debit Card,2.0
674,161,2025-08-16,Home & Kitchen,Table Lamp,360.77,1,Faisalabad,Debit Card,2.0
675,13,2025-04-23,Fashion,T-Shirt,45.18,5,Multan,Cash on Delivery,5.0
676,1103,2025-10-13,Fashion,T-Shirt,387.73,3,LAHORE  ,Debit Card,4.0
677,248,2025-07-12,Home & Kitchen,Bedsheet,163.76,2,Faisalabad,Credit Card,5.0
678,917,2025-09-08,Home & Kitchen,Mixer Grinder,269.66,1,Quetta,Wallet,
679,1152,2025-03-06,Home & Kitchen,Cookware Set,452.55,3,Peshawar,Credit Card,3.0
680,951,2025-01-22,Home & Kitchen,Cookware Set,115.84,5,Islamabad,Wallet,5.0
681,554,2025-09-04,Home & Kitchen,Mixer Grinder,57.87,2,Lahore,Credit Card,4.0
682,1592,2025-10-18,Electronics,Headphones,145.39,1,Lahore,Bank Transfer,2.0
683,710,2025-08-07,Books,Novel,43.54,3,Multan,Bank Transfer,3.0
684,1078,2025-03-06,Home & Kitchen,Mixer Grinder,,4,,,5.0
685,535,2025-04-18,Electronics,Smartphone,490.49,5,Quetta,Debit Card,4.0
686,590,2025-01-02,Beauty,Perfume,225.5,3,LAHORE  ,Debit Card,4.0
687,1174,2025-05-09,Books,Textbook,371.04,4,Peshawar,Bank Transfer,4.0
688,902,2025-02-13,Home & Kitchen,Cookware Set,209.69,2,Islamabad,Debit Card,5.0
689,567,2025-03-10,Beauty,Face Wash,199.15,1,Multan,Debit Card,5.0
690,1178,2025-02-03,Electronics,Tablet,385.15,3,Karachi,Credit Card,5.0
691,32,2025-04-15,Home & Kitchen,Cookware Set,349.8,3,Karachi,Bank Transfer,4.0
692,226,2025-05-06,Fashion,Jeans,345.96,5,Faisalabad,Credit Card,4.0
693,56,2025-10-11,Home & Kitchen,Bedsheet,295.32,3,KARACHI  ,Cash on Delivery,5.0
694,114,2025-08-03,Fashion,Jacket,442.42,1,Faisalabad,Debit Card,4.0
695,101,2025-06-15,Fashion,T-Shirt,183.4,5,Karachi,Bank Transfer,5.0
696,728,2025-05-17,Electronics,Smartphone,455.86,2,Faisalabad,Credit Card,3.0
697,1365,2025-06-01,Fashion,Jeans,275.61,5,Lahore,Bank Transfer,5.0
698,101,2025-03-14,Fashion,Jacket,301.69,1,Peshawar,Credit Card,3.0
699,1019,2025-04-18,Beauty,Perfume,370.27,3,Karachi,Bank Transfer,4.0
700,247,2025-01-26,Beauty,Face Wash,373.23,4,Karachi,Debit Card,4.0
701,338,2025-10-25,Beauty,Face Wash,415.55,3,ISLAMABAD  ,Credit Card,4.0
702,831,2025-02-24,Beauty,Face Wash,363.93,1,Lahore,Cash on Delivery,
703,1654,2025-07-08,Beauty,Face Wash,313.49,4,Peshawar,Credit Card,2.0
704,1224,2025-05-14,Fashion,Jeans,375.74,4,Faisalabad,Credit Card,4.0
705,1358,2025-05-01,Fashion,Jeans,149.5,2,Multan,Wallet,4.0
706,459,2025-10-13,Beauty,Shampoo,308.51,4,Karachi,Wallet,
707,1614,2025-08-24,Electronics,Tablet,129.83,2,Lahore,Bank Transfer,4.0
708,1602,2025-10-06,Beauty,Shampoo,15.93,5,KARACHI  ,Wallet,5.0
709,558,2025-10-23,Beauty,Lipstick,302.12,4,LAHORE  ,Wallet,4.0
710,1580,2025-07-11,Home & Kitchen,Cookware Set,325.99,5,Faisalabad,Debit Card,4.0
711,1397,2025-09-19,Home & Kitchen,Cookware Set,199.85,3,Faisalabad,Cash on Delivery,5.0
712,647,2025-05-23,Books,Textbook,424.54,3,Islamabad,Debit Card,5.0
713,1033,2025-01-17,Books,Novel,319.49,5,Lahore,Bank Transfer,5.0
714,422,2025-02-04,Electronics,Headphones,429.68,5,Quetta,Debit Card,
715,1262,2025-05-02,Beauty,Lipstick,268.45,2,Karachi,Credit Card,5.0
716,780,2025-04-16,Home & Kitchen,Mixer Grinder,33.37,2,Multan,Credit Card,
717,642,2025-09-19,Books,Comic,65.1,2,Multan,Cash on Delivery,4.0
718,841,2025-05-19,Electronics,Smartwatch,206.91,2,Faisalabad,Bank Transfer,5.0
719,1136,2025-09-10,Books,Textbook,96.96,5,Peshawar,Debit Card,4.0
720,1330,2025-08-04,Books,Textbook,39.51,4,Quetta,Credit Card,4.0
721,86,2025-05-25,Books,Textbook,171.48,2,Islamabad,Debit Card,2.0
722,1144,2025-02-26,Home & Kitchen,Cookware Set,486.37,5,PESHAWAR  ,Credit Card,4.0
723,756,2025-10-10,Beauty,Face Wash,419.55,2,Lahore,Credit Card,5.0
724,25,2025-02-26,Fashion,Jeans,64.01,2,Faisalabad,Bank Transfer,5.0
725,258,2025-08-17,Electronics,Tablet,134.89,1,Lahore,Wallet,4.0
726,402,2025-01-30,Fashion,Kurta,169.55,5,Faisalabad,Bank Transfer,3.0
727,139,2025-06-13,Beauty,Face Wash,434.94,2,KARACHI  ,Bank Transfer,5.0
728,915,2025-10-06,Beauty,Perfume,344.16,3,Islamabad,Credit Card,3.0
729,1017,2025-04-22,Fashion,Kurta,245.39,1,Multan,Debit Card,5.0
730,1283,2025-07-05,Books,Comic,426.76,3,Lahore,Wallet,
731,594,2025-09-15,Beauty,Shampoo,191.61,4,Quetta,Bank Transfer,4.0
732,16,2025-02-01,Fashion,Jacket,22.43,4,Quetta,Bank Transfer,5.0
733,845,2025-05-23,Home & Kitchen,Cookware Set,139.42,2,Lahore,Wallet,5.0
734,710,2025-04-18,Beauty,Face Wash,239.71,3,LAHORE  ,Bank Transfer,2.0
735,496,2025-08-07,Books,Novel,130.0,1,Quetta,Bank Transfer,3.0
736,68,2025-10-27,Books,Comic,420.11,5,Faisalabad,Debit Card,5.0
737,1545,2025-07-01,Electronics,Smartwatch,271.49,4,Faisalabad,Cash on Delivery,3.0
738,615,2025-03-19,Fashion,Kurta,470.96,2,Islamabad,Debit Card,4.0
739,71,2025-09-13,Books,Novel,351.9,5,Islamabad,Debit Card,2.0
740,1619,2025-01-04,Books,Novel,124.92,2,Quetta,Debit Card,2.0
741,215,2025-04-11,Beauty,Face Wash,191.71,4,Islamabad,Credit Card,5.0
742,1534,2025-04-15,Fashion,Sneakers,113.29,2,Peshawar,Wallet,4.0
743,1231,2025-04-26,Books,Self-Help Book,149.39,4,MULTAN  ,Debit Card,4.0
744,368,2025-06-23,Fashion,T-Shirt,477.2,3,Lahore,Debit Card,5.0
745,59,2025-02-18,Beauty,Face Wash,208.31,2,QUETTA  ,Cash on Delivery,5.0
746,474,2025-01-27,Electronics,Smartwatch,293.12,5,Faisalabad,Wallet,4.0
747,1393,2025-08-30,Home & Kitchen,Cookware Set,46.2,1,Quetta,Wallet,2.0
748,708,2025-09-03,Books,Textbook,439.49,2,Multan,Wallet,2.0
749,165,2025-02-06,Beauty,Shampoo,203.84,1,Multan,Cash on Delivery,4.0
750,868,2025-10-27,Fashion,Jacket,359.11,3,Quetta,Credit Card,3.0
751,546,2025-02-11,Beauty,Lipstick,411.17,2,KARACHI  ,Bank Transfer,2.0
752,1546,2025-05-08,Fashion,Jeans,356.29,4,Islamabad,Bank Transfer,3.0
753,1102,2025-02-18,Beauty,Face Wash,96.23,5,Karachi,Credit Card,5.0
754,1469,2025-03-04,Electronics,Smartwatch,468.23,3,Islamabad,Wallet,5.0
755,1016,2025-02-12,Books,Self-Help Book,447.19,5,Karachi,Wallet,4.0
756,897,2025-01-21,Fashion,T-Shirt,393.67,3,Faisalabad,Wallet,4.0
757,1541,2025-07-17,Electronics,Smartwatch,75.69,2,Karachi,Bank Transfer,5.0
758,237,2025-08-15,Electronics,Smartphone,32.21,5,Karachi,Cash on Delivery,5.0
759,55,2025-04-19,Books,Self-Help Book,41.8,4,Lahore,Bank Transfer,4.0
760,973,2025-10-02,Home & Kitchen,Mixer Grinder,176.86,1,Islamabad,Debit Card,
761,1041,2025-03-04,Beauty,Face Wash,16.9,2,Peshawar,Wallet,5.0
762,1490,2025-03-22,Books,Comic,147.32,3,Quetta,Wallet,3.0
763,204,2025-07-15,Beauty,Perfume,423.28,5,Islamabad,Bank Transfer,5.0
764,780,2025-04-09,Electronics,Headphones,71.0,3,Quetta,Credit Card,5.0
765,271,2025-08-02,Beauty,Face Wash,,-1,,,4.0
766,725,2025-01-10,Beauty,Face Wash,116.07,1,Quetta,Cash on Delivery,1.0
767,1170,2025-08-08,Beauty,Perfume,423.17,3,Lahore,Cash on Delivery,3.0
768,428,2025-02-07,Books,Self-Help Book,227.8,2,Islamabad,Credit Card,5.0
769,594,2025-06-07,Home & Kitchen,Bedsheet,127.58,4,Faisalabad,Wallet,4.0
770,194,2025-06-15,Beauty,Shampoo,265.42,4,Quetta,Wallet,5.0
771,1159,2025-04-16,Electronics,Smartphone,161.24,4,Multan,Wallet,3.0
772,658,2025-05-02,Beauty,Shampoo,390.79,4,Karachi,Wallet,4.0
773,1276,2025-07-17,Electronics,Headphones,193.54,2,Lahore,Bank Transfer,5.0
774,1102,2025-01-03,Fashion,Jacket,408.32,5,Peshawar,Debit Card,3.0
775,1117,2025-01-04,Books,Textbook,177.17,5,Lahore,Credit Card,4.0
776,992,2025-07-24,Home & Kitchen,Mixer Grinder,353.5,3,Islamabad,Bank Transfer,4.0
777,955,2025-06-17,Beauty,Shampoo,212.08,4,Peshawar,Cash on Delivery,4.0
778,1320,2025-06-04,Beauty,Face Wash,50.29,5,Peshawar,Credit Card,3.0
779,770,2025-03-07,Electronics,Headphones,9.86,4,Faisalabad,Wallet,5.0
780,439,2025-08-04,Fashion,Sneakers,431.79,4,Multan,Wallet,5.0
781,693,2025-04-30,Books,Novel,286.65,5,Lahore,Credit Card,4.0
782,259,2025-01-11,Books,Comic,134.05,2,Peshawar,Bank Transfer,5.0
783,162,2025-08-25,Fashion,Jacket,225.09,3,Quetta,Bank Transfer,4.0
784,441,2025-07-18,Electronics,Smartwatch,31.1,1,QUETTA  ,Credit Card,4.0
785,1115,2025-08-02,Books,Comic,312.45,2,Faisalabad,Credit Card,4.0
786,1608,2025-10-16,Electronics,Tablet,290.79,4,Peshawar,Debit Card,5.0
787,1502,2025-03-20,Fashion,Kurta,252.1,2,LAHORE  ,Cash on Delivery,5.0
788,16,2025-04-08,Fashion,T-Shirt,56.63,3,Faisalabad,Debit Card,5.0
789,1399,2025-05-28,Electronics,Headphones,220.66,5,Multan,Cash on Delivery,4.0
790,128,2025-07-06,Books,Comic,225.2,5,Peshawar,Bank Transfer,
791,224,2025-03-05,Fashion,Kurta,356.62,3,Multan,Bank Transfer,3.0
792,1027,2025-01-11,Beauty,Perfume,395.6,5,Karachi,Debit Card,2.0
793,1575,2025-04-01,Electronics,Tablet,487.35,2,Faisalabad,Cash on Delivery,5.0
794,447,2025-04-13,Home & Kitchen,Mixer Grinder,68.53,4,KARACHI  ,Credit Card,5.0
795,703,2025-05-06,Beauty,Lipstick,184.34,2,Faisalabad,Bank Transfer,4.0
796,258,2025-01-10,Books,Novel,234.49,5,Lahore,Wallet,4.0
797,1519,2025-08-06,Books,Novel,486.42,1,Multan,Bank Transfer,5.0
798,1608,2025-05-24,Beauty,Perfume,174.81,3,Karachi,Bank Transfer,3.0
799,208,2025-06-04,Books,Textbook,232.36,5,Peshawar,Debit Card,4.0
800,1198,2025-04-27,Home & Kitchen,Cookware Set,469.14,1,Quetta,Bank Transfer,4.0
801,248,2025-01-31,Books,Textbook,29.14,2,Lahore,Credit Card,5.0
802,1418,2025-03-25,Electronics,Laptop,293.31,4,Multan,Bank Transfer,2.0
803,848,2025-08-13,Electronics,Tablet,265.1,5,Karachi,Credit Card,4.0
804,1626,2025-08-08,Home & Kitchen,Table Lamp,223.17,1,,Bank Transfer,5.0
805,873,2025-01-25,Fashion,Jacket,67.42,2,Karachi,Bank Transfer,5.0
806,948,2025-03-08,Fashion,Jeans,174.93,5,Peshawar,Bank Transfer,4.0
807,826,2025-07-23,Books,Self-Help Book,353.12,2,Peshawar,Bank Transfer,4.0
808,1233,2025-04-26,Beauty,Face Wash,218.83,5,Multan,Credit Card,3.0
809,982,2025-01-24,Home & Kitchen,Table Lamp,312.51,5,Quetta,Debit Card,5.0
810,16,2025-07-26,Beauty,Shampoo,378.09,3,Quetta,Credit Card,4.0
811,115,2025-03-16,Electronics,Laptop,456.26,5,Lahore,Debit Card,4.0
812,1239,2025-07-23,Fashion,Jeans,417.35,3,QUETTA  ,Credit Card,5.0
813,1615,2025-10-03,Books,Textbook,106.78,4,LAHORE  ,Bank Transfer,
814,1025,2025-04-22,Beauty,Face Wash,237.18,3,Peshawar,Wallet,3.0
815,595,2025-01-22,Electronics,Laptop,398.81,3,Islamabad,Bank Transfer,3.0
816,68,2025-06-18,Books,Textbook,462.25,5,Lahore,Debit Card,5.0
817,1583,2025-03-26,Beauty,Lipstick,136.72,2,Karachi,Wallet,5.0
818,101,2025-04-09,Electronics,Smartphone,95.79,3,Lahore,Debit Card,4.0
819,755,2025-08-17,Beauty,Perfume,115.69,3,Lahore,Wallet,5.0
820,1413,2025-02-01,Beauty,Lipstick,382.25,2,Lahore,Cash on Delivery,3.0
821,1457,2025-05-26,Books,Self-Help Book,130.15,4,Karachi,Credit Card,1.0
822,1167,2025-06-06,Fashion,T-Shirt,161.28,2,Quetta,Bank Transfer,4.0
823,1196,2025-09-27,Fashion,T-Shirt,449.58,3,Islamabad,Cash on Delivery,5.0
824,874,2025-02-27,Fashion,Kurta,455.23,4,Karachi,Credit Card,4.0
825,1486,2025-10-20,Beauty,Lipstick,341.05,4,Faisalabad,Debit Card,5.0
826,557,2025-05-06,Books,Comic,482.35,1,Islamabad,Debit Card,4.0
827,697,2025-03-03,Home & Kitchen,Cookware Set,134.03,1,ISLAMABAD  ,Wallet,4.0
828,1324,2025-05-10,Books,Comic,73.18,1,MULTAN  ,Credit Card,5.0
829,130,2025-04-20,Beauty,Lipstick,125.64,5,Multan,Debit Card,2.0
830,1407,2025-10-13,Fashion,Sneakers,183.8,5,Quetta,Cash on Delivery,
831,126,2025-07-07,Fashion,T-Shirt,430.17,3,Lahore,Credit Card,5.0
832,450,2025-05-26,Electronics,Smartwatch,128.15,2,Multan,Wallet,3.0
833,1650,2025-01-30,Beauty,Perfume,175.91,5,Lahore,Credit Card,
834,1512,2025-07-26,Home & Kitchen,Table Lamp,432.58,5,Islamabad,Cash on Delivery,1.0
835,702,2025-06-19,Fashion,Sneakers,264.95,2,Multan,Wallet,5.0
836,1633,2025-01-12,Home & Kitchen,Mixer Grinder,120.34,2,Multan,Debit Card,5.0
837,1306,2025-06-10,Books,Novel,300.83,5,Islamabad,Credit Card,4.0
838,798,2025-02-08,Fashion,Kurta,456.31,5,Karachi,Debit Card,4.0
839,1393,2025-06-15,Electronics,Laptop,435.13,2,Lahore,Debit Card,5.0
840,446,2025-05-20,Beauty,Perfume,126.68,2,Islamabad,Cash on Delivery,3.0
841,653,2025-07-02,Fashion,T-Shirt,232.06,2,Islamabad,Credit Card,3.0
842,781,2025-02-03,Fashion,T-Shirt,467.12,2,Islamabad,Cash on Delivery,3.0
843,759,2025-07-29,Home & Kitchen,Cookware Set,146.28,1,Quetta,Credit Card,3.0
844,651,2025-05-09,Books,Comic,148.27,4,Islamabad,Wallet,5.0
845,333,2025-06-22,Fashion,Jacket,257.03,5,Islamabad,Wallet,
846,931,2025-02-11,Fashion,Kurta,319.46,4,Karachi,Cash on Delivery,4.0
847,770,2025-06-15,Electronics,Headphones,138.08,2,Quetta,Cash on Delivery,4.0
848,506,2025-10-21,Books,Comic,396.09,1,Quetta,Bank Transfer,5.0
849,1386,2025-01-28,Books,Comic,,-1,,,
850,899,2025-09-05,Fashion,Jacket,413.64,4,Peshawar,Bank Transfer,4.0
851,611,2025-08-04,Home & Kitchen,Mixer Grinder,285.88,2,Quetta,Credit Card,4.0
852,220,2025-05-10,Books,Comic,270.55,3,Karachi,Cash on Delivery,
853,1082,2025-01-20,Books,Novel,11.57,5,QUETTA  ,Bank Transfer,2.0
854,1410,2025-06-18,Fashion,T-Shirt,383.94,2,Karachi,Cash on Delivery,5.0
855,13,2025-10-18,Home & Kitchen,Mixer Grinder,110.45,1,Faisalabad,Bank Transfer,5.0
856,687,2025-03-10,Books,Novel,64.13,4,Peshawar,Credit Card,3.0
857,508,2025-07-24,Fashion,Jacket,408.43,4,Multan,Debit Card,5.0
858,1000,2025-03-18,Beauty,Face Wash,361.4,2,Faisalabad,Cash on Delivery,
859,831,2025-10-07,Beauty,Face Wash,140.71,1,Lahore,Credit Card,4.0
860,453,2025-01-29,Beauty,Perfume,67.92,3,Quetta,Bank Transfer,3.0
861,1177,2025-07-05,Electronics,Smartphone,99.88,1,Peshawar,Bank Transfer,4.0
862,1383,2025-05-31,Home & Kitchen,Mixer Grinder,173.78,2,PESHAWAR  ,Credit Card,5.0
863,929,2025-01-19,Fashion,T-Shirt,467.6,1,Islamabad,Cash on Delivery,5.0
864,921,2025-01-11,Fashion,Jacket,57.88,2,Islamabad,Debit Card,3.0
865,1018,2025-10-18,Electronics,Headphones,148.73,4,Karachi,Bank Transfer,
866,1312,2025-06-02,Beauty,Shampoo,125.52,3,Lahore,Credit Card,5.0
867,259,2025-02-24,Books,Self-Help Book,247.19,1,Karachi,Bank Transfer,4.0
868,1050,2025-07-01,Fashion,Kurta,410.06,2,Quetta,Debit Card,4.0
869,618,2025-09-13,Home & Kitchen,Bedsheet,137.43,4,Lahore,Bank Transfer,5.0
870,1211,2025-02-06,Home & Kitchen,Mixer Grinder,462.03,2,Lahore,Credit Card,5.0
871,86,2025-08-23,Beauty,Perfume,30.75,5,Quetta,Cash on Delivery,5.0
872,599,2025-04-11,Beauty,Perfume,62.0,3,Multan,Bank Transfer,5.0
873,1154,2025-08-02,Fashion,Jacket,312.18,4,Lahore,Cash on Delivery,5.0
874,1528,2025-05-19,Home & Kitchen,Table Lamp,490.64,5,Multan,Debit Card,3.0
875,905,2025-06-30,Fashion,Jeans,473.36,4,Quetta,Wallet,5.0
876,1195,2025-07-07,Electronics,Tablet,497.83,5,Faisalabad,Wallet,1.0
877,1284,2025-05-01,Books,Novel,35.53,1,Islamabad,Cash on Delivery,2.0
878,968,2025-02-12,Fashion,Jeans,314.79,1,Quetta,Debit Card,5.0
879,612,2025-09-15,Home & Kitchen,Table Lamp,287.98,2,Quetta,Bank Transfer,4.0
880,428,2025-09-19,Beauty,Perfume,124.33,3,Islamabad,Debit Card,3.0
881,1238,2025-10-01,Fashion,Sneakers,82.15,1,FAISALABAD  ,Wallet,4.0
882,380,2025-06-11,Beauty,Shampoo,5.63,5,Islamabad,Debit Card,3.0
883,379,2025-08-08,Books,Self-Help Book,171.92,2,Lahore,Bank Transfer,5.0
884,100,2025-10-13,Beauty,Lipstick,387.56,1,Quetta,Debit Card,3.0
885,1214,2025-08-30,Fashion,Jacket,192.75,5,Peshawar,Wallet,2.0
886,409,2025-07-16,Beauty,Shampoo,291.39,4,Islamabad,Wallet,3.0
887,1619,2025-09-20,Fashion,Jeans,323.89,3,Quetta,Bank Transfer,4.0
888,403,2025-07-29,Fashion,Jeans,371.55,3,Karachi,Bank Transfer,5.0
889,1644,2025-04-14,Beauty,Perfume,280.64,3,Lahore,Wallet,5.0
890,1659,2025-08-28,Beauty,Face Wash,418.96,1,Lahore,Cash on Delivery,5.0
891,105,2025-07-23,Home & Kitchen,Mixer Grinder,233.71,2,Peshawar,Cash on Delivery,4.0
892,379,2025-09-15,Beauty,Face Wash,178.25,1,Multan,Credit Card,5.0
893,712,2025-04-21,Beauty,Lipstick,131.55,4,PESHAWAR  ,Wallet,5.0
894,1504,2025-10-16,Books,Comic,382.28,3,PESHAWAR  ,Bank Transfer,3.0
895,1634,2025-08-30,Electronics,Laptop,154.96,3,QUETTA  ,Bank Transfer,
896,1347,2025-10-05,Fashion,T-Shirt,178.34,2,Islamabad,Cash on Delivery,5.0
897,348,2025-09-30,Books,Comic,186.83,4,Karachi,Wallet,5.0
898,444,2025-07-05,Books,Novel,101.26,5,Multan,Bank Transfer,1.0
899,65,2025-08-21,Home & Kitchen,Mixer Grinder,42.98,2,Islamabad,Cash on Delivery,4.0
900,177,2025-02-08,Electronics,Smartphone,489.57,4,Multan,Debit Card,3.0
901,1277,2025-06-29,Electronics,Smartwatch,146.71,3,Quetta,Cash on Delivery,5.0
902,22,2025-02-27,Beauty,Shampoo,210.0,1,Multan,Cash on Delivery,3.0
903,231,2025-08-20,Home & Kitchen,Bedsheet,460.78,2,Karachi,Credit Card,
904,1399,2025-05-25,Books,Comic,37.13,4,Lahore,Bank Transfer,5.0
905,223,2025-10-03,Fashion,Jacket,254.24,1,Lahore,Wallet,5.0
906,1357,2025-01-31,Home & Kitchen,Mixer Grinder,360.46,5,Multan,Debit Card,5.0
907,668,2025-04-09,Books,Novel,346.63,3,Quetta,Cash on Delivery,
908,1010,2025-02-21,Books,Comic,216.26,1,Islamabad,Credit Card,5.0
909,1262,2025-03-05,Fashion,Jacket,251.6,4,Islamabad,Bank Transfer,5.0
910,376,2025-04-15,Electronics,Headphones,167.89,5,Faisalabad,Debit Card,4.0
911,503,2025-06-25,Beauty,Shampoo,201.05,1,FAISALABAD  ,Credit Card,5.0
912,1451,2025-08-18,Fashion,Jacket,72.97,2,Peshawar,Credit Card,3.0
913,96,2025-03-27,Fashion,T-Shirt,248.98,4,Quetta,Cash on Delivery,4.0
914,1525,2025-05-13,Electronics,Smartwatch,388.45,3,Quetta,Credit Card,
915,1462,2025-10-03,Books,Textbook,138.09,3,Islamabad,Bank Transfer,5.0
916,1128,2025-02-23,Home & Kitchen,Cookware Set,218.34,3,Faisalabad,Debit Card,2.0
917,1014,2025-07-08,Fashion,T-Shirt,163.55,1,ISLAMABAD  ,Cash on Delivery,2.0
918,1068,2025-02-14,Fashion,T-Shirt,347.1,1,Faisalabad,Cash on Delivery,2.0
919,228,2025-09-24,Home & Kitchen,Mixer Grinder,364.52,2,Peshawar,Cash on Delivery,5.0
920,357,2025-08-01,Fashion,Jacket,312.89,4,Islamabad,Cash on Delivery,4.0
921,83,2025-06-29,Home & Kitchen,Table Lamp,485.37,2,Islamabad,Credit Card,4.0
922,839,2025-02-18,Books,Self-Help Book,208.35,1,Faisalabad,Bank Transfer,3.0
923,1233,2025-10-07,Electronics,Laptop,481.66,1,Islamabad,Credit Card,3.0
924,1244,2025-08-17,Beauty,Shampoo,457.99,3,Quetta,Credit Card,5.0
925,989,2025-01-31,Home & Kitchen,Bedsheet,120.29,5,Lahore,Credit Card,3.0
926,29,2025-10-20,Beauty,Lipstick,397.31,5,Karachi,Bank Transfer,1.0
927,1638,2025-10-24,Home & Kitchen,Bedsheet,182.93,5,PESHAWAR  ,Cash on Delivery,
928,1607,2025-06-06,Books,Self-Help Book,463.02,3,Islamabad,Debit Card,5.0
929,165,2025-06-02,Fashion,T-Shirt,171.51,1,Karachi,Credit Card,5.0
930,92,2025-02-21,Fashion,Jeans,376.38,1,ISLAMABAD  ,Debit Card,1.0
931,1463,2025-05-25,Home & Kitchen,Mixer Grinder,5.79,4,Peshawar,Bank Transfer,3.0
932,1030,2025-04-28,Books,Textbook,350.02,5,Multan,Credit Card,5.0
933,270,2025-05-29,Beauty,Face Wash,88.86,1,Peshawar,Wallet,4.0
934,275,2025-07-21,Home & Kitchen,Mixer Grinder,471.24,4,Lahore,Credit Card,4.0
935,730,2025-06-01,Electronics,Tablet,128.69,1,Islamabad,Cash on Delivery,5.0
936,703,2025-06-21,Home & Kitchen,Table Lamp,63.16,4,Multan,Cash on Delivery,5.0
937,57,2025-07-04,Electronics,Tablet,472.51,3,Karachi,Debit Card,3.0
938,454,2025-02-12,Home & Kitchen,Table Lamp,450.3,4,Quetta,Cash on Delivery,5.0
939,134,2025-01-22,Books,Novel,338.05,2,KARACHI  ,Credit Card,4.0
940,176,2025-04-16,Fashion,Sneakers,264.63,3,Karachi,Wallet,
941,779,2025-02-08,Fashion,Jacket,176.1,2,QUETTA  ,Cash on Delivery,5.0
942,1170,2025-05-08,Electronics,Tablet,474.19,1,Quetta,Bank Transfer,3.0
943,1254,2025-07-17,Beauty,Perfume,117.23,3,Islamabad,Cash on Delivery,4.0
944,1162,2025-02-19,Beauty,Shampoo,98.83,1,Lahore,Debit Card,4.0
945,84,2025-04-04,Electronics,Laptop,211.89,2,Lahore,Bank Transfer,4.0
946,467,2025-03-02,Fashion,T-Shirt,176.63,4,Quetta,Bank Transfer,5.0
947,1428,2025-10-07,Beauty,Perfume,80.23,1,Peshawar,Wallet,4.0
948,311,2025-06-01,Beauty,Lipstick,430.08,5,Peshawar,Debit Card,2.0
949,587,2025-01-29,Electronics,Smartphone,432.88,3,Multan,Credit Card,1.0
950,1309,2025-05-18,Fashion,Jacket,274.02,4,Islamabad,Debit Card,4.0
951,1440,2025-02-25,Fashion,Jeans,361.19,1,Multan,Debit Card,4.0
952,91,2025-04-20,Electronics,Smartwatch,154.87,2,KARACHI  ,Credit Card,
953,356,2025-04-15,Books,Comic,117.52,5,Peshawar,Debit Card,5.0
954,646,2025-09-29,Home & Kitchen,Bedsheet,49.22,5,Karachi,Cash on Delivery,2.0
955,165,2025-08-02,Home & Kitchen,Cookware Set,22.4,2,Peshawar,Bank Transfer,5.0
956,700,2025-07-21,Fashion,Jacket,115.68,1,Faisalabad,Bank Transfer,5.0
957,1426,2025-06-25,Electronics,Tablet,444.82,2,Karachi,Debit Card,3.0
958,1017,2025-02-11,Beauty,Lipstick,427.47,2,Multan,Credit Card,2.0
959,1641,2025-08-03,Home & Kitchen,Mixer Grinder,61.52,1,Quetta,Wallet,4.0
960,1215,2025-08-13,Electronics,Laptop,235.28,5,Islamabad,Wallet,3.0
961,1086,2025-09-02,Fashion,T-Shirt,453.35,4,Quetta,Debit Card,4.0
962,446,2025-04-14,Books,Textbook,29.68,4,Peshawar,Debit Card,1.0
963,1130,2025-10-22,Fashion,Jeans,73.45,1,Multan,Credit Card,5.0
964,1162,2025-04-20,Beauty,Face Wash,390.28,2,KARACHI  ,Debit Card,4.0
965,1089,2025-03-21,Fashion,Jacket,57.74,5,Quetta,Credit Card,4.0
966,1393,2025-10-11,Books,Comic,53.85,3,Lahore,Cash on Delivery,5.0
967,522,2025-07-16,Electronics,Smartphone,413.01,5,PESHAWAR  ,Credit Card,5.0
968,1317,2025-02-23,Electronics,Laptop,32.08,4,Lahore,Credit Card,5.0
969,802,2025-05-10,Beauty,Perfume,487.75,2,PESHAWAR  ,Debit Card,5.0
970,584,2025-01-15,Beauty,Face Wash,466.11,5,Multan,Wallet,
971,147,2025-05-19,Books,Self-Help Book,186.49,3,Multan,Cash on Delivery,
972,178,2025-07-20,Books,Self-Help Book,64.97,2,Peshawar,Cash on Delivery,5.0
973,445,2025-03-31,Beauty,Face Wash,203.62,4,Quetta,Credit Card,5.0
974,477,2025-04-14,Home & Kitchen,Mixer Grinder,315.84,1,Islamabad,Debit Card,4.0
975,159,2025-01-23,Electronics,Headphones,43.47,1,Quetta,Bank Transfer,4.0
976,668,2025-10-14,Fashion,T-Shirt,135.67,1,Multan,Debit Card,5.0
977,1254,2025-06-05,Electronics,Laptop,99.6,2,Multan,Credit Card,1.0
978,382,2025-09-27,Fashion,Jacket,471.88,3,Peshawar,Wallet,4.0
979,1355,2025-10-12,Home & Kitchen,Cookware Set,232.99,3,LAHORE  ,Wallet,4.0
980,1334,2025-07-05,Fashion,T-Shirt,60.26,2,Lahore,Credit Card,4.0
981,1160,2025-08-24,Home & Kitchen,Table Lamp,323.47,3,Quetta,Credit Card,4.0
982,702,2025-06-14,Home & Kitchen,Mixer Grinder,452.15,4,Islamabad,Wallet,4.0
983,648,2025-02-16,Home & Kitchen,Table Lamp,337.8,4,Peshawar,Wallet,5.0
984,436,2025-05-19,Home & Kitchen,Mixer Grinder,285.11,4,Multan,Bank Transfer,4.0
985,77,2025-04-12,Beauty,Face Wash,362.38,2,Lahore,Bank Transfer,5.0
986,88,2025-03-18,Fashion,Sneakers,474.07,5,LAHORE  ,Wallet,5.0
987,1594,2025-03-25,Fashion,Kurta,298.53,5,Quetta,Credit Card,5.0
988,763,2025-07-28,Books,Self-Help Book,486.82,2,Islamabad,Wallet,1.0
989,1040,2025-06-26,Beauty,Shampoo,322.43,3,Quetta,Cash on Delivery,5.0
990,1356,2025-10-06,Electronics,Headphones,322.84,4,Peshawar,Credit Card,5.0
991,558,2025-09-03,Beauty,Perfume,290.65,1,Faisalabad,Cash on Delivery,3.0
992,1112,2025-05-30,Electronics,Smartwatch,24.21,2,Faisalabad,Credit Card,
993,825,2025-01-08,Electronics,Laptop,155.09,5,Peshawar,Bank Transfer,
994,1126,2025-07-29,Electronics,Headphones,84.02,4,Quetta,Credit Card,4.0
995,1511,2025-02-26,Fashion,T-Shirt,312.65,3,Islamabad,Cash on Delivery,5.0
996,376,2025-04-21,Home & Kitchen,Mixer Grinder,191.52,3,Multan,Wallet,5.0
997,329,2025-05-10,Books,Comic,,2,,,5.0
998,924,2025-07-28,Electronics,Tablet,41.29,4,Peshawar,Wallet,5.0
999,653,2025-07-26,Home & Kitchen,Mixer Grinder,303.88,5,Islamabad,Wallet,
1000,1664,2025-05-28,Electronics,Smartwatch,405.35,4,PESHAWAR  ,Credit Card,4.0
1001,402,2025-03-04,Home & Kitchen,Table Lamp,498.42,5,Faisalabad,Credit Card,5.0
1002,1344,2025-07-09,Electronics,Headphones,13.9,2,Quetta,Credit Card,5.0
1003,1233,2025-04-15,Electronics,Smartphone,246.11,5,Islamabad,Cash on Delivery,4.0
1004,1410,2025-07-05,Fashion,T-Shirt,127.25,1,Karachi,Debit Card,4.0
1005,623,2025-03-13,Books,Textbook,302.47,3,Lahore,Debit Card,3.0
1006,497,2025-04-03,Home & Kitchen,Bedsheet,11.64,4,KARACHI  ,Wallet,5.0
1007,346,2025-07-26,Electronics,Smartphone,370.46,4,Multan,Wallet,4.0
1008,600,2025-10-24,Home & Kitchen,Table Lamp,264.46,2,ISLAMABAD  ,Wallet,4.0
1009,1041,2025-08-17,Beauty,Face Wash,26.37,2,Peshawar,Bank Transfer,2.0
1010,1077,2025-02-23,Electronics,Smartwatch,499.13,2,Faisalabad,Debit Card,5.0
1011,295,2025-04-29,Fashion,Kurta,363.37,5,Islamabad,Debit Card,5.0
1012,101,2025-08-27,Books,Textbook,454.5,4,KARACHI  ,Debit Card,5.0
1013,1192,2025-08-06,Books,Novel,269.35,3,PESHAWAR  ,Credit Card,2.0
1014,1598,2025-08-30,Electronics,Smartphone,90.31,2,Lahore,Debit Card,
1015,905,2025-10-18,Books,Novel,67.51,3,Karachi,Bank Transfer,5.0
1016,1504,2025-10-15,Beauty,Perfume,313.86,5,Faisalabad,Cash on Delivery,3.0
1017,482,2025-04-17,Books,Self-Help Book,138.82,3,Peshawar,Wallet,4.0
1018,934,2025-05-05,Beauty,Perfume,208.41,4,Quetta,Cash on Delivery,5.0
1019,1614,2025-01-13,Home & Kitchen,Mixer Grinder,134.9,5,Islamabad,Wallet,4.0
1020,122,2025-06-22,Books,Comic,52.93,2,Faisalabad,Debit Card,4.0
1021,1297,2025-03-02,Fashion,Kurta,490.82,5,Islamabad,Bank Transfer,4.0
1022,1135,2025-07-17,Electronics,Headphones,92.01,1,Lahore,Cash on Delivery,3.0
1023,1213,2025-07-15,Fashion,T-Shirt,405.84,3,Karachi,Bank Transfer,5.0
1024,568,2025-04-12,Fashion,Sneakers,319.79,2,Peshawar,Credit Card,
1025,1223,2025-09-07,Books,Comic,381.35,4,Quetta,Debit Card,3.0
1026,6,2025-10-10,Books,Textbook,77.99,4,Islamabad,Bank Transfer,5.0
1027,987,2025-03-31,Beauty,Lipstick,276.57,5,Peshawar,Wallet,
1028,1649,2025-02-12,Electronics,Laptop,473.98,2,Karachi,Bank Transfer,5.0
1029,1211,2025-09-06,Fashion,T-Shirt,172.58,4,Islamabad,Debit Card,5.0
1030,626,2025-08-10,Fashion,Jacket,349.23,5,Islamabad,Debit Card,3.0
1031,747,2025-03-15,Beauty,Face Wash,136.32,3,Islamabad,Credit Card,2.0
1032,141,2025-03-11,Fashion,Kurta,393.91,3,Karachi,Bank Transfer,4.0
1033,859,2025-10-19,Books,Comic,196.19,2,Lahore,Debit Card,4.0
1034,926,2025-09-14,Fashion,T-Shirt,218.63,5,Karachi,Credit Card,5.0
1035,1595,2025-10-24,Fashion,Kurta,441.1,5,Peshawar,Credit Card,5.0
1036,268,2025-10-08,Electronics,Smartphone,362.57,1,Karachi,Debit Card,
1037,316,2025-01-02,Electronics,Headphones,177.78,2,Karachi,Credit Card,4.0
1038,1585,2025-05-11,Beauty,Face Wash,25.09,4,Islamabad,Credit Card,4.0
1039,1317,2025-05-19,Electronics,Laptop,483.6,1,Quetta,Wallet,2.0
1040,374,2025-03-06,Books,Textbook,305.38,2,Karachi,Wallet,5.0
1041,1597,2025-01-27,Electronics,Smartwatch,107.88,3,Peshawar,Debit Card,5.0
1042,814,2025-08-25,Home & Kitchen,Table Lamp,290.2,1,Islamabad,Bank Transfer,3.0
1043,1104,2025-09-04,Books,Self-Help Book,29.64,3,Karachi,Cash on Delivery,
1044,1655,2025-08-15,Beauty,Perfume,247.21,5,Karachi,Bank Transfer,5.0
1045,1573,2025-05-12,Home & Kitchen,Bedsheet,324.65,3,Multan,Debit Card,2.0
1046,81,2025-03-04,Home & Kitchen,Cookware Set,473.16,2,FAISALABAD  ,Credit Card,5.0
1047,1346,2025-05-17,Home & Kitchen,Mixer Grinder,242.67,5,Multan,Cash on Delivery,3.0
1048,1642,2025-05-06,Home & Kitchen,Cookware Set,318.47,3,Lahore,Bank Transfer,3.0
1049,1012,2025-02-23,Home & Kitchen,Cookware Set,129.24,1,Peshawar,Debit Card,5.0
1050,242,2025-03-21,Fashion,Jeans,166.08,1,Islamabad,Credit Card,4.0
1051,1150,2025-04-17,Books,Textbook,296.7,4,Islamabad,Credit Card,5.0
1052,841,2025-01-23,Home & Kitchen,Mixer Grinder,37.47,4,Peshawar,Bank Transfer,5.0
1053,826,2025-05-25,Home & Kitchen,Table Lamp,169.7,1,Quetta,Debit Card,4.0
1054,257,2025-02-21,Books,Textbook,413.44,5,Lahore,Cash on Delivery,4.0
1055,300,2025-03-09,Books,Novel,62.51,5,Lahore,Wallet,4.0
1056,1284,2025-03-15,Home & Kitchen,Mixer Grinder,265.94,4,Quetta,Debit Card,5.0
1057,291,2025-02-28,Fashion,T-Shirt,95.79,2,Faisalabad,Credit Card,5.0
1058,285,2025-07-08,Books,Comic,7.69,4,Multan,Debit Card,5.0
1059,417,2025-08-21,Electronics,Laptop,173.13,3,Quetta,Wallet,5.0
1060,213,2025-08-15,Home & Kitchen,Bedsheet,446.84,2,Peshawar,Cash on Delivery,5.0
1061,1473,2025-06-23,Beauty,Lipstick,480.55,3,Karachi,Credit Card,
1062,333,2025-02-24,Beauty,Shampoo,434.9,4,Islamabad,Credit Card,4.0
1063,80,2025-07-24,Books,Self-Help Book,14.92,1,FAISALABAD  ,Debit Card,3.0
1064,1411,2025-03-28,Electronics,Tablet,52.07,4,Multan,Bank Transfer,5.0
1065,1144,2025-07-10,Electronics,Tablet,301.64,4,Peshawar,Bank Transfer,4.0
1066,1632,2025-04-23,Beauty,Perfume,43.78,1,Faisalabad,Bank Transfer,5.0
1067,930,2025-07-16,Beauty,Shampoo,485.9,1,Peshawar,Debit Card,4.0
1068,1063,2025-06-10,Electronics,Smartwatch,166.84,2,Karachi,Wallet,4.0
1069,1272,2025-03-03,Books,Comic,60.86,2,Quetta,Wallet,5.0
1070,841,2025-08-06,Electronics,Laptop,32.91,3,Karachi,Debit Card,5.0
1071,387,2025-05-21,Fashion,Kurta,363.08,2,LAHORE  ,Bank Transfer,3.0
1072,416,2025-06-16,Home & Kitchen,Mixer Grinder,248.72,5,Faisalabad,Debit Card,5.0
1073,993,2025-08-21,Electronics,Smartphone,35.3,4,Lahore,Bank Transfer,2.0
1074,486,2025-03-28,Beauty,Face Wash,471.2,4,Islamabad,Debit Card,4.0
1075,264,2025-05-01,Beauty,Shampoo,267.69,5,Karachi,Cash on Delivery,5.0
1076,1061,2025-01-31,Fashion,Sneakers,61.13,1,Quetta,Bank Transfer,5.0
1077,342,2025-07-03,Electronics,Smartwatch,51.56,4,Peshawar,Credit Card,5.0
1078,637,2025-04-07,Beauty,Lipstick,246.61,3,Islamabad,Bank Transfer,5.0
1079,273,2025-01-08,Electronics,Smartphone,247.17,5,LAHORE  ,Bank Transfer,5.0
1080,518,2025-03-21,Electronics,Smartwatch,472.28,5,Lahore,Credit Card,3.0
1081,1469,2025-01-25,Home & Kitchen,Cookware Set,190.28,2,Lahore,Bank Transfer,4.0
1082,690,2025-04-21,Home & Kitchen,Cookware Set,292.21,1,Lahore,Bank Transfer,5.0
1083,437,2025-06-09,Electronics,Headphones,93.53,1,Peshawar,Cash on Delivery,2.0
1084,588,2025-09-26,Books,Textbook,373.49,3,Multan,Wallet,3.0
1085,377,2025-07-29,Home & Kitchen,Mixer Grinder,342.12,4,LAHORE  ,Bank Transfer,5.0
1086,1041,2025-07-16,Beauty,Face Wash,266.02,3,Peshawar,Cash on Delivery,2.0
1087,957,2025-09-29,Fashion,Kurta,32.88,2,Karachi,Debit Card,4.0
1088,598,2025-02-18,Books,Novel,346.13,4,Karachi,Wallet,5.0
1089,123,2025-05-16,Fashion,Kurta,41.26,5,Islamabad,Credit Card,5.0
1090,95,2025-09-11,Beauty,Face Wash,241.11,3,Quetta,Bank Transfer,4.0
1091,1232,2025-10-20,Electronics,Smartphone,364.62,2,Quetta,Bank Transfer,5.0
1092,622,2025-06-03,Books,Comic,487.28,2,Lahore,Credit Card,
1093,983,2025-08-16,Books,Novel,465.11,3,ISLAMABAD  ,Cash on Delivery,3.0
1094,427,2025-08-08,Fashion,Sneakers,159.29,1,Karachi,Cash on Delivery,5.0
1095,747,2025-07-27,Home & Kitchen,Bedsheet,210.14,2,Faisalabad,Credit Card,4.0
1096,485,2025-06-24,Electronics,Tablet,21.61,4,PESHAWAR  ,Wallet,4.0
1097,1101,2025-04-22,Electronics,Tablet,186.54,4,QUETTA  ,Bank Transfer,3.0
1098,1389,2025-05-04,Fashion,Jeans,321.69,3,Islamabad,Credit Card,1.0
1099,552,2025-07-28,Books,Self-Help Book,32.12,3,Quetta,Cash on Delivery,5.0
1100,1480,2025-04-05,Beauty,Lipstick,195.66,2,Peshawar,Bank Transfer,
1101,540,2025-02-25,Home & Kitchen,Bedsheet,292.02,4,Lahore,Cash on Delivery,4.0
1102,793,2025-03-07,Electronics,Laptop,27.98,5,Lahore,Credit Card,3.0
1103,1188,2025-10-21,Beauty,Face Wash,68.45,4,Karachi,Debit Card,5.0
1104,1042,2025-03-21,Electronics,Tablet,446.45,4,Quetta,Bank Transfer,4.0
1105,1593,2025-10-15,Beauty,Face Wash,491.38,2,Peshawar,Cash on Delivery,3.0
1106,833,2025-09-07,Books,Self-Help Book,152.78,5,Islamabad,Debit Card,4.0
1107,1165,2025-10-08,Home & Kitchen,Mixer Grinder,466.66,4,Faisalabad,Wallet,4.0
1108,1110,2025-09-14,Home & Kitchen,Cookware Set,252.65,5,Islamabad,Cash on Delivery,4.0
1109,1258,2025-08-15,Electronics,Smartwatch,327.87,4,Faisalabad,Credit Card,4.0
1110,1449,2025-06-08,Electronics,Tablet,336.92,4,Faisalabad,Wallet,5.0
1111,867,2025-08-13,Beauty,Lipstick,123.42,1,Karachi,Bank Transfer,5.0
1112,935,2025-07-10,Fashion,T-Shirt,453.44,3,Lahore,Credit Card,5.0
1113,76,2025-10-27,Fashion,Kurta,472.33,5,Karachi,Wallet,3.0
1114,900,2025-07-10,Beauty,Perfume,22.7,5,Quetta,Credit Card,4.0
1115,1342,2025-06-12,Electronics,Smartphone,122.1,5,Islamabad,Debit Card,5.0
1116,1280,2025-06-13,Books,Textbook,416.92,2,KARACHI  ,Debit Card,5.0
1117,1491,2025-08-22,Beauty,Shampoo,250.35,2,Quetta,Bank Transfer,5.0
1118,503,2025-07-03,Home & Kitchen,Bedsheet,32.39,2,Faisalabad,Credit Card,4.0
1119,882,2025-05-15,Beauty,Perfume,176.19,1,Lahore,Cash on Delivery,5.0
1120,975,2025-01-04,Home & Kitchen,Mixer Grinder,274.08,2,Karachi,Wallet,4.0
1121,1498,2025-01-31,Fashion,Sneakers,277.06,4,Multan,Cash on Delivery,4.0
1122,879,2025-09-04,Home & Kitchen,Cookware Set,243.49,1,Islamabad,Wallet,5.0
1123,1383,2025-01-21,Home & Kitchen,Table Lamp,354.5,1,Faisalabad,Cash on Delivery,5.0
1124,55,2025-07-12,Home & Kitchen,Bedsheet,380.7,4,Islamabad,Bank Transfer,3.0
1125,303,2025-07-14,Electronics,Smartwatch,403.81,3,Quetta,Credit Card,5.0
1126,413,2025-08-23,Electronics,Smartphone,226.15,5,Multan,Wallet,3.0
1127,416,2025-03-22,Beauty,Lipstick,23.59,3,FAISALABAD  ,Cash on Delivery,5.0
1128,623,2025-05-22,Home & Kitchen,Mixer Grinder,52.04,4,Faisalabad,Bank Transfer,4.0
1129,1615,2025-05-07,Beauty,Shampoo,134.94,3,Multan,Bank Transfer,
1130,1457,2025-06-22,Fashion,T-Shirt,76.83,4,Peshawar,Wallet,5.0
1131,676,2025-02-07,Home & Kitchen,Mixer Grinder,89.84,2,Islamabad,Debit Card,5.0
1132,190,2025-01-24,Home & Kitchen,Cookware Set,440.05,5,Faisalabad,Wallet,5.0
1133,55,2025-07-30,Beauty,Face Wash,141.07,5,Lahore,Bank Transfer,
1134,259,2025-09-20,Home & Kitchen,Mixer Grinder,453.4,3,Multan,Credit Card,
1135,362,2025-08-09,Books,Novel,138.91,5,Islamabad,Cash on Delivery,4.0
1136,1418,2025-06-12,Beauty,Shampoo,164.92,5,Multan,Bank Transfer,3.0
1137,779,2025-07-13,Books,Textbook,160.85,1,Lahore,Cash on Delivery,4.0
1138,1273,2025-06-07,Beauty,Lipstick,354.13,1,Lahore,Debit Card,4.0
1139,1273,2025-10-03,Electronics,Laptop,205.3,4,Multan,Debit Card,5.0
1140,505,2025-05-21,Home & Kitchen,Cookware Set,338.06,1,Faisalabad,Cash on Delivery,5.0
1141,492,2025-10-06,Fashion,Jeans,447.58,2,ISLAMABAD  ,Wallet,5.0
1142,162,2025-05-05,Electronics,Smartwatch,413.98,5,Quetta,Cash on Delivery,4.0
1143,1514,2025-01-21,Fashion,Sneakers,397.98,1,Peshawar,Cash on Delivery,4.0
1144,12,2025-07-11,Fashion,Sneakers,31.11,1,Lahore,Debit Card,5.0
1145,1569,2025-07-12,Home & Kitchen,Table Lamp,54.87,3,Faisalabad,Cash on Delivery,4.0
1146,1593,2025-04-02,Home & Kitchen,Mixer Grinder,480.33,4,Karachi,Cash on Delivery,4.0
1147,86,2025-06-29,Beauty,Face Wash,278.16,4,Faisalabad,Cash on Delivery,
1148,1467,2025-09-07,Electronics,Laptop,122.85,1,Quetta,Debit Card,3.0
1149,1602,2025-07-05,Electronics,Laptop,344.51,1,LAHORE  ,Wallet,5.0
1150,1531,2025-04-24,Fashion,Kurta,75.21,1,FAISALABAD  ,Credit Card,5.0
1151,1119,2025-09-03,Home & Kitchen,Mixer Grinder,425.94,4,Peshawar,Bank Transfer,4.0
1152,410,2025-09-16,Books,Self-Help Book,268.49,5,Faisalabad,Debit Card,3.0
1153,986,2025-03-13,Electronics,Smartwatch,494.19,1,Islamabad,Wallet,
1154,313,2025-09-02,Fashion,Sneakers,249.94,2,Lahore,Debit Card,4.0
1155,465,2025-01-19,Home & Kitchen,Cookware Set,243.95,4,Lahore,Credit Card,4.0
1156,1431,2025-02-08,Electronics,Laptop,316.31,3,Karachi,Wallet,4.0
1157,730,2025-07-23,Books,Comic,420.25,4,Lahore,Bank Transfer,4.0
1158,342,2025-09-10,Beauty,Shampoo,36.45,4,KARACHI  ,Bank Transfer,5.0
1159,1661,2025-09-23,Fashion,Jeans,353.25,3,Peshawar,Credit Card,5.0
1160,1211,2025-07-06,Home & Kitchen,Table Lamp,163.86,1,ISLAMABAD  ,Debit Card,5.0
1161,1400,2025-02-03,Home & Kitchen,Table Lamp,354.74,3,Faisalabad,Cash on Delivery,5.0
1162,19,2025-10-24,Home & Kitchen,Mixer Grinder,67.69,1,Karachi,Cash on Delivery,3.0
1163,833,2025-10-09,Books,Comic,408.94,2,Islamabad,Wallet,
1164,563,2025-06-24,Electronics,Smartphone,71.39,1,Quetta,Credit Card,1.0
1165,1418,2025-04-30,Books,Novel,147.96,1,Quetta,Credit Card,
1166,10,2025-10-20,Fashion,Jacket,14.76,1,LAHORE  ,Debit Card,4.0
1167,1440,2025-02-04,Books,Novel,290.71,3,Karachi,Debit Card,3.0
1168,1370,2025-08-05,Fashion,Kurta,131.27,1,Lahore,Debit Card,5.0
1169,1276,2025-10-09,Books,Novel,367.14,4,ISLAMABAD  ,Debit Card,
1170,1341,2025-09-20,Books,Self-Help Book,436.28,2,MULTAN  ,Cash on Delivery,4.0
1171,537,2025-03-27,Fashion,Sneakers,182.97,3,Islamabad,Wallet,4.0
1172,121,2025-02-28,Books,Comic,165.5,5,Peshawar,Bank Transfer,3.0
1173,593,2025-02-23,Fashion,Sneakers,167.39,2,Quetta,Bank Transfer,4.0
1174,1471,2025-08-10,Books,Novel,198.42,4,Lahore,Debit Card,5.0
1175,816,2025-01-08,Electronics,Laptop,129.65,1,Multan,Cash on Delivery,5.0
1176,447,2025-08-21,Beauty,Lipstick,300.35,4,QUETTA  ,Wallet,4.0
1177,1053,2025-06-25,Home & Kitchen,Bedsheet,296.52,1,Lahore,Cash on Delivery,2.0
1178,353,2025-05-15,Electronics,Smartphone,93.75,1,Islamabad,Debit Card,5.0
1179,1597,2025-09-12,Books,Textbook,13.89,5,Multan,Debit Card,4.0
1180,1624,2025-09-09,Beauty,Shampoo,98.73,5,Faisalabad,Debit Card,5.0
1181,1642,2025-09-14,Fashion,Jeans,133.22,5,Faisalabad,Cash on Delivery,4.0
1182,343,2025-06-03,Home & Kitchen,Bedsheet,240.99,2,Multan,Debit Card,5.0
1183,311,2025-03-04,Fashion,Jacket,43.94,2,Islamabad,Wallet,3.0
1184,1118,2025-06-01,Electronics,Tablet,109.41,5,Faisalabad,Bank Transfer,5.0
1185,170,2025-03-13,Books,Self-Help Book,393.98,4,Islamabad,Credit Card,4.0
1186,619,2025-08-07,Electronics,Laptop,85.99,5,QUETTA  ,Debit Card,
1187,839,2025-09-29,Beauty,Shampoo,53.54,5,Islamabad,Wallet,5.0
1188,1152,2025-02-10,Electronics,Smartwatch,162.04,3,MULTAN  ,Bank Transfer,2.0
1189,1048,2025-03-21,Electronics,Smartphone,70.64,4,Peshawar,Bank Transfer,5.0
1190,166,2025-03-12,Fashion,Jacket,484.09,1,Peshawar,Cash on Delivery,3.0
1191,798,2025-04-09,Beauty,Lipstick,305.82,2,Lahore,Debit Card,3.0
1192,227,2025-01-18,Home & Kitchen,Table Lamp,84.5,3,Multan,Bank Transfer,5.0
1193,734,2025-04-02,Beauty,Face Wash,283.38,4,Multan,Credit Card,4.0
1194,280,2025-09-22,Books,Self-Help Book,479.82,4,ISLAMABAD  ,Wallet,5.0
1195,920,2025-06-19,Home & Kitchen,Mixer Grinder,404.57,5,Quetta,Bank Transfer,5.0
1196,1415,2025-02-07,Books,Textbook,214.85,2,Islamabad,Credit Card,4.0
1197,547,2025-03-31,Beauty,Lipstick,228.83,4,Faisalabad,Wallet,4.0
1198,937,2025-05-22,Home & Kitchen,Table Lamp,79.18,5,Faisalabad,Debit Card,1.0
1199,484,2025-01-05,Home & Kitchen,Cookware Set,137.83,3,Multan,Credit Card,2.0
1200,8,2025-07-25,Home & Kitchen,Mixer Grinder,136.79,4,Multan,Cash on Delivery,4.0
1201,207,2025-02-14,Home & Kitchen,Table Lamp,138.68,5,Karachi,Wallet,4.0
1202,1006,2025-03-21,Books,Textbook,134.36,1,Lahore,Credit Card,5.0
1203,440,2025-03-29,Books,Novel,75.1,1,KARACHI  ,Bank Transfer,
1204,245,2025-06-24,Electronics,Headphones,130.07,3,Islamabad,Credit Card,1.0
1205,232,2025-10-05,Beauty,Shampoo,362.02,2,Karachi,Debit Card,5.0
1206,813,2025-01-24,Books,Self-Help Book,127.73,1,Quetta,Wallet,5.0
1207,1351,2025-03-17,Beauty,Face Wash,383.2,1,Faisalabad,Wallet,5.0
1208,477,2025-09-01,Electronics,Tablet,434.4,1,Lahore,Wallet,4.0
1209,259,2025-09-03,Electronics,Smartphone,215.12,2,Multan,Cash on Delivery,5.0
1210,1397,2025-02-20,Books,Novel,183.28,5,Lahore,Cash on Delivery,5.0
1211,1260,2025-10-04,Fashion,Kurta,129.84,1,Lahore,Cash on Delivery,4.0
1212,179,2025-02-06,Books,Novel,247.12,5,Peshawar,Debit Card,4.0
1213,1540,2025-01-25,Electronics,Headphones,198.88,5,Quetta,Bank Transfer,4.0
1214,293,2025-02-22,Home & Kitchen,Mixer Grinder,272.96,4,Faisalabad,Debit Card,5.0
1215,486,2025-08-20,Beauty,Face Wash,403.11,3,Quetta,Wallet,5.0
1216,942,2025-08-28,Beauty,Lipstick,423.63,5,Quetta,Bank Transfer,3.0
1217,271,2025-01-15,Electronics,Tablet,205.78,4,Lahore,Wallet,5.0
1218,309,2025-06-30,Books,Novel,212.6,1,Karachi,Wallet,4.0
1219,1284,2025-09-12,Books,Self-Help Book,450.46,3,Karachi,Wallet,4.0
1220,514,2025-05-29,Beauty,Lipstick,143.95,2,PESHAWAR  ,Cash on Delivery,4.0
1221,1417,2025-03-23,Beauty,Face Wash,35.46,2,Islamabad,Cash on Delivery,5.0
1222,63,2025-04-15,Electronics,Smartphone,73.26,2,Karachi,Bank Transfer,5.0
1223,1436,2025-06-08,Home & Kitchen,Bedsheet,9.72,4,Multan,Cash on Delivery,1.0
1224,1217,2025-10-09,Home & Kitchen,Mixer Grinder,177.15,1,Multan,Debit Card,5.0
1225,1241,2025-04-15,Fashion,Jacket,206.97,3,Karachi,Debit Card,5.0
1226,641,2025-03-13,Books,Novel,287.96,3,PESHAWAR  ,Wallet,5.0
1227,686,2025-03-01,Books,Comic,84.74,1,Islamabad,Wallet,5.0
1228,564,2025-03-30,Home & Kitchen,Cookware Set,417.89,5,Faisalabad,Debit Card,4.0
1229,111,2025-06-15,Home & Kitchen,Cookware Set,123.84,5,Multan,Cash on Delivery,5.0
1230,1418,2025-04-21,Home & Kitchen,Bedsheet,254.91,3,Lahore,Cash on Delivery,4.0
1231,1037,2025-04-08,Books,Textbook,278.98,1,Multan,Credit Card,5.0
1232,1419,2025-04-18,Beauty,Face Wash,385.14,2,Faisalabad,Debit Card,4.0
1233,1472,2025-05-24,Books,Textbook,449.01,2,Lahore,Bank Transfer,4.0
1234,275,2025-08-31,Home & Kitchen,Cookware Set,22.63,4,Peshawar,Debit Card,1.0
1235,1111,2025-01-28,Books,Comic,129.85,3,LAHORE  ,Debit Card,5.0
1236,1159,2025-01-19,Fashion,Sneakers,89.33,2,Faisalabad,Credit Card,5.0
1237,20,2025-01-28,Books,Comic,499.46,3,Islamabad,Wallet,5.0
1238,802,2025-10-23,Books,Comic,264.26,2,Karachi,Wallet,1.0
1239,1366,2025-08-24,Beauty,Perfume,304.85,3,Faisalabad,Wallet,5.0
1240,1622,2025-08-02,Beauty,Face Wash,164.87,1,Faisalabad,Bank Transfer,
1241,1637,2025-09-07,Home & Kitchen,Table Lamp,403.96,4,Multan,Cash on Delivery,5.0
1242,509,2025-10-19,Electronics,Smartwatch,132.96,1,Karachi,Bank Transfer,5.0
1243,286,2025-05-01,Beauty,Face Wash,433.53,4,Karachi,Wallet,4.0
1244,907,2025-09-13,Fashion,Jacket,92.16,2,Faisalabad,Credit Card,
1245,889,2025-08-01,Beauty,Perfume,64.79,5,Quetta,Wallet,3.0
1246,1139,2025-03-08,Fashion,Kurta,20.23,1,Karachi,Cash on Delivery,5.0
1247,502,2025-02-23,Books,Textbook,389.76,4,Lahore,Cash on Delivery,4.0
1248,158,2025-08-23,Electronics,Tablet,263.96,1,Peshawar,Bank Transfer,5.0
1249,558,2025-02-28,Books,Novel,271.34,5,Peshawar,Wallet,5.0
1250,858,2025-08-10,Books,Textbook,59.98,4,Faisalabad,Wallet,4.0
1251,1043,2025-04-16,Books,Novel,228.88,5,Islamabad,Bank Transfer,3.0
1252,1552,2025-08-12,Fashion,Kurta,33.61,2,Faisalabad,Wallet,4.0
1253,1647,2025-04-03,Fashion,Jacket,244.39,2,Multan,Cash on Delivery,4.0
1254,562,2025-01-14,Beauty,Lipstick,278.32,4,Multan,Credit Card,2.0
1255,1223,2025-03-19,Beauty,Shampoo,203.97,3,Peshawar,Wallet,5.0
1256,1013,2025-01-24,Beauty,Shampoo,380.92,3,PESHAWAR  ,Debit Card,4.0
1257,198,2025-07-03,Books,Novel,421.76,5,ISLAMABAD  ,Debit Card,
1258,1640,2025-06-18,Books,Novel,460.5,1,Faisalabad,Bank Transfer,5.0
1259,706,2025-01-05,Books,Novel,14.43,2,Islamabad,Debit Card,5.0
1260,1061,2025-07-02,Electronics,Tablet,265.16,5,Karachi,Credit Card,
1261,1471,2025-04-04,Books,Comic,289.28,1,Quetta,Cash on Delivery,5.0
1262,526,2025-01-28,Beauty,Perfume,417.18,3,Multan,Bank Transfer,4.0
1263,1357,2025-09-07,Home & Kitchen,Bedsheet,116.01,2,Islamabad,Cash on Delivery,3.0
1264,334,2025-10-16,Fashion,Kurta,294.64,2,Karachi,Wallet,5.0
1265,1423,2025-04-05,Beauty,Face Wash,202.67,4,Faisalabad,Wallet,3.0
1266,1623,2025-05-21,Electronics,Smartphone,265.98,4,Peshawar,Cash on Delivery,1.0
1267,1584,2025-05-16,Fashion,Sneakers,315.26,5,Faisalabad,Credit Card,3.0
1268,1384,2025-05-08,Fashion,Jeans,18.79,2,Peshawar,Credit Card,5.0
1269,13,2025-04-05,Beauty,Face Wash,287.57,1,Islamabad,Bank Transfer,5.0
1270,762,2025-10-06,Electronics,Headphones,298.84,1,Peshawar,Wallet,3.0
1271,1127,2025-09-11,Books,Textbook,89.81,2,Faisalabad,Bank Transfer,5.0
1272,236,2025-01-22,Electronics,Laptop,233.87,4,QUETTA  ,Bank Transfer,5.0
1273,1549,2025-10-07,Books,Comic,,4,,,5.0
1274,598,2025-09-09,Fashion,Jeans,426.48,2,Quetta,Cash on Delivery,4.0
1275,1433,2025-05-17,Fashion,Kurta,388.7,1,Quetta,Cash on Delivery,5.0
1276,783,2025-01-20,Beauty,Face Wash,141.11,5,Karachi,Credit Card,5.0
1277,1101,2025-06-22,Beauty,Perfume,323.67,4,Islamabad,Credit Card,5.0
1278,1036,2025-06-21,Fashion,Sneakers,349.77,3,Lahore,Bank Transfer,5.0
1279,691,2025-09-29,Electronics,Tablet,341.51,4,Quetta,Wallet,
1280,1192,2025-03-20,Books,Novel,58.42,2,Faisalabad,Bank Transfer,5.0
1281,496,2025-03-10,Fashion,T-Shirt,154.07,4,Quetta,Credit Card,4.0
1282,1619,2025-07-06,Electronics,Smartphone,30.88,5,Peshawar,Credit Card,5.0
1283,650,2025-03-28,Home & Kitchen,Bedsheet,139.92,3,Faisalabad,Wallet,3.0
1284,738,2025-07-18,Home & Kitchen,Mixer Grinder,284.33,5,Lahore,Wallet,5.0
1285,1341,2025-09-03,Home & Kitchen,Mixer Grinder,229.86,5,Karachi,Bank Transfer,5.0
1286,790,2025-09-22,Electronics,Tablet,215.29,4,Islamabad,Debit Card,5.0
1287,1050,2025-07-02,Beauty,Shampoo,260.78,2,Islamabad,Debit Card,5.0
1288,870,2025-10-22,Electronics,Tablet,357.01,3,Quetta,Bank Transfer,5.0
1289,16,2025-05-21,Beauty,Shampoo,93.12,2,Faisalabad,Cash on Delivery,3.0
1290,1499,2025-06-01,Fashion,T-Shirt,259.69,3,Quetta,Debit Card,5.0
1291,855,2025-08-15,Electronics,Smartphone,374.2,5,Karachi,Debit Card,5.0
1292,118,2025-01-21,Electronics,Tablet,490.06,3,Faisalabad,Debit Card,3.0
1293,1652,2025-05-30,Fashion,Kurta,148.02,3,Faisalabad,Debit Card,5.0
1294,99,2025-06-01,Beauty,Lipstick,66.74,2,Karachi,Bank Transfer,5.0
1295,621,2025-04-03,Books,Novel,136.48,2,FAISALABAD  ,Cash on Delivery,2.0
1296,856,2025-05-16,Home & Kitchen,Table Lamp,303.39,3,QUETTA  ,Wallet,4.0
1297,478,2025-06-09,Books,Self-Help Book,330.43,5,KARACHI  ,Bank Transfer,5.0
1298,760,2025-01-17,Home & Kitchen,Cookware Set,469.86,1,Faisalabad,Bank Transfer,5.0
1299,1198,2025-06-03,Beauty,Perfume,295.43,3,Quetta,Debit Card,5.0
1300,1384,2025-03-10,Home & Kitchen,Cookware Set,205.43,2,Lahore,Debit Card,3.0
1301,607,2025-05-05,Home & Kitchen,Table Lamp,256.54,5,Lahore,Debit Card,5.0
1302,162,2025-03-09,Fashion,Jacket,71.72,1,Multan,Wallet,3.0
1303,217,2025-06-11,Fashion,Kurta,331.45,5,Karachi,Debit Card,
1304,867,2025-04-17,Electronics,Smartwatch,411.13,1,Karachi,Bank Transfer,4.0
1305,540,2025-08-17,Books,Textbook,386.47,1,Faisalabad,Cash on Delivery,5.0
1306,136,2025-07-12,Home & Kitchen,Table Lamp,9.24,3,Karachi,Credit Card,3.0
1307,649,2025-01-13,Electronics,Laptop,361.84,3,Multan,Credit Card,
1308,740,2025-10-11,Electronics,Smartwatch,279.53,2,Karachi,Cash on Delivery,5.0
1309,686,2025-04-22,Beauty,Shampoo,287.43,4,Peshawar,Cash on Delivery,4.0
1310,1406,2025-01-10,Fashion,Sneakers,463.77,3,Karachi,Credit Card,2.0
1311,288,2025-06-17,Home & Kitchen,Bedsheet,300.28,3,Peshawar,Bank Transfer,5.0
1312,196,2025-07-01,Fashion,Sneakers,268.4,4,Islamabad,Cash on Delivery,5.0
1313,1280,2025-09-16,Home & Kitchen,Cookware Set,195.05,1,Islamabad,Wallet,
1314,472,2025-06-04,Home & Kitchen,Cookware Set,186.75,4,Multan,Wallet,4.0
1315,35,2025-05-26,Books,Self-Help Book,259.18,4,Quetta,Wallet,3.0
1316,1550,2025-05-04,Books,Novel,157.29,4,Quetta,Wallet,4.0
1317,1236,2025-08-05,Home & Kitchen,Cookware Set,181.68,3,Peshawar,Wallet,4.0
1318,778,2025-05-08,Home & Kitchen,Bedsheet,318.48,1,Islamabad,Cash on Delivery,5.0
1319,1530,2025-03-13,Books,Textbook,148.14,2,Multan,Bank Transfer,5.0
1320,1584,2025-02-07,Beauty,Shampoo,272.89,4,Multan,Credit Card,
1321,413,2025-02-25,Electronics,Smartwatch,307.42,4,Lahore,Wallet,5.0
1322,1279,2025-03-10,Books,Self-Help Book,271.47,5,Multan,Cash on Delivery,
1323,1572,2025-01-27,Beauty,Face Wash,396.64,5,Islamabad,Bank Transfer,3.0
1324,1420,2025-03-09,Fashion,Jeans,440.93,3,MULTAN  ,Cash on Delivery,5.0
1325,920,2025-01-08,Fashion,Jacket,54.47,1,Islamabad,Bank Transfer,5.0
1326,272,2025-08-07,Fashion,Sneakers,310.03,2,Peshawar,Credit Card,
1327,1330,2025-02-12,Home & Kitchen,Bedsheet,172.17,1,ISLAMABAD  ,Bank Transfer,3.0
1328,221,2025-03-11,Books,Novel,318.18,5,Lahore,Cash on Delivery,5.0
1329,601,2025-08-06,Books,Comic,238.7,3,Islamabad,Cash on Delivery,5.0
1330,1205,2025-08-06,Electronics,Smartphone,201.14,3,Quetta,Credit Card,4.0
1331,841,2025-05-30,Books,Self-Help Book,418.57,4,Lahore,Credit Card,3.0
1332,806,2025-03-01,Home & Kitchen,Mixer Grinder,356.1,4,Islamabad,Debit Card,5.0
1333,106,2025-04-14,Books,Textbook,292.78,2,Multan,Wallet,2.0
1334,1067,2025-07-29,Fashion,Jacket,328.7,3,Multan,Wallet,1.0
1335,503,2025-03-12,Home & Kitchen,Bedsheet,358.96,2,Faisalabad,Cash on Delivery,5.0
1336,181,2025-04-01,Fashion,Kurta,292.12,1,Peshawar,Credit Card,5.0
1337,1112,2025-09-16,Electronics,Smartwatch,265.63,3,Islamabad,Cash on Delivery,5.0
1338,1457,2025-08-18,Electronics,Laptop,206.55,1,FAISALABAD  ,Credit Card,5.0
1339,1585,2025-02-17,Beauty,Face Wash,59.65,5,,Bank Transfer,5.0
1340,1157,2025-02-01,Books,Comic,110.46,2,KARACHI  ,Bank Transfer,
1341,571,2025-10-03,Books,Textbook,313.7,2,Lahore,Bank Transfer,5.0
1342,697,2025-10-20,Home & Kitchen,Mixer Grinder,148.87,1,Faisalabad,Wallet,1.0
1343,13,2025-06-09,Fashion,Jacket,27.06,1,Lahore,Debit Card,4.0
1344,776,2025-04-30,Beauty,Face Wash,314.99,3,Faisalabad,Bank Transfer,4.0
1345,731,2025-08-22,Electronics,Tablet,333.26,2,Lahore,Bank Transfer,4.0
1346,858,2025-01-30,Beauty,Shampoo,407.53,1,Islamabad,Bank Transfer,
1347,1559,2025-03-13,Books,Novel,161.84,5,PESHAWAR  ,Credit Card,4.0
1348,1413,2025-03-06,Home & Kitchen,Table Lamp,489.53,3,KARACHI  ,Debit Card,3.0
1349,476,2025-06-12,Home & Kitchen,Table Lamp,309.02,5,Peshawar,Credit Card,1.0
1350,1320,2025-08-27,Beauty,Shampoo,320.64,4,Multan,Bank Transfer,3.0
1351,1477,2025-04-17,Home & Kitchen,Cookware Set,294.03,2,Quetta,Bank Transfer,5.0
1352,566,2025-07-28,Home & Kitchen,Cookware Set,280.64,4,Multan,Debit Card,2.0
1353,812,2025-02-17,Home & Kitchen,Mixer Grinder,274.54,5,Quetta,Debit Card,5.0
1354,1620,2025-04-26,Electronics,Tablet,237.37,2,Lahore,Bank Transfer,5.0
1355,1077,2025-07-23,Home & Kitchen,Cookware Set,184.87,5,Faisalabad,Wallet,3.0
1356,802,2025-06-06,Electronics,Smartphone,43.75,4,Islamabad,Cash on Delivery,4.0
1357,329,2025-03-08,Home & Kitchen,Bedsheet,337.0,1,Multan,Cash on Delivery,4.0
1358,1278,2025-08-03,Beauty,Shampoo,170.4,5,Quetta,Debit Card,4.0
1359,1089,2025-10-13,Home & Kitchen,Bedsheet,473.4,2,Peshawar,Debit Card,4.0
1360,1492,2025-03-20,Electronics,Laptop,254.85,5,FAISALABAD  ,Credit Card,5.0
1361,1627,2025-06-17,Books,Self-Help Book,173.44,1,Karachi,Cash on Delivery,4.0
1362,1079,2025-09-29,Electronics,Headphones,35.45,4,Peshawar,Debit Card,5.0
1363,739,2025-05-14,Electronics,Laptop,114.46,5,ISLAMABAD  ,Credit Card,1.0
1364,1526,2025-03-09,Books,Self-Help Book,38.91,3,Peshawar,Bank Transfer,5.0
1365,870,2025-05-29,Fashion,T-Shirt,135.15,2,Peshawar,Debit Card,4.0
1366,1033,2025-04-28,Books,Textbook,262.4,5,LAHORE  ,Bank Transfer,4.0
1367,1587,2025-01-08,Fashion,Jacket,125.7,2,Karachi,Bank Transfer,4.0
1368,1643,2025-03-03,Beauty,Lipstick,486.1,2,Peshawar,Debit Card,5.0
1369,606,2025-01-13,Beauty,Face Wash,40.39,1,Multan,Cash on Delivery,5.0
1370,982,2025-06-22,Home & Kitchen,Cookware Set,120.6,4,Islamabad,Bank Transfer,5.0
1371,1581,2025-09-16,Fashion,Sneakers,146.66,3,Peshawar,Bank Transfer,5.0
1372,280,2025-06-21,Fashion,Sneakers,100.61,2,Quetta,Debit Card,5.0
1373,29,2025-10-06,Home & Kitchen,Mixer Grinder,296.97,5,Karachi,Wallet,4.0
1374,280,2025-09-09,Fashion,Kurta,283.53,2,Quetta,Debit Card,
1375,842,2025-08-21,Books,Novel,435.85,3,Peshawar,Credit Card,5.0
1376,1115,2025-03-24,Books,Textbook,291.56,5,Multan,Cash on Delivery,3.0
1377,1400,2025-10-10,Books,Textbook,74.69,4,Quetta,Wallet,4.0
1378,1529,2025-01-13,Books,Novel,457.65,4,Islamabad,Debit Card,4.0
1379,1626,2025-01-14,Home & Kitchen,Mixer Grinder,141.02,3,Islamabad,Bank Transfer,4.0
1380,3,2025-06-13,Books,Self-Help Book,450.62,4,Islamabad,Cash on Delivery,4.0
1381,628,2025-05-22,Electronics,Tablet,359.24,3,Peshawar,Wallet,4.0
1382,1554,2025-08-18,Fashion,Kurta,112.86,1,Lahore,Bank Transfer,4.0
1383,548,2025-10-27,Books,Comic,41.42,1,Peshawar,Bank Transfer,4.0
1384,1646,2025-03-29,Fashion,Kurta,85.64,4,Karachi,Debit Card,3.0
1385,1099,2025-08-17,Beauty,Shampoo,375.34,4,Peshawar,Cash on Delivery,5.0
1386,329,2025-07-23,Home & Kitchen,Mixer Grinder,159.33,4,Faisalabad,Credit Card,5.0
1387,1223,2025-05-10,Fashion,Kurta,421.5,2,Islamabad,Debit Card,5.0
1388,1228,2025-01-17,Beauty,Perfume,127.52,1,Karachi,Credit Card,
1389,393,2025-09-24,Home & Kitchen,Bedsheet,485.57,1,Quetta,Bank Transfer,
1390,1522,2025-04-27,Home & Kitchen,Table Lamp,412.2,2,Islamabad,Cash on Delivery,5.0
1391,1532,2025-04-19,Fashion,Jacket,309.62,1,Karachi,Wallet,3.0
1392,1397,2025-09-30,Electronics,Smartwatch,109.52,1,Karachi,Credit Card,5.0
1393,1289,2025-01-01,Fashion,Kurta,259.45,4,Faisalabad,Credit Card,4.0
1394,1345,2025-04-24,Home & Kitchen,Table Lamp,393.52,4,Peshawar,Credit Card,5.0
1395,1015,2025-07-15,Fashion,Sneakers,131.96,5,Lahore,Cash on Delivery,4.0
1396,640,2025-06-02,Fashion,Sneakers,478.77,4,Islamabad,Debit Card,4.0
1397,608,2025-09-03,Beauty,Lipstick,362.17,5,Quetta,Cash on Delivery,
1398,1466,2025-08-28,Home & Kitchen,Cookware Set,270.63,1,Lahore,Wallet,3.0
1399,612,2025-03-27,Fashion,Kurta,12.4,1,Islamabad,Debit Card,4.0
1400,1599,2025-03-22,Fashion,Kurta,62.12,1,Karachi,Cash on Delivery,1.0
1401,969,2025-05-20,Beauty,Lipstick,486.58,5,Quetta,Bank Transfer,2.0
1402,966,2025-09-19,Books,Comic,203.16,1,Faisalabad,Debit Card,5.0
1403,1573,2025-10-23,Electronics,Tablet,102.76,5,Islamabad,Wallet,4.0
1404,934,2025-08-03,Electronics,Headphones,108.88,2,Karachi,Wallet,4.0
1405,158,2025-04-12,Electronics,Laptop,214.32,2,Quetta,Bank Transfer,4.0
1406,141,2025-03-04,Home & Kitchen,Table Lamp,,4,,,4.0
1407,284,2025-09-29,Fashion,Sneakers,375.4,4,Multan,Debit Card,5.0
1408,1385,2025-01-09,Fashion,Jacket,25.59,4,Quetta,Cash on Delivery,4.0
1409,32,2025-02-26,Fashion,T-Shirt,198.78,2,Peshawar,Wallet,3.0
1410,1080,2025-06-07,Beauty,Shampoo,14.08,3,Karachi,Debit Card,
1411,764,2025-06-09,Beauty,Face Wash,19.62,2,Multan,Bank Transfer,1.0
1412,441,2025-01-16,Electronics,Tablet,268.3,3,Faisalabad,Debit Card,
1413,1644,2025-05-31,Electronics,Smartwatch,286.05,2,Faisalabad,Debit Card,4.0
1414,1063,2025-10-15,Books,Textbook,412.87,1,Faisalabad,Bank Transfer,4.0
1415,694,2025-09-06,Books,Textbook,457.27,2,Quetta,Debit Card,5.0
1416,874,2025-03-16,Fashion,Jacket,87.27,4,Lahore,Debit Card,5.0
1417,1332,2025-05-14,Books,Novel,488.95,2,Lahore,Debit Card,1.0
1418,1653,2025-04-24,Beauty,Shampoo,359.18,2,,Debit Card,
1419,199,2025-06-11,Fashion,T-Shirt,97.19,3,Multan,Cash on Delivery,4.0
1420,348,2025-05-27,Beauty,Lipstick,222.26,1,Peshawar,Cash on Delivery,4.0
1421,350,2025-09-30,Electronics,Headphones,474.2,5,Karachi,Credit Card,
1422,872,2025-02-06,Books,Novel,345.03,4,Peshawar,Cash on Delivery,4.0
1423,1107,2025-03-16,Electronics,Smartphone,382.66,1,Peshawar,Wallet,5.0
1424,1291,2025-01-21,Home & Kitchen,Cookware Set,314.18,5,Peshawar,Debit Card,3.0
1425,290,2025-03-28,Beauty,Shampoo,21.97,1,Faisalabad,Cash on Delivery,4.0
1426,753,2025-04-19,Electronics,Tablet,487.91,2,Karachi,Debit Card,4.0
1427,609,2025-01-08,Home & Kitchen,Mixer Grinder,386.15,5,Peshawar,Bank Transfer,
1428,686,2025-07-06,Electronics,Headphones,281.28,3,Peshawar,Bank Transfer,1.0
1429,1028,2025-06-28,Beauty,Lipstick,446.91,5,Multan,Bank Transfer,5.0
1430,1402,2025-05-26,Beauty,Perfume,226.57,2,Faisalabad,Bank Transfer,5.0
1431,1197,2025-09-26,Home & Kitchen,Bedsheet,328.65,4,Faisalabad,Debit Card,5.0
1432,1189,2025-08-31,Home & Kitchen,Mixer Grinder,100.13,4,Quetta,Wallet,5.0
1433,1249,2025-01-24,Home & Kitchen,Bedsheet,454.87,1,QUETTA  ,Credit Card,4.0
1434,465,2025-10-15,Home & Kitchen,Cookware Set,326.87,4,Faisalabad,Wallet,5.0
1435,1215,2025-02-18,Beauty,Face Wash,296.61,1,Faisalabad,Credit Card,5.0
1436,407,2025-01-23,Fashion,Kurta,172.19,4,Karachi,Cash on Delivery,4.0
1437,941,2025-05-01,Electronics,Smartphone,22.7,3,Peshawar,Debit Card,3.0
1438,928,2025-01-27,Fashion,Sneakers,479.27,4,Lahore,Credit Card,5.0
1439,751,2025-02-25,Home & Kitchen,Bedsheet,411.46,2,Peshawar,Credit Card,5.0
1440,1399,2025-09-17,Fashion,T-Shirt,232.86,4,Karachi,Wallet,5.0
1441,1462,2025-06-21,Fashion,Kurta,457.94,5,Multan,Bank Transfer,2.0
1442,539,2025-07-15,Beauty,Perfume,428.1,4,MULTAN  ,Debit Card,3.0
1443,1456,2025-09-09,Books,Self-Help Book,31.29,4,Peshawar,Cash on Delivery,
1444,820,2025-05-20,Electronics,Headphones,406.18,2,Islamabad,Cash on Delivery,2.0
1445,79,2025-09-13,Electronics,Smartwatch,175.56,1,Islamabad,Credit Card,5.0
1446,1551,2025-03-16,Home & Kitchen,Mixer Grinder,382.51,2,Peshawar,Debit Card,5.0
1447,135,2025-10-18,Fashion,Jacket,446.07,4,Islamabad,Wallet,1.0
1448,1549,2025-08-16,Electronics,Smartphone,317.05,1,Lahore,Wallet,4.0
1449,181,2025-10-02,Home & Kitchen,Table Lamp,492.97,3,Quetta,Cash on Delivery,5.0
1450,616,2025-04-22,Home & Kitchen,Bedsheet,156.19,2,Multan,Wallet,4.0
1451,231,2025-02-18,Home & Kitchen,Table Lamp,365.53,5,Peshawar,Debit Card,5.0
1452,125,2025-01-29,Books,Self-Help Book,160.95,1,Lahore,Debit Card,5.0
1453,776,2025-01-02,Books,Novel,14.14,5,KARACHI  ,Credit Card,5.0
1454,1132,2025-10-20,Books,Novel,192.92,5,Islamabad,Cash on Delivery,4.0
1455,428,2025-04-30,Beauty,Face Wash,387.68,2,KARACHI  ,Credit Card,4.0
1456,925,2025-02-05,Beauty,Perfume,255.49,3,Islamabad,Credit Card,
1457,155,2025-03-26,Beauty,Perfume,492.16,2,Karachi,Bank Transfer,5.0
1458,1545,2025-09-04,Fashion,Jacket,10.82,3,Islamabad,Credit Card,5.0
1459,1345,2025-08-24,Electronics,Tablet,463.47,4,Quetta,Bank Transfer,4.0
1460,1470,2025-10-25,Fashion,Jacket,407.51,3,Islamabad,Bank Transfer,5.0
1461,1052,2025-08-22,Electronics,Headphones,242.72,4,Multan,Credit Card,5.0
1462,695,2025-03-18,Fashion,Jeans,463.14,4,Karachi,Credit Card,5.0
1463,718,2025-05-14,Beauty,Perfume,76.13,3,Islamabad,Bank Transfer,5.0
1464,1635,2025-01-28,Fashion,Kurta,392.34,1,Faisalabad,Cash on Delivery,5.0
1465,1478,2025-03-19,Home & Kitchen,Cookware Set,43.43,5,Karachi,Debit Card,2.0
1466,492,2025-08-01,Books,Self-Help Book,488.32,1,Karachi,Bank Transfer,5.0
1467,1132,2025-01-23,Home & Kitchen,Table Lamp,44.77,1,Multan,Bank Transfer,4.0
1468,1468,2025-07-12,Electronics,Laptop,124.94,2,Karachi,Wallet,5.0
1469,653,2025-04-21,Beauty,Perfume,49.06,2,Faisalabad,Credit Card,4.0
1470,1367,2025-04-04,Beauty,Shampoo,430.11,2,Karachi,Credit Card,5.0
1471,16,2025-03-13,Electronics,Laptop,246.61,2,Peshawar,Debit Card,5.0
1472,1403,2025-01-25,Electronics,Smartwatch,383.75,1,Islamabad,Bank Transfer,5.0
1473,775,2025-08-19,Fashion,Jacket,440.67,3,ISLAMABAD  ,Credit Card,1.0
1474,1564,2025-04-02,Fashion,T-Shirt,186.3,4,QUETTA  ,Credit Card,5.0
1475,811,2025-06-06,Beauty,Lipstick,249.28,2,Faisalabad,Debit Card,5.0
1476,1024,2025-06-20,Fashion,T-Shirt,330.79,1,MULTAN  ,Cash on Delivery,5.0
1477,1237,2025-08-19,Books,Novel,434.82,5,Karachi,Bank Transfer,5.0
1478,1250,2025-09-06,Beauty,Shampoo,374.02,1,Karachi,Wallet,5.0
1479,1265,2025-01-23,Home & Kitchen,Bedsheet,486.62,2,Faisalabad,Cash on Delivery,5.0
1480,1485,2025-10-07,Electronics,Smartwatch,122.47,4,Faisalabad,Wallet,5.0
1481,1047,2025-02-07,Beauty,Perfume,212.04,3,Islamabad,Wallet,5.0
1482,1062,2025-02-12,Books,Novel,176.32,3,Quetta,Debit Card,4.0
1483,123,2025-09-24,Beauty,Shampoo,46.05,1,Multan,Debit Card,5.0
1484,1562,2025-05-02,Home & Kitchen,Bedsheet,230.69,5,Peshawar,Cash on Delivery,5.0
1485,967,2025-01-25,Fashion,Sneakers,200.16,1,Peshawar,Debit Card,5.0
1486,1447,2025-04-12,Home & Kitchen,Mixer Grinder,451.94,2,Karachi,Bank Transfer,5.0
1487,142,2025-04-21,Books,Novel,15.14,3,KARACHI  ,Cash on Delivery,5.0
1488,1363,2025-03-22,Fashion,T-Shirt,108.14,3,Peshawar,Wallet,4.0
1489,147,2025-06-20,Beauty,Face Wash,375.13,5,Multan,Credit Card,5.0
1490,204,2025-10-01,Fashion,Jeans,315.67,2,Lahore,Cash on Delivery,1.0
1491,357,2025-09-13,Beauty,Shampoo,356.91,3,Lahore,Bank Transfer,4.0
1492,113,2025-03-01,Home & Kitchen,Cookware Set,111.53,1,Karachi,Bank Transfer,4.0
1493,1087,2025-01-26,Books,Textbook,140.38,1,Karachi,Bank Transfer,4.0
1494,1605,2025-07-17,Electronics,Smartphone,312.04,4,Faisalabad,Bank Transfer,5.0
1495,1220,2025-04-09,Home & Kitchen,Cookware Set,218.97,2,Islamabad,Wallet,5.0
1496,572,2025-06-29,Books,Self-Help Book,380.6,2,Multan,Wallet,4.0
1497,1170,2025-06-15,Electronics,Headphones,283.51,5,FAISALABAD  ,Cash on Delivery,2.0
1498,713,2025-09-12,Electronics,Smartwatch,453.16,3,Quetta,Bank Transfer,5.0
1499,823,2025-03-28,Home & Kitchen,Mixer Grinder,220.52,4,Islamabad,Cash on Delivery,5.0
1500,27,2025-08-11,Beauty,Lipstick,356.46,1,Lahore,Wallet,1.0
1501,41,2025-07-10,Fashion,Kurta,354.03,1,QUETTA  ,Bank Transfer,
1502,1166,2025-05-16,Fashion,Jeans,232.63,2,Faisalabad,Bank Transfer,4.0
1503,46,2025-01-31,Home & Kitchen,Table Lamp,428.79,4,Karachi,Wallet,
1504,913,2025-10-27,Electronics,Laptop,340.54,5,Karachi,Bank Transfer,5.0
1505,1502,2025-07-05,Beauty,Lipstick,389.5,3,Karachi,Credit Card,5.0
1506,286,2025-02-27,Home & Kitchen,Cookware Set,306.74,2,Faisalabad,Bank Transfer,4.0
1507,1357,2025-02-12,Electronics,Smartphone,165.98,2,Multan,Bank Transfer,5.0
1508,1637,2025-07-04,Home & Kitchen,Bedsheet,299.09,4,FAISALABAD  ,Wallet,
1509,1443,2025-09-21,Fashion,T-Shirt,182.03,2,Faisalabad,Debit Card,4.0
1510,1336,2025-01-16,Beauty,Perfume,279.77,5,Multan,Debit Card,4.0
1511,105,2025-02-16,Beauty,Face Wash,466.39,1,Islamabad,Credit Card,4.0
1512,144,2025-10-05,Electronics,Smartphone,266.63,2,Karachi,Wallet,5.0
1513,837,2025-03-15,Fashion,Sneakers,199.26,3,Quetta,Credit Card,5.0
1514,692,2025-01-24,Books,Comic,94.51,2,Lahore,Bank Transfer,5.0
1515,522,2025-04-22,Fashion,Jeans,366.47,2,Multan,Cash on Delivery,3.0
1516,598,2025-01-27,Fashion,T-Shirt,54.1,1,Multan,Credit Card,3.0
1517,775,2025-10-27,Home & Kitchen,Table Lamp,221.38,4,QUETTA  ,Credit Card,1.0
1518,1366,2025-03-03,Books,Comic,462.69,2,Karachi,Bank Transfer,5.0
1519,1371,2025-09-02,Beauty,Perfume,100.54,5,Faisalabad,Wallet,5.0
1520,474,2025-09-14,Electronics,Smartwatch,16.07,3,Karachi,Bank Transfer,5.0
1521,945,2025-08-18,Fashion,Sneakers,51.49,2,Lahore,Debit Card,5.0
1522,900,2025-09-07,Electronics,Smartwatch,10.52,2,Karachi,Debit Card,5.0
1523,1659,2025-02-09,Fashion,Jeans,426.37,5,Karachi,Credit Card,5.0
1524,1431,2025-09-26,Electronics,Tablet,307.2,1,Islamabad,Wallet,4.0
1525,987,2025-09-21,Books,Novel,389.69,2,Multan,Cash on Delivery,1.0
1526,1392,2025-09-13,Beauty,Lipstick,228.28,1,Peshawar,Debit Card,5.0
1527,464,2025-08-26,Fashion,Jacket,81.27,2,Islamabad,Bank Transfer,2.0
1528,1128,2025-05-27,Books,Novel,371.18,1,Faisalabad,Credit Card,5.0
1529,1666,2025-08-28,Electronics,Laptop,300.69,1,PESHAWAR  ,Bank Transfer,4.0
1530,1374,2025-09-29,Beauty,Lipstick,138.65,5,Faisalabad,Bank Transfer,4.0
1531,1033,2025-10-25,Fashion,Kurta,354.85,1,Lahore,Credit Card,1.0
1532,918,2025-03-02,Books,Self-Help Book,257.0,1,Multan,Cash on Delivery,5.0
1533,1146,2025-09-18,Fashion,T-Shirt,207.2,4,Karachi,Debit Card,4.0
1534,495,2025-01-31,Home & Kitchen,Cookware Set,493.23,2,FAISALABAD  ,Cash on Delivery,4.0
1535,308,2025-10-08,Home & Kitchen,Cookware Set,323.96,2,Islamabad,Cash on Delivery,5.0
1536,483,2025-07-11,Home & Kitchen,Table Lamp,82.17,5,Faisalabad,Debit Card,4.0
1537,532,2025-01-25,Fashion,Sneakers,68.65,2,Faisalabad,Credit Card,
1538,1151,2025-10-20,Electronics,Tablet,65.2,3,MULTAN  ,Debit Card,5.0
1539,1551,2025-05-09,Electronics,Tablet,240.25,2,Lahore,Credit Card,4.0
1540,135,2025-09-27,Beauty,Shampoo,445.1,2,QUETTA  ,Debit Card,4.0
1541,744,2025-07-22,Books,Comic,227.4,5,Multan,Credit Card,5.0
1542,1299,2025-01-17,Beauty,Lipstick,305.02,2,Faisalabad,Credit Card,5.0
1543,1535,2025-03-19,Fashion,Jacket,484.92,3,Lahore,Debit Card,5.0
1544,994,2025-03-24,Electronics,Smartwatch,455.56,5,MULTAN  ,Wallet,4.0
1545,499,2025-10-21,Beauty,Face Wash,220.74,3,Faisalabad,Cash on Delivery,5.0
1546,66,2025-07-08,Home & Kitchen,Table Lamp,367.15,2,Multan,Debit Card,5.0
1547,1385,2025-10-02,Beauty,Face Wash,37.75,2,Quetta,Credit Card,5.0
1548,983,2025-09-17,Electronics,Laptop,397.12,4,Multan,Credit Card,4.0
1549,957,2025-01-13,Books,Novel,118.85,3,PESHAWAR  ,Wallet,4.0
1550,1260,2025-02-19,Fashion,Sneakers,57.66,4,Faisalabad,Debit Card,5.0
1551,1008,2025-02-04,Fashion,Jacket,376.32,1,Quetta,Debit Card,5.0
1552,1124,2025-01-08,Home & Kitchen,Bedsheet,432.49,3,Islamabad,Bank Transfer,3.0
1553,1244,2025-02-14,Books,Self-Help Book,429.86,4,Lahore,Bank Transfer,5.0
1554,1394,2025-07-14,Home & Kitchen,Bedsheet,456.33,2,ISLAMABAD  ,Debit Card,4.0
1555,1355,2025-08-12,Fashion,Sneakers,178.29,4,,Wallet,3.0
1556,1665,2025-02-11,Home & Kitchen,Bedsheet,204.77,2,Peshawar,Debit Card,5.0
1557,1267,2025-05-07,Fashion,Kurta,373.36,2,Islamabad,Debit Card,
1558,470,2025-04-06,Beauty,Perfume,198.41,3,Lahore,Debit Card,
1559,924,2025-05-17,Beauty,Shampoo,353.62,4,Multan,Wallet,4.0
1560,186,2025-09-18,Beauty,Lipstick,435.68,5,Islamabad,Cash on Delivery,5.0
1561,1641,2025-09-28,Beauty,Face Wash,418.67,3,Multan,Cash on Delivery,5.0
1562,1337,2025-05-07,Home & Kitchen,Bedsheet,73.26,2,Quetta,Cash on Delivery,
1563,579,2025-06-02,Home & Kitchen,Bedsheet,339.57,2,Islamabad,Wallet,4.0
1564,847,2025-09-04,Fashion,T-Shirt,235.82,5,Peshawar,Wallet,3.0
1565,1583,2025-04-23,Fashion,Kurta,448.22,4,Faisalabad,Cash on Delivery,4.0
1566,193,2025-07-17,Fashion,Jacket,235.64,1,Quetta,Cash on Delivery,4.0
1567,1645,2025-08-08,Electronics,Headphones,211.91,4,Peshawar,Wallet,
1568,1194,2025-04-30,Home & Kitchen,Cookware Set,349.34,5,Karachi,Debit Card,4.0
1569,677,2025-01-18,Electronics,Smartwatch,196.28,1,Multan,Bank Transfer,5.0
1570,1520,2025-06-13,Books,Self-Help Book,494.16,2,Karachi,Bank Transfer,4.0
1571,348,2025-01-15,Electronics,Smartphone,431.32,5,Lahore,Debit Card,2.0
1572,870,2025-10-15,Books,Comic,116.11,1,Multan,Wallet,
1573,738,2025-10-17,Fashion,Jeans,153.61,4,Faisalabad,Cash on Delivery,4.0
1574,959,2025-07-26,Books,Comic,498.09,5,Peshawar,Credit Card,4.0
1575,1512,2025-01-23,Beauty,Face Wash,385.87,3,KARACHI  ,Bank Transfer,5.0
1576,1166,2025-09-28,Beauty,Face Wash,169.49,3,Islamabad,Wallet,5.0
1577,575,2025-01-06,Books,Self-Help Book,496.47,4,Quetta,Credit Card,
1578,669,2025-10-16,Home & Kitchen,Bedsheet,395.72,3,FAISALABAD  ,Cash on Delivery,4.0
1579,1037,2025-04-19,Electronics,Smartwatch,408.78,1,Multan,Wallet,
1580,1557,2025-09-02,Beauty,Lipstick,318.94,5,Peshawar,Credit Card,4.0
1581,1366,2025-09-16,Fashion,T-Shirt,433.73,3,LAHORE  ,Wallet,4.0
1582,824,2025-05-31,Fashion,Jeans,185.45,2,Faisalabad,Credit Card,4.0
1583,1504,2025-06-21,Books,Comic,77.94,1,Islamabad,Credit Card,1.0
1584,172,2025-07-26,Beauty,Lipstick,219.6,3,Multan,Cash on Delivery,5.0
1585,708,2025-07-21,Fashion,Kurta,337.69,4,Peshawar,Credit Card,4.0
1586,344,2025-01-10,Fashion,T-Shirt,109.22,4,Peshawar,Debit Card,5.0
1587,267,2025-07-20,Books,Comic,488.6,5,QUETTA  ,Cash on Delivery,3.0
1588,246,2025-06-07,Beauty,Face Wash,194.38,3,Lahore,Credit Card,5.0
1589,304,2025-07-17,Beauty,Lipstick,36.12,1,Quetta,Wallet,5.0
1590,1048,2025-09-18,Books,Self-Help Book,470.86,4,Peshawar,Credit Card,5.0
1591,603,2025-01-16,Books,Comic,131.74,5,Peshawar,Bank Transfer,3.0
1592,437,2025-04-23,Fashion,Jeans,418.26,5,Karachi,Bank Transfer,4.0
1593,1213,2025-09-19,Home & Kitchen,Mixer Grinder,203.71,2,Faisalabad,Debit Card,5.0
1594,797,2025-04-01,Home & Kitchen,Cookware Set,320.05,2,Karachi,Credit Card,3.0
1595,707,2025-09-24,Home & Kitchen,Mixer Grinder,20.39,5,Peshawar,Debit Card,5.0
1596,133,2025-07-24,Home & Kitchen,Cookware Set,296.21,3,Multan,Cash on Delivery,
1597,46,2025-07-22,Home & Kitchen,Cookware Set,426.85,1,Quetta,Credit Card,5.0
1598,217,2025-03-10,Books,Novel,191.53,1,Peshawar,Cash on Delivery,5.0
1599,827,2025-02-13,Home & Kitchen,Table Lamp,221.97,4,Islamabad,Bank Transfer,4.0
1600,144,2025-02-14,Books,Self-Help Book,283.87,3,Multan,Cash on Delivery,5.0
1601,242,2025-10-03,Home & Kitchen,Bedsheet,134.93,3,Peshawar,Bank Transfer,5.0
1602,423,2025-07-26,Fashion,Jeans,309.49,2,Faisalabad,Cash on Delivery,5.0
1603,1256,2025-05-31,Books,Self-Help Book,115.85,2,Multan,Credit Card,5.0
1604,1538,2025-08-31,Electronics,Smartphone,219.26,4,Peshawar,Wallet,4.0
1605,1215,2025-01-16,Electronics,Smartwatch,239.35,5,Lahore,Cash on Delivery,
1606,113,2025-03-22,Fashion,Sneakers,333.85,5,Lahore,Credit Card,5.0
1607,869,2025-02-03,Books,Textbook,14.45,2,Islamabad,Cash on Delivery,3.0
1608,112,2025-05-25,Home & Kitchen,Mixer Grinder,443.85,5,Faisalabad,Debit Card,4.0
1609,18,2025-09-29,Fashion,Sneakers,430.3,3,Lahore,Debit Card,3.0
1610,212,2025-07-14,Beauty,Lipstick,249.28,3,Faisalabad,Credit Card,3.0
1611,426,2025-04-01,Books,Novel,7.17,3,Faisalabad,Wallet,3.0
1612,103,2025-09-04,Home & Kitchen,Bedsheet,376.82,2,Lahore,Debit Card,1.0
1613,387,2025-04-27,Home & Kitchen,Cookware Set,125.83,1,Karachi,Debit Card,4.0
1614,805,2025-02-18,Fashion,Jeans,219.37,4,Peshawar,Cash on Delivery,4.0
1615,1068,2025-09-30,Beauty,Perfume,194.81,3,Lahore,Debit Card,1.0
1616,1,2025-09-11,Fashion,Kurta,243.31,4,Quetta,Debit Card,1.0
1617,95,2025-08-03,Beauty,Perfume,495.34,4,Quetta,Debit Card,5.0
1618,1133,2025-06-18,Beauty,Face Wash,442.15,2,Peshawar,Cash on Delivery,5.0
1619,1285,2025-10-24,Books,Self-Help Book,246.91,1,Faisalabad,Debit Card,3.0
1620,1560,2025-04-19,Beauty,Perfume,412.27,1,Islamabad,Credit Card,4.0
1621,1365,2025-01-10,Fashion,Jacket,136.92,5,KARACHI  ,Cash on Delivery,5.0
1622,631,2025-09-08,Fashion,Kurta,299.3,5,Faisalabad,Bank Transfer,4.0
1623,1620,2025-04-23,Beauty,Shampoo,405.04,5,Karachi,Credit Card,5.0
1624,37,2025-02-03,Fashion,Jacket,53.94,3,Quetta,Cash on Delivery,5.0
1625,1223,2025-03-20,Home & Kitchen,Mixer Grinder,210.24,3,Multan,Debit Card,3.0
1626,1268,2025-07-11,Electronics,Tablet,493.05,4,Faisalabad,Wallet,4.0
1627,735,2025-07-11,Fashion,Kurta,75.59,4,Karachi,Credit Card,4.0
1628,983,2025-03-21,Electronics,Tablet,134.92,2,Peshawar,Cash on Delivery,2.0
1629,1277,2025-07-24,Home & Kitchen,Table Lamp,412.28,4,Lahore,Wallet,4.0
1630,614,2025-09-28,Electronics,Smartwatch,289.67,1,Faisalabad,Wallet,4.0
1631,56,2025-08-14,Books,Comic,86.94,3,Faisalabad,Cash on Delivery,4.0
1632,797,2025-05-31,Books,Textbook,362.84,5,Karachi,Debit Card,5.0
1633,1257,2025-06-10,Home & Kitchen,Cookware Set,275.78,5,Lahore,Bank Transfer,4.0
1634,655,2025-06-23,Home & Kitchen,Table Lamp,173.75,2,Peshawar,Credit Card,4.0
1635,279,2025-07-13,Home & Kitchen,Bedsheet,25.81,2,Peshawar,Cash on Delivery,4.0
1636,999,2025-04-23,Beauty,Lipstick,402.95,5,Lahore,Wallet,5.0
1637,705,2025-07-03,Fashion,Jeans,187.11,3,Quetta,Credit Card,4.0
1638,582,2025-08-12,Fashion,Jacket,451.11,2,ISLAMABAD  ,Debit Card,
1639,24,2025-10-08,Fashion,Jacket,355.53,2,Faisalabad,Debit Card,2.0
1640,434,2025-07-15,Beauty,Face Wash,308.34,5,Peshawar,Debit Card,
1641,244,2025-01-15,Electronics,Tablet,341.17,1,Multan,Debit Card,4.0
1642,352,2025-04-15,Beauty,Shampoo,425.05,1,Islamabad,Bank Transfer,5.0
1643,861,2025-09-28,Beauty,Lipstick,175.14,1,Quetta,Bank Transfer,5.0
1644,39,2025-09-07,Electronics,Headphones,23.21,3,Karachi,Bank Transfer,
1645,1550,2025-01-30,Beauty,Perfume,250.28,2,Lahore,Bank Transfer,5.0
1646,63,2025-06-01,Beauty,Perfume,432.21,3,MULTAN  ,Bank Transfer,5.0
1647,1140,2025-10-25,Electronics,Tablet,380.66,3,Karachi,Bank Transfer,4.0
1648,379,2025-06-04,Electronics,Headphones,403.79,5,Karachi,Bank Transfer,
1649,1173,2025-07-09,Home & Kitchen,Cookware Set,420.01,4,Karachi,Cash on Delivery,4.0
1650,703,2025-02-15,Fashion,T-Shirt,39.67,2,Multan,Debit Card,5.0
1651,412,2025-05-16,Electronics,Smartwatch,212.09,2,Lahore,Cash on Delivery,5.0
1652,1484,2025-02-14,Books,Novel,348.73,4,Lahore,Credit Card,3.0
1653,74,2025-09-09,Home & Kitchen,Cookware Set,54.58,2,Lahore,Cash on Delivery,4.0
1654,1197,2025-04-03,Home & Kitchen,Cookware Set,41.61,2,Faisalabad,Bank Transfer,5.0
1655,373,2025-08-24,Electronics,Laptop,407.84,4,Quetta,Bank Transfer,5.0
1656,380,2025-02-21,Fashion,T-Shirt,180.89,3,Karachi,Cash on Delivery,2.0
1657,1001,2025-05-25,Electronics,Tablet,375.33,1,Lahore,Debit Card,4.0
1658,1283,2025-05-05,Home & Kitchen,Mixer Grinder,269.38,1,LAHORE  ,Debit Card,4.0
1659,533,2025-06-21,Electronics,Smartwatch,474.06,1,Karachi,Credit Card,4.0
1660,549,2025-06-01,Beauty,Perfume,287.52,4,Lahore,Wallet,4.0
1661,1043,2025-10-10,Books,Comic,463.95,3,PESHAWAR  ,Bank Transfer,3.0
1662,1279,2025-05-12,Electronics,Laptop,332.25,2,LAHORE  ,Credit Card,5.0
1663,1180,2025-07-04,Beauty,Lipstick,346.33,3,Multan,Credit Card,5.0
1664,1141,2025-07-23,Fashion,Jeans,130.11,4,Lahore,Debit Card,5.0
1665,1204,2025-10-10,Home & Kitchen,Table Lamp,286.87,5,Quetta,Cash on Delivery,3.0
1666,1511,2025-08-01,Home & Kitchen,Cookware Set,108.37,5,Multan,Debit Card,4.0
1667,466,2025-09-11,Beauty,Face Wash,440.07,1,Quetta,Cash on Delivery,5.0
1668,934,2025-06-17,Electronics,Smartphone,492.54,1,Karachi,Bank Transfer,1.0
1669,196,2025-09-02,Fashion,T-Shirt,23.16,4,Karachi,Credit Card,4.0
1670,1334,2025-10-06,Electronics,Laptop,420.37,2,Peshawar,Cash on Delivery,5.0
1671,665,2025-10-01,Home & Kitchen,Table Lamp,318.86,1,Faisalabad,Cash on Delivery,1.0
1672,1349,2025-02-03,Electronics,Headphones,400.25,2,Islamabad,Debit Card,3.0
1673,410,2025-08-29,Beauty,Shampoo,195.14,5,Faisalabad,Wallet,5.0
1674,1132,2025-06-25,Books,Textbook,435.7,4,Peshawar,Wallet,4.0
1675,1380,2025-07-14,Electronics,Smartphone,496.04,3,KARACHI  ,Wallet,5.0
1676,770,2025-05-25,Home & Kitchen,Cookware Set,70.63,4,Karachi,Wallet,4.0
1677,934,2025-10-12,Books,Textbook,61.82,3,Faisalabad,Cash on Delivery,3.0
1678,302,2025-09-21,Home & Kitchen,Bedsheet,100.99,4,Quetta,Debit Card,4.0
1679,100,2025-06-15,Electronics,Tablet,50.75,4,Islamabad,Wallet,
1680,165,2025-01-30,Books,Novel,69.66,2,Lahore,Debit Card,
1681,839,2025-02-15,Fashion,Jeans,296.4,1,Lahore,Bank Transfer,3.0
1682,1638,2025-06-25,Fashion,T-Shirt,216.09,1,Quetta,Cash on Delivery,
1683,478,2025-06-29,Home & Kitchen,Cookware Set,462.73,5,Quetta,Debit Card,3.0
1684,1094,2025-07-08,Beauty,Lipstick,140.14,1,Karachi,Credit Card,5.0
1685,32,2025-09-17,Books,Novel,494.39,3,Quetta,Bank Transfer,5.0
1686,656,2025-02-27,Fashion,Jacket,202.03,5,Faisalabad,Credit Card,4.0
1687,399,2025-07-28,Home & Kitchen,Mixer Grinder,141.11,2,Faisalabad,Debit Card,5.0
1688,1582,2025-10-16,Beauty,Face Wash,360.53,1,Faisalabad,Wallet,4.0
1689,1499,2025-07-11,Fashion,Jeans,338.96,3,Karachi,Credit Card,4.0
1690,131,2025-09-20,Beauty,Face Wash,242.91,3,Lahore,Cash on Delivery,2.0
1691,781,2025-10-22,Fashion,Kurta,52.5,2,Islamabad,Cash on Delivery,
1692,943,2025-05-29,Beauty,Perfume,217.79,4,Islamabad,Wallet,5.0
1693,1132,2025-02-17,Fashion,Jeans,61.82,5,Quetta,Wallet,4.0
1694,87,2025-08-10,Books,Self-Help Book,162.46,4,Peshawar,Bank Transfer,5.0
1695,35,2025-05-06,Electronics,Laptop,372.97,5,ISLAMABAD  ,Bank Transfer,5.0
1696,1226,2025-10-15,Fashion,Kurta,244.75,4,Islamabad,Credit Card,4.0
1697,103,2025-07-24,Beauty,Shampoo,90.83,3,Peshawar,Wallet,3.0
1698,427,2025-02-22,Fashion,Kurta,29.4,3,Lahore,Cash on Delivery,5.0
1699,308,2025-06-04,Books,Self-Help Book,353.96,2,QUETTA  ,Credit Card,3.0
1700,428,2025-02-22,Books,Textbook,439.49,1,Lahore,Credit Card,3.0
1701,179,2025-07-17,Fashion,T-Shirt,83.28,4,Karachi,Bank Transfer,5.0
1702,1500,2025-10-10,Books,Novel,75.21,4,Peshawar,Bank Transfer,4.0
1703,969,2025-08-19,Home & Kitchen,Mixer Grinder,388.49,4,MULTAN  ,Cash on Delivery,3.0
1704,630,2025-01-30,Fashion,Kurta,488.93,2,PESHAWAR  ,Credit Card,5.0
1705,901,2025-07-14,Beauty,Lipstick,361.39,2,Karachi,Credit Card,4.0
1706,1605,2025-06-20,Fashion,Jacket,396.83,5,Karachi,Debit Card,5.0
1707,1431,2025-05-10,Electronics,Smartphone,419.17,2,Peshawar,Debit Card,5.0
1708,1004,2025-01-14,Books,Novel,222.55,3,Faisalabad,Debit Card,5.0
1709,626,2025-01-15,Home & Kitchen,Cookware Set,253.69,1,Multan,Cash on Delivery,2.0
1710,1036,2025-05-15,Home & Kitchen,Table Lamp,426.29,2,Lahore,Bank Transfer,4.0
1711,206,2025-09-16,Home & Kitchen,Bedsheet,364.59,3,Karachi,Debit Card,3.0
1712,871,2025-10-09,Fashion,Sneakers,450.08,4,Islamabad,Debit Card,4.0
1713,995,2025-06-20,Home & Kitchen,Cookware Set,325.17,3,Faisalabad,Cash on Delivery,
1714,627,2025-08-15,Electronics,Laptop,126.72,1,Quetta,Wallet,5.0
1715,1064,2025-09-30,Fashion,T-Shirt,21.03,1,Quetta,Debit Card,4.0
1716,92,2025-04-27,Home & Kitchen,Mixer Grinder,315.58,5,Lahore,Bank Transfer,5.0
1717,234,2025-07-16,Electronics,Headphones,425.29,2,Karachi,Cash on Delivery,5.0
1718,223,2025-07-07,Beauty,Perfume,178.34,2,LAHORE  ,Credit Card,3.0
1719,591,2025-03-03,Fashion,Sneakers,424.54,4,Karachi,Cash on Delivery,4.0
1720,1590,2025-06-27,Electronics,Smartwatch,362.77,1,Multan,Debit Card,4.0
1721,1147,2025-01-06,Home & Kitchen,Cookware Set,439.43,3,Multan,Credit Card,
1722,830,2025-06-30,Fashion,Sneakers,291.74,3,Peshawar,Debit Card,5.0
1723,1602,2025-02-07,Electronics,Laptop,61.21,3,Islamabad,Cash on Delivery,5.0
1724,833,2025-05-13,Fashion,Kurta,309.68,1,Lahore,Debit Card,4.0
1725,1429,2025-09-07,Fashion,Kurta,239.52,5,Karachi,Credit Card,5.0
1726,1159,2025-01-08,Electronics,Tablet,73.32,3,Karachi,Wallet,1.0
1727,522,2025-05-11,Fashion,Jeans,191.53,1,Peshawar,Wallet,5.0
1728,272,2025-09-01,Beauty,Face Wash,431.12,5,Karachi,Debit Card,4.0
1729,59,2025-08-06,Electronics,Laptop,342.16,3,Quetta,Credit Card,3.0
1730,1534,2025-10-20,Beauty,Face Wash,261.68,5,Karachi,Cash on Delivery,5.0
1731,1569,2025-05-31,Books,Comic,411.29,1,MULTAN  ,Credit Card,4.0
1732,1613,2025-05-08,Electronics,Smartphone,159.04,5,Multan,Debit Card,
1733,1629,2025-03-22,Electronics,Tablet,331.02,5,Quetta,Bank Transfer,
1734,625,2025-01-03,Home & Kitchen,Table Lamp,310.36,2,ISLAMABAD  ,Cash on Delivery,5.0
1735,562,2025-01-01,Fashion,Kurta,7.46,2,Peshawar,Credit Card,4.0
1736,1208,2025-10-23,Electronics,Laptop,393.46,4,Karachi,Credit Card,4.0
1737,473,2025-05-19,Beauty,Face Wash,92.03,5,Faisalabad,Wallet,5.0
1738,968,2025-01-16,Books,Novel,24.38,4,Peshawar,Credit Card,3.0
1739,824,2025-08-20,Books,Comic,21.42,1,Quetta,Credit Card,5.0
1740,1248,2025-08-03,Electronics,Tablet,348.37,4,Quetta,Wallet,
1741,1487,2025-04-03,Electronics,Tablet,382.88,4,Faisalabad,Credit Card,2.0
1742,1480,2025-08-06,Fashion,Jeans,287.06,2,Karachi,Bank Transfer,
1743,1550,2025-03-16,Home & Kitchen,Cookware Set,371.7,1,Quetta,Cash on Delivery,4.0
1744,1524,2025-09-17,Home & Kitchen,Table Lamp,211.84,4,Lahore,Credit Card,4.0
1745,1515,2025-04-27,Home & Kitchen,Mixer Grinder,205.08,5,Lahore,Debit Card,4.0
1746,1243,2025-06-01,Fashion,T-Shirt,301.59,3,Islamabad,Cash on Delivery,4.0
1747,1108,2025-09-18,Beauty,Perfume,167.34,4,Multan,Debit Card,5.0
1748,400,2025-01-23,Fashion,Kurta,111.69,3,MULTAN  ,Debit Card,1.0
1749,776,2025-10-05,Fashion,T-Shirt,484.83,2,Quetta,Wallet,4.0
1750,1367,2025-08-09,Home & Kitchen,Table Lamp,456.47,5,Quetta,Credit Card,
1751,1377,2025-01-01,Fashion,Jacket,174.59,4,QUETTA  ,Debit Card,5.0
1752,24,2025-06-10,Books,Novel,165.17,3,,Cash on Delivery,2.0
1753,1244,2025-08-30,Electronics,Headphones,7.8,4,QUETTA  ,Cash on Delivery,5.0
1754,866,2025-01-02,Electronics,Laptop,270.87,4,Islamabad,Debit Card,3.0
1755,617,2025-05-07,Fashion,Sneakers,129.74,4,Karachi,Wallet,3.0
1756,745,2025-10-04,Electronics,Smartphone,144.37,3,Multan,Bank Transfer,
1757,944,2025-07-09,Beauty,Face Wash,456.32,2,Faisalabad,Cash on Delivery,5.0
1758,495,2025-05-01,Books,Textbook,159.91,2,Faisalabad,Debit Card,4.0
1759,1153,2025-05-28,Electronics,Smartwatch,412.87,4,Karachi,Debit Card,
1760,1098,2025-01-12,Electronics,Smartphone,436.28,5,Quetta,Credit Card,1.0
1761,209,2025-08-30,Fashion,Kurta,266.39,1,Lahore,Wallet,3.0
1762,554,2025-02-08,Home & Kitchen,Bedsheet,112.54,3,Multan,Wallet,5.0
1763,1150,2025-10-26,Beauty,Shampoo,486.16,2,Lahore,Credit Card,5.0
1764,1081,2025-01-24,Books,Novel,351.98,5,MULTAN  ,Cash on Delivery,5.0
1765,1020,2025-05-06,Fashion,Kurta,298.84,2,Islamabad,Debit Card,2.0
1766,431,2025-08-20,Books,Self-Help Book,162.56,4,Lahore,Bank Transfer,5.0
1767,781,2025-08-08,Fashion,Jacket,119.82,1,Karachi,Wallet,2.0
1768,1474,2025-07-08,Fashion,Jacket,396.58,4,LAHORE  ,Cash on Delivery,3.0
1769,238,2025-05-13,Electronics,Laptop,148.0,3,Islamabad,Cash on Delivery,4.0
1770,723,2025-07-31,Fashion,T-Shirt,166.72,4,QUETTA  ,Credit Card,4.0
1771,95,2025-09-03,Books,Novel,168.5,3,Faisalabad,Credit Card,4.0
1772,1616,2025-02-24,Fashion,Jeans,12.78,4,Lahore,Cash on Delivery,5.0
1773,642,2025-07-09,Books,Novel,403.18,4,Lahore,Debit Card,3.0
1774,1433,2025-04-21,Beauty,Perfume,,-1,,,5.0
1775,325,2025-06-15,Beauty,Shampoo,329.18,3,MULTAN  ,Cash on Delivery,4.0
1776,933,2025-07-10,Home & Kitchen,Cookware Set,83.06,5,Quetta,Cash on Delivery,4.0
1777,50,2025-04-21,Books,Textbook,436.84,4,Peshawar,Cash on Delivery,5.0
1778,1005,2025-06-24,Beauty,Lipstick,,5,,,3.0
1779,330,2025-08-16,Electronics,Tablet,284.78,5,MULTAN  ,Bank Transfer,5.0
1780,1236,2025-05-13,Books,Comic,49.18,3,Peshawar,Wallet,4.0
1781,1293,2025-05-21,Fashion,Kurta,304.76,1,Quetta,Wallet,5.0
1782,405,2025-01-26,Beauty,Face Wash,148.26,5,Peshawar,Debit Card,5.0
1783,523,2025-10-17,Electronics,Tablet,150.45,3,Peshawar,Bank Transfer,4.0
1784,963,2025-10-13,Electronics,Headphones,195.94,4,Lahore,Bank Transfer,
1785,1544,2025-10-15,Electronics,Headphones,59.31,3,Quetta,Bank Transfer,4.0
1786,1179,2025-02-22,Books,Novel,288.06,2,Islamabad,Bank Transfer,3.0
1787,1204,2025-04-06,Beauty,Shampoo,453.91,3,Multan,Cash on Delivery,
1788,1608,2025-06-03,Home & Kitchen,Mixer Grinder,247.37,5,LAHORE  ,Debit Card,4.0
1789,504,2025-01-04,Beauty,Face Wash,236.54,3,Faisalabad,Wallet,5.0
1790,1633,2025-01-27,Home & Kitchen,Mixer Grinder,468.22,4,Islamabad,Cash on Delivery,2.0
1791,1437,2025-01-21,Electronics,Smartwatch,263.4,1,QUETTA  ,Credit Card,5.0
1792,184,2025-02-05,Fashion,T-Shirt,104.84,2,Peshawar,Credit Card,4.0
1793,805,2025-04-06,Books,Novel,370.4,2,Multan,Wallet,5.0
1794,223,2025-06-18,Beauty,Face Wash,422.13,5,Karachi,Debit Card,
1795,608,2025-03-18,Beauty,Shampoo,496.0,1,Quetta,Bank Transfer,3.0
1796,1472,2025-06-09,Fashion,Kurta,428.38,2,Faisalabad,Credit Card,2.0
1797,308,2025-06-28,Books,Novel,148.87,3,Karachi,Bank Transfer,5.0
1798,371,2025-08-12,Beauty,Perfume,360.84,5,Islamabad,Bank Transfer,
1799,945,2025-01-31,Books,Comic,83.86,1,MULTAN  ,Debit Card,3.0
1800,1412,2025-02-04,Electronics,Tablet,171.78,4,Peshawar,Bank Transfer,3.0
1801,560,2025-05-14,Books,Comic,222.98,5,Quetta,Credit Card,
1802,110,2025-04-25,Home & Kitchen,Cookware Set,110.93,4,Peshawar,Wallet,
1803,521,2025-07-31,Beauty,Face Wash,362.47,1,Lahore,Wallet,3.0
1804,1642,2025-09-11,Electronics,Headphones,378.49,2,Lahore,Cash on Delivery,5.0
1805,744,2025-03-05,Fashion,Sneakers,29.74,4,Peshawar,Debit Card,4.0
1806,758,2025-10-12,Books,Self-Help Book,60.79,3,Karachi,Wallet,5.0
1807,1049,2025-01-04,Fashion,Jacket,308.44,5,Faisalabad,Credit Card,5.0
1808,707,2025-07-21,Home & Kitchen,Mixer Grinder,64.82,1,Lahore,Cash on Delivery,4.0
1809,1346,2025-01-15,Fashion,T-Shirt,236.69,2,Multan,Cash on Delivery,3.0
1810,1287,2025-10-16,Home & Kitchen,Table Lamp,293.45,5,Lahore,Credit Card,5.0
1811,897,2025-04-21,Fashion,Jacket,59.8,1,Karachi,Wallet,5.0
1812,1252,2025-05-22,Books,Novel,419.32,4,Lahore,Bank Transfer,4.0
1813,932,2025-03-10,Electronics,Tablet,312.18,5,MULTAN  ,Wallet,4.0
1814,1076,2025-05-07,Home & Kitchen,Table Lamp,467.95,1,,Cash on Delivery,5.0
1815,1309,2025-09-03,Home & Kitchen,Bedsheet,411.18,3,LAHORE  ,Bank Transfer,5.0
1816,730,2025-10-03,Books,Textbook,64.74,5,Quetta,Wallet,1.0
1817,51,2025-03-24,Electronics,Smartphone,349.04,3,Lahore,Wallet,5.0
1818,1542,2025-09-20,Books,Novel,396.83,5,Karachi,Bank Transfer,
1819,683,2025-04-07,Electronics,Tablet,193.95,4,Karachi,Bank Transfer,5.0
1820,216,2025-02-23,Fashion,Sneakers,448.62,3,Islamabad,Bank Transfer,4.0
1821,977,2025-10-19,Fashion,Jacket,256.08,3,Quetta,Bank Transfer,
1822,1030,2025-04-20,Beauty,Face Wash,258.78,1,Faisalabad,Wallet,
1823,698,2025-03-11,Beauty,Perfume,78.68,4,FAISALABAD  ,Debit Card,4.0
1824,630,2025-03-08,Books,Comic,314.55,4,Faisalabad,Cash on Delivery,5.0
1825,1533,2025-02-18,Home & Kitchen,Bedsheet,139.01,2,Quetta,Cash on Delivery,4.0
1826,1096,2025-06-08,Home & Kitchen,Table Lamp,142.85,1,Lahore,Wallet,5.0
1827,1543,2025-04-17,Electronics,Headphones,439.04,3,Quetta,Cash on Delivery,3.0
1828,918,2025-01-26,Electronics,Laptop,466.15,5,Islamabad,Cash on Delivery,5.0
1829,277,2025-01-31,Beauty,Shampoo,366.31,5,Quetta,Cash on Delivery,5.0
1830,1121,2025-10-27,Electronics,Smartphone,89.79,4,Islamabad,Bank Transfer,5.0
1831,655,2025-04-08,Beauty,Face Wash,154.85,4,Peshawar,Credit Card,5.0
1832,273,2025-01-09,Electronics,Laptop,46.56,2,Quetta,Debit Card,
1833,1131,2025-08-18,Home & Kitchen,Mixer Grinder,283.03,2,Faisalabad,Cash on Delivery,3.0
1834,1404,2025-01-21,Fashion,T-Shirt,200.64,4,Multan,Debit Card,5.0
1835,389,2025-05-01,Beauty,Lipstick,450.22,2,Lahore,Wallet,5.0
1836,650,2025-08-07,Beauty,Face Wash,204.13,1,FAISALABAD  ,Cash on Delivery,5.0
1837,502,2025-03-03,Books,Comic,357.25,5,QUETTA  ,Wallet,4.0
1838,852,2025-01-24,Home & Kitchen,Table Lamp,67.02,4,Karachi,Credit Card,5.0
1839,1019,2025-08-08,Beauty,Perfume,330.69,3,Karachi,Wallet,1.0
1840,748,2025-02-03,Beauty,Lipstick,158.46,5,Faisalabad,Bank Transfer,5.0
1841,740,2025-04-18,Home & Kitchen,Mixer Grinder,20.5,5,Faisalabad,Credit Card,4.0
1842,1322,2025-04-22,Fashion,T-Shirt,287.01,1,Multan,Bank Transfer,3.0
1843,942,2025-09-14,Fashion,Sneakers,314.05,1,Karachi,Bank Transfer,5.0
1844,173,2025-10-04,Beauty,Face Wash,361.44,1,Karachi,Wallet,3.0
1845,1044,2025-09-28,Fashion,Sneakers,37.31,3,Peshawar,Wallet,5.0
1846,1004,2025-09-03,Electronics,Smartwatch,390.32,3,Peshawar,Cash on Delivery,
1847,19,2025-06-13,Electronics,Laptop,347.99,4,Multan,Debit Card,2.0
1848,1140,2025-10-05,Fashion,Sneakers,406.93,2,ISLAMABAD  ,Cash on Delivery,5.0
1849,579,2025-08-24,Electronics,Tablet,371.01,5,Multan,Credit Card,5.0
1850,86,2025-01-31,Home & Kitchen,Bedsheet,210.07,5,Lahore,Debit Card,
1851,651,2025-03-23,Beauty,Perfume,6.74,4,Lahore,Debit Card,3.0
1852,129,2025-05-17,Fashion,Kurta,240.41,1,QUETTA  ,Credit Card,5.0
1853,146,2025-09-17,Books,Textbook,319.05,1,Quetta,Cash on Delivery,5.0
1854,447,2025-06-19,Books,Textbook,91.55,1,Peshawar,Bank Transfer,
1855,950,2025-03-01,Home & Kitchen,Bedsheet,74.46,3,Quetta,Cash on Delivery,5.0
1856,191,2025-05-26,Electronics,Laptop,81.22,1,QUETTA  ,Cash on Delivery,4.0
1857,977,2025-08-16,Books,Novel,267.14,1,MULTAN  ,Debit Card,4.0
1858,1332,2025-05-27,Home & Kitchen,Cookware Set,181.4,2,Lahore,Wallet,5.0
1859,398,2025-08-08,Books,Comic,174.75,5,Peshawar,Wallet,3.0
1860,1197,2025-06-17,Beauty,Lipstick,68.37,2,Multan,Cash on Delivery,4.0
1861,1620,2025-02-01,Fashion,Jeans,104.43,1,Multan,Debit Card,5.0
1862,199,2025-01-14,Home & Kitchen,Bedsheet,473.71,1,Multan,Debit Card,3.0
1863,1293,2025-05-18,Electronics,Laptop,285.62,4,Quetta,Cash on Delivery,
1864,578,2025-08-19,Fashion,Sneakers,456.16,1,Faisalabad,Debit Card,5.0
1865,21,2025-03-13,Beauty,Lipstick,335.79,2,Peshawar,Debit Card,4.0
1866,1478,2025-04-17,Electronics,Smartwatch,179.92,3,Multan,Bank Transfer,4.0
1867,894,2025-03-28,Home & Kitchen,Bedsheet,257.7,2,Karachi,Cash on Delivery,2.0
1868,1318,2025-08-07,Books,Novel,124.52,2,Lahore,Wallet,5.0
1869,826,2025-07-05,Electronics,Headphones,274.4,5,Quetta,Debit Card,5.0
1870,478,2025-04-25,Books,Self-Help Book,331.87,5,Multan,Credit Card,4.0
1871,275,2025-02-13,Books,Comic,278.96,5,,Credit Card,3.0
1872,893,2025-09-16,Fashion,Kurta,171.34,1,Faisalabad,Cash on Delivery,4.0
1873,1089,2025-01-15,Beauty,Face Wash,425.74,4,Lahore,Credit Card,4.0
1874,1405,2025-08-06,Books,Novel,257.01,1,Quetta,Cash on Delivery,5.0
1875,1038,2025-01-27,Home & Kitchen,Bedsheet,428.39,2,Karachi,Credit Card,3.0
1876,1030,2025-06-29,Beauty,Perfume,245.74,3,Karachi,Cash on Delivery,
1877,85,2025-08-30,Electronics,Smartwatch,491.05,2,Lahore,Credit Card,4.0
1878,580,2025-05-31,Home & Kitchen,Mixer Grinder,287.34,2,Faisalabad,Bank Transfer,4.0
1879,987,2025-05-25,Fashion,T-Shirt,339.29,1,Multan,Wallet,
1880,701,2025-03-07,Electronics,Smartphone,54.66,1,Multan,Cash on Delivery,4.0
1881,593,2025-08-03,Books,Textbook,139.95,4,Islamabad,Debit Card,4.0
1882,1527,2025-09-22,Beauty,Lipstick,176.69,4,Peshawar,Cash on Delivery,3.0
1883,964,2025-04-09,Fashion,T-Shirt,292.69,3,Islamabad,Cash on Delivery,5.0
1884,1374,2025-03-29,Beauty,Perfume,88.11,1,Quetta,Debit Card,5.0
1885,818,2025-10-12,Home & Kitchen,Cookware Set,347.01,5,Peshawar,Cash on Delivery,4.0
1886,724,2025-01-14,Electronics,Laptop,121.49,5,MULTAN  ,Cash on Delivery,5.0
1887,1075,2025-07-25,Fashion,Jeans,61.55,2,Lahore,Credit Card,4.0
1888,533,2025-10-21,Electronics,Laptop,287.2,1,PESHAWAR  ,Credit Card,5.0
1889,734,2025-08-01,Beauty,Shampoo,464.0,3,Multan,Wallet,4.0
1890,1089,2025-05-17,Books,Textbook,252.55,3,Quetta,Credit Card,5.0
1891,809,2025-08-16,Electronics,Laptop,338.51,2,Lahore,Cash on Delivery,5.0
1892,99,2025-07-18,Home & Kitchen,Mixer Grinder,166.46,5,Islamabad,Debit Card,5.0
1893,1146,2025-10-24,Books,Novel,469.75,5,Lahore,Bank Transfer,4.0
1894,8,2025-09-26,Electronics,Smartphone,492.17,3,ISLAMABAD  ,Debit Card,3.0
1895,974,2025-02-28,Beauty,Perfume,451.09,5,Multan,Wallet,3.0
1896,773,2025-04-06,Electronics,Smartwatch,498.7,3,Lahore,Cash on Delivery,4.0
1897,2,2025-01-24,Books,Textbook,20.92,5,Multan,Debit Card,5.0
1898,733,2025-10-01,Books,Comic,270.92,2,Karachi,Debit Card,5.0
1899,1222,2025-03-05,Electronics,Laptop,319.05,5,Lahore,Debit Card,5.0
1900,1041,2025-09-02,Fashion,Sneakers,157.76,4,Lahore,Debit Card,4.0
1901,1517,2025-02-19,Electronics,Smartwatch,363.38,1,Quetta,Credit Card,1.0
1902,1316,2025-04-08,Beauty,Shampoo,237.86,2,Quetta,Credit Card,5.0
1903,1633,2025-08-26,Beauty,Lipstick,475.98,2,Faisalabad,Bank Transfer,5.0
1904,293,2025-09-08,Books,Self-Help Book,232.42,5,Islamabad,Bank Transfer,5.0
1905,687,2025-03-07,Home & Kitchen,Mixer Grinder,146.08,5,Islamabad,Wallet,5.0
1906,266,2025-08-06,Fashion,Kurta,176.52,2,Quetta,Credit Card,5.0
1907,917,2025-04-01,Electronics,Tablet,213.43,1,Lahore,Credit Card,4.0
1908,1307,2025-05-26,Fashion,Jeans,191.63,5,Peshawar,Debit Card,5.0
1909,28,2025-06-09,Beauty,Shampoo,130.58,3,Multan,Debit Card,5.0
1910,232,2025-02-04,Home & Kitchen,Table Lamp,495.33,3,Multan,Cash on Delivery,5.0
1911,1432,2025-05-20,Books,Comic,292.66,2,Faisalabad,Credit Card,4.0
1912,415,2025-10-07,Home & Kitchen,Mixer Grinder,129.02,2,Karachi,Bank Transfer,3.0
1913,1106,2025-08-26,Beauty,Shampoo,217.34,3,Quetta,Cash on Delivery,5.0
1914,684,2025-09-03,Home & Kitchen,Table Lamp,111.56,3,Islamabad,Credit Card,5.0
1915,1087,2025-09-17,Books,Self-Help Book,345.85,1,Karachi,Credit Card,
1916,911,2025-07-03,Fashion,Kurta,355.93,2,Quetta,Credit Card,3.0
1917,706,2025-09-11,Beauty,Shampoo,279.38,2,Islamabad,Wallet,4.0
1918,36,2025-07-31,Beauty,Perfume,473.14,5,MULTAN  ,Credit Card,5.0
1919,538,2025-08-11,Fashion,Sneakers,487.03,4,ISLAMABAD  ,Debit Card,3.0
1920,1481,2025-08-16,Fashion,Kurta,,3,,,4.0
1921,740,2025-10-22,Books,Novel,69.92,2,Peshawar,Bank Transfer,5.0
1922,1301,2025-05-01,Home & Kitchen,Bedsheet,,2,,,2.0
1923,954,2025-02-17,Home & Kitchen,Mixer Grinder,340.88,5,Quetta,Credit Card,5.0
1924,1080,2025-03-23,Home & Kitchen,Cookware Set,60.21,4,Karachi,Credit Card,2.0
1925,1340,2025-06-05,Books,Textbook,380.7,4,Lahore,Wallet,5.0
1926,364,2025-09-20,Books,Self-Help Book,205.3,1,FAISALABAD  ,Cash on Delivery,4.0
1927,795,2025-05-03,Home & Kitchen,Bedsheet,146.37,4,Faisalabad,Cash on Delivery,3.0
1928,358,2025-04-20,Fashion,Jacket,337.71,5,Lahore,Wallet,5.0
1929,1345,2025-06-18,Fashion,Jeans,205.61,1,Islamabad,Cash on Delivery,4.0
1930,318,2025-06-18,Beauty,Lipstick,486.43,1,Faisalabad,Cash on Delivery,5.0
1931,1546,2025-09-06,Books,Comic,469.92,1,Peshawar,Credit Card,3.0
1932,287,2025-10-18,Electronics,Tablet,291.84,2,Karachi,Cash on Delivery,5.0
1933,827,2025-09-10,Books,Comic,495.13,4,Faisalabad,Credit Card,3.0
1934,316,2025-05-03,Electronics,Tablet,129.94,1,LAHORE  ,Wallet,5.0
1935,943,2025-09-16,Fashion,Jacket,211.83,1,Peshawar,Bank Transfer,
1936,509,2025-08-06,Beauty,Shampoo,377.15,2,Multan,Bank Transfer,5.0
1937,70,2025-07-31,Books,Comic,324.32,3,Lahore,Wallet,5.0
1938,1360,2025-03-19,Fashion,Jacket,252.14,1,Faisalabad,Bank Transfer,1.0
1939,1609,2025-06-06,Books,Textbook,275.63,5,LAHORE  ,Cash on Delivery,5.0
1940,324,2025-07-06,Electronics,Tablet,345.45,2,FAISALABAD  ,Debit Card,4.0
1941,520,2025-09-16,Electronics,Tablet,380.2,1,Peshawar,Credit Card,5.0
1942,1180,2025-04-25,Fashion,Jeans,444.91,1,Lahore,Debit Card,
1943,295,2025-02-19,Fashion,Sneakers,258.58,5,Quetta,Debit Card,5.0
1944,111,2025-09-14,Books,Textbook,245.85,1,Faisalabad,Credit Card,5.0
1945,382,2025-05-23,Fashion,Jeans,149.4,5,Faisalabad,Cash on Delivery,5.0
1946,555,2025-09-12,Electronics,Headphones,292.74,2,Quetta,Credit Card,4.0
1947,1327,2025-01-09,Home & Kitchen,Cookware Set,393.74,5,Karachi,Cash on Delivery,4.0
1948,436,2025-02-27,Home & Kitchen,Bedsheet,160.59,2,Karachi,Bank Transfer,4.0
1949,725,2025-05-06,Beauty,Shampoo,477.31,5,Peshawar,Credit Card,4.0
1950,179,2025-06-19,Books,Self-Help Book,128.85,1,Multan,Wallet,3.0
1951,930,2025-09-26,Fashion,Sneakers,393.69,5,KARACHI  ,Debit Card,4.0
1952,397,2025-04-08,Beauty,Shampoo,366.39,3,Lahore,Cash on Delivery,5.0
1953,1578,2025-06-16,Home & Kitchen,Cookware Set,289.5,4,Quetta,Bank Transfer,5.0
1954,226,2025-01-06,Books,Novel,488.97,2,Quetta,Bank Transfer,4.0
1955,135,2025-01-04,Books,Textbook,197.41,1,Lahore,Debit Card,4.0
1956,1387,2025-07-19,Electronics,Headphones,469.15,1,Faisalabad,Cash on Delivery,4.0
1957,234,2025-02-19,Home & Kitchen,Bedsheet,131.54,2,Peshawar,Credit Card,5.0
1958,1435,2025-08-29,Electronics,Tablet,372.1,3,Lahore,Wallet,
1959,375,2025-09-26,Electronics,Laptop,438.86,4,Lahore,Wallet,5.0
1960,802,2025-09-12,Fashion,Jeans,447.86,1,Quetta,Wallet,5.0
1961,565,2025-06-25,Fashion,Kurta,218.87,2,Islamabad,Debit Card,4.0
1962,284,2025-08-25,Electronics,Laptop,65.53,3,Lahore,Wallet,4.0
1963,348,2025-07-06,Books,Textbook,109.87,2,Peshawar,Cash on Delivery,2.0
1964,1567,2025-06-18,Beauty,Perfume,72.76,4,Karachi,Credit Card,4.0
1965,416,2025-01-03,Home & Kitchen,Mixer Grinder,234.46,1,FAISALABAD  ,Wallet,5.0
1966,1568,2025-02-27,Electronics,Laptop,,5,,,3.0
1967,1355,2025-02-10,Books,Comic,492.58,5,Karachi,Wallet,2.0
1968,830,2025-07-16,Home & Kitchen,Cookware Set,257.85,3,Quetta,Bank Transfer,4.0
1969,1384,2025-02-27,Home & Kitchen,Bedsheet,336.51,5,Islamabad,Wallet,2.0
1970,104,2025-09-03,Books,Self-Help Book,158.08,1,Peshawar,Cash on Delivery,4.0
1971,11,2025-08-31,Beauty,Face Wash,176.26,3,Faisalabad,Wallet,5.0
1972,694,2025-09-22,Books,Self-Help Book,78.08,1,LAHORE  ,Wallet,5.0
1973,369,2025-07-27,Fashion,Kurta,343.26,1,Karachi,Cash on Delivery,5.0
1974,1583,2025-07-06,Fashion,Jeans,84.24,5,Lahore,Bank Transfer,5.0
1975,1626,2025-06-02,Books,Textbook,191.61,2,Islamabad,Debit Card,4.0
1976,173,2025-02-18,Home & Kitchen,Cookware Set,292.21,4,Islamabad,Credit Card,5.0
1977,638,2025-04-22,Beauty,Face Wash,192.67,5,Quetta,Cash on Delivery,4.0
1978,650,2025-01-31,Fashion,Kurta,210.82,5,Multan,Wallet,5.0
1979,322,2025-02-09,Fashion,T-Shirt,490.26,2,Islamabad,Credit Card,4.0
1980,589,2025-01-01,Electronics,Laptop,79.61,3,Multan,Bank Transfer,5.0
1981,583,2025-03-21,Books,Textbook,216.57,4,ISLAMABAD  ,Cash on Delivery,3.0
1982,127,2025-05-06,Electronics,Tablet,481.79,1,Karachi,Cash on Delivery,4.0
1983,42,2025-02-02,Books,Novel,255.72,3,Faisalabad,Credit Card,
1984,160,2025-09-19,Beauty,Shampoo,362.75,4,Islamabad,Bank Transfer,5.0
1985,379,2025-05-26,Beauty,Lipstick,172.36,4,Karachi,Cash on Delivery,3.0
1986,1387,2025-08-04,Electronics,Tablet,382.14,2,MULTAN  ,Debit Card,5.0
1987,1071,2025-03-18,Home & Kitchen,Bedsheet,70.62,1,Islamabad,Bank Transfer,5.0
1988,100,2025-07-11,Home & Kitchen,Bedsheet,40.92,3,Faisalabad,Bank Transfer,5.0
1989,264,2025-02-28,Electronics,Laptop,376.44,2,Islamabad,Cash on Delivery,5.0
1990,462,2025-07-23,Fashion,T-Shirt,15.35,5,Islamabad,Debit Card,5.0
1991,765,2025-05-17,Fashion,T-Shirt,387.4,2,Quetta,Cash on Delivery,1.0
1992,430,2025-07-08,Fashion,Jeans,289.61,5,Islamabad,Cash on Delivery,5.0
1993,279,2025-06-10,Fashion,Kurta,86.17,3,Lahore,Cash on Delivery,4.0
1994,830,2025-07-20,Home & Kitchen,Cookware Set,126.18,1,Faisalabad,Bank Transfer,4.0
1995,101,2025-01-29,Fashion,Jeans,227.37,2,Lahore,Credit Card,5.0
1996,516,2025-04-23,Electronics,Headphones,43.55,4,Quetta,Bank Transfer,1.0
1997,1325,2025-08-26,Electronics,Tablet,276.6,5,Quetta,Bank Transfer,5.0
1998,647,2025-03-01,Electronics,Laptop,386.39,2,Multan,Cash on Delivery,4.0
1999,498,2025-07-01,Books,Comic,482.25,1,Multan,Wallet,5.0
2000,818,2025-05-17,Books,Textbook,403.71,4,Islamabad,Wallet,4.0
2001,577,2025-08-10,Beauty,Perfume,401.31,3,Lahore,Debit Card,4.0
2002,580,2025-04-02,Books,Novel,59.05,1,Karachi,Debit Card,4.0
2003,1292,2025-09-22,Beauty,Perfume,352.46,1,Faisalabad,Debit Card,5.0
2004,390,2025-06-20,Fashion,Jacket,12.77,2,ISLAMABAD  ,Bank Transfer,5.0
2005,1444,2025-05-30,Beauty,Face Wash,57.48,1,Islamabad,Bank Transfer,4.0
2006,1085,2025-10-26,Books,Comic,91.83,1,Quetta,Cash on Delivery,5.0
2007,1444,2025-03-30,Beauty,Lipstick,365.97,2,Karachi,Bank Transfer,4.0
2008,206,2025-04-04,Electronics,Smartphone,219.6,2,Peshawar,Wallet,5.0
2009,1414,2025-03-16,Beauty,Perfume,270.99,3,Peshawar,Cash on Delivery,2.0
2010,211,2025-03-14,Fashion,T-Shirt,437.07,2,QUETTA  ,Wallet,4.0
2011,1295,2025-01-19,Electronics,Headphones,305.38,2,Karachi,Wallet,3.0
2012,1169,2025-02-12,Fashion,Sneakers,449.22,2,Karachi,Debit Card,4.0
2013,631,2025-07-20,Books,Textbook,408.64,3,Faisalabad,Debit Card,5.0
2014,1502,2025-02-24,Books,Novel,415.37,1,Faisalabad,Wallet,4.0
2015,1502,2025-10-03,Electronics,Laptop,377.42,4,Karachi,Cash on Delivery,3.0
2016,1572,2025-10-26,Fashion,Jeans,407.6,3,Islamabad,Wallet,3.0
2017,301,2025-05-20,Electronics,Tablet,114.99,1,Peshawar,Debit Card,4.0
2018,1531,2025-08-21,Fashion,Jacket,433.02,5,FAISALABAD  ,Cash on Delivery,4.0
2019,1262,2025-01-25,Home & Kitchen,Cookware Set,284.75,4,Islamabad,Bank Transfer,5.0
2020,123,2025-07-06,Books,Textbook,223.55,3,Quetta,Credit Card,5.0
2021,113,2025-10-14,Fashion,Jeans,5.85,3,Islamabad,Bank Transfer,5.0
2022,938,2025-07-06,Electronics,Headphones,469.85,2,PESHAWAR  ,Bank Transfer,4.0
2023,176,2025-07-19,Beauty,Lipstick,441.72,1,Quetta,Wallet,2.0
2024,1351,2025-09-07,Home & Kitchen,Cookware Set,259.04,4,Islamabad,Debit Card,4.0
2025,367,2025-09-09,Beauty,Lipstick,458.42,4,Lahore,Debit Card,5.0
2026,1146,2025-09-08,Electronics,Headphones,415.5,3,Islamabad,Cash on Delivery,4.0
2027,1145,2025-09-25,Electronics,Laptop,196.01,5,Quetta,Credit Card,3.0
2028,1600,2025-10-24,Home & Kitchen,Bedsheet,372.6,2,KARACHI  ,Wallet,
2029,1624,2025-05-21,Electronics,Smartphone,227.48,3,Quetta,Credit Card,4.0
2030,950,2025-09-14,Home & Kitchen,Bedsheet,121.78,2,Peshawar,Cash on Delivery,4.0
2031,1091,2025-04-01,Electronics,Tablet,253.11,2,Islamabad,Credit Card,3.0
2032,941,2025-07-21,Fashion,Kurta,446.95,3,Quetta,Credit Card,5.0
2033,1609,2025-01-19,Electronics,Tablet,328.63,3,Faisalabad,Wallet,5.0
2034,116,2025-06-06,Books,Novel,15.96,2,Faisalabad,Cash on Delivery,5.0
2035,664,2025-03-26,Electronics,Tablet,151.94,2,FAISALABAD  ,Credit Card,5.0
2036,846,2025-04-26,Home & Kitchen,Cookware Set,291.34,1,Peshawar,Debit Card,5.0
2037,304,2025-08-16,Beauty,Lipstick,404.81,1,Lahore,Wallet,5.0
2038,1341,2025-03-12,Beauty,Lipstick,185.12,2,Quetta,Cash on Delivery,2.0
2039,1349,2025-05-03,Electronics,Headphones,293.08,4,Lahore,Cash on Delivery,
2040,1648,2025-02-16,Home & Kitchen,Mixer Grinder,264.3,2,Karachi,Cash on Delivery,
2041,636,2025-04-06,Home & Kitchen,Bedsheet,205.42,5,Islamabad,Bank Transfer,5.0
2042,66,2025-02-06,Fashion,Kurta,393.57,3,Karachi,Credit Card,5.0
2043,344,2025-07-20,Books,Comic,300.46,3,KARACHI  ,Credit Card,5.0
2044,1568,2025-07-18,Home & Kitchen,Table Lamp,287.53,4,FAISALABAD  ,Credit Card,3.0
2045,552,2025-07-08,Beauty,Shampoo,20.65,4,Faisalabad,Credit Card,4.0
2046,1004,2025-06-20,Electronics,Laptop,267.13,5,Lahore,Credit Card,2.0
2047,500,2025-03-21,Beauty,Face Wash,306.88,5,Multan,Cash on Delivery,5.0
2048,229,2025-05-15,Books,Self-Help Book,484.77,2,Karachi,Credit Card,5.0
2049,174,2025-08-08,Books,Self-Help Book,318.48,5,Multan,Cash on Delivery,4.0
2050,624,2025-07-25,Books,Textbook,172.55,4,Peshawar,Credit Card,4.0
2051,747,2025-07-15,Home & Kitchen,Bedsheet,329.34,1,Lahore,Cash on Delivery,4.0
2052,950,2025-08-20,Fashion,Kurta,203.07,2,Quetta,Cash on Delivery,
2053,65,2025-03-26,Electronics,Tablet,239.24,4,Faisalabad,Debit Card,5.0
2054,82,2025-03-14,Beauty,Perfume,386.17,2,Quetta,Bank Transfer,
2055,1527,2025-01-22,Books,Novel,314.84,5,Peshawar,Credit Card,5.0
2056,1478,2025-06-11,Fashion,Jacket,259.95,3,Multan,Debit Card,5.0
2057,700,2025-08-12,Books,Comic,110.36,1,Lahore,Wallet,5.0
2058,1321,2025-10-08,Books,Comic,24.77,1,Peshawar,Bank Transfer,4.0
2059,870,2025-09-18,Beauty,Shampoo,113.42,3,Karachi,Debit Card,
2060,624,2025-07-03,Beauty,Shampoo,228.35,2,Multan,Credit Card,5.0
2061,8,2025-05-19,Electronics,Tablet,453.81,3,Quetta,Credit Card,5.0
2062,706,2025-08-13,Electronics,Laptop,430.17,4,Islamabad,Cash on Delivery,
2063,630,2025-02-13,Beauty,Face Wash,471.25,3,Peshawar,Credit Card,4.0
2064,67,2025-05-19,Beauty,Face Wash,183.6,3,Multan,Wallet,4.0
2065,1355,2025-05-17,Electronics,Smartphone,79.83,2,Multan,Bank Transfer,4.0
2066,815,2025-07-27,Books,Novel,301.11,2,Islamabad,Bank Transfer,5.0
2067,648,2025-08-12,Home & Kitchen,Cookware Set,328.81,4,KARACHI  ,Debit Card,5.0
2068,1162,2025-06-01,Beauty,Perfume,206.51,1,MULTAN  ,Debit Card,5.0
2069,320,2025-07-29,Fashion,T-Shirt,228.35,2,Faisalabad,Cash on Delivery,5.0
2070,878,2025-08-27,Electronics,Smartphone,383.97,4,Faisalabad,Credit Card,3.0
2071,845,2025-04-13,Fashion,Jeans,105.33,3,Lahore,Bank Transfer,5.0
2072,224,2025-05-14,Electronics,Headphones,214.41,1,Lahore,Credit Card,5.0
2073,458,2025-04-09,Books,Textbook,438.64,3,Quetta,Wallet,
2074,93,2025-08-13,Books,Novel,97.36,3,Faisalabad,Credit Card,3.0
2075,64,2025-04-08,Electronics,Headphones,257.73,2,Faisalabad,Wallet,4.0
2076,1007,2025-07-09,Beauty,Face Wash,129.75,4,Multan,Bank Transfer,5.0
2077,333,2025-09-15,Books,Comic,444.92,5,Karachi,Credit Card,4.0
2078,800,2025-03-26,Books,Novel,100.1,5,,Wallet,3.0
2079,348,2025-07-10,Fashion,Sneakers,321.17,5,Lahore,Cash on Delivery,5.0
2080,421,2025-03-21,Fashion,Kurta,248.8,5,Peshawar,Bank Transfer,4.0
2081,1005,2025-01-15,Electronics,Smartwatch,418.88,3,Faisalabad,Debit Card,4.0
2082,1556,2025-09-19,Home & Kitchen,Table Lamp,270.14,2,Islamabad,Debit Card,4.0
2083,836,2025-06-24,Beauty,Shampoo,315.14,2,Lahore,Wallet,4.0
2084,762,2025-07-21,Fashion,Sneakers,342.96,3,Peshawar,Cash on Delivery,2.0
2085,952,2025-10-02,Beauty,Lipstick,188.86,3,PESHAWAR  ,Wallet,5.0
2086,1614,2025-02-15,Books,Textbook,70.23,2,Lahore,Wallet,1.0
2087,1089,2025-08-29,Electronics,Tablet,255.47,4,Islamabad,Debit Card,5.0
2088,301,2025-07-21,Home & Kitchen,Mixer Grinder,277.49,5,Lahore,Bank Transfer,
2089,773,2025-08-14,Home & Kitchen,Cookware Set,308.68,2,Karachi,Bank Transfer,4.0
2090,665,2025-04-04,Beauty,Perfume,262.57,2,Lahore,Bank Transfer,3.0
2091,521,2025-05-16,Books,Novel,339.98,5,Quetta,Debit Card,3.0
2092,784,2025-05-12,Fashion,T-Shirt,403.92,2,Faisalabad,Cash on Delivery,4.0
2093,1463,2025-05-17,Books,Self-Help Book,476.28,3,PESHAWAR  ,Credit Card,5.0
2094,326,2025-03-21,Home & Kitchen,Bedsheet,74.71,5,Lahore,Credit Card,4.0
2095,441,2025-10-05,Books,Comic,24.02,3,Multan,Cash on Delivery,4.0
2096,1008,2025-04-20,Books,Self-Help Book,357.62,2,Faisalabad,Bank Transfer,5.0
2097,729,2025-01-02,Fashion,Jacket,370.59,4,Quetta,Credit Card,4.0
2098,978,2025-04-07,Beauty,Face Wash,484.64,5,Karachi,Cash on Delivery,4.0
2099,1485,2025-07-16,Beauty,Perfume,271.38,3,,Cash on Delivery,4.0
2100,820,2025-01-21,Beauty,Lipstick,338.55,3,Islamabad,Credit Card,3.0
2101,69,2025-05-26,Fashion,T-Shirt,405.59,1,Multan,Credit Card,4.0
2102,1453,2025-04-28,Books,Textbook,174.87,4,Peshawar,Cash on Delivery,5.0
2103,1128,2025-01-28,Fashion,Jacket,196.6,4,LAHORE  ,Cash on Delivery,4.0
2104,1145,2025-02-18,Beauty,Shampoo,5.65,5,Faisalabad,Wallet,4.0
2105,581,2025-01-02,Fashion,T-Shirt,466.09,2,Multan,Wallet,5.0
2106,1530,2025-01-03,Home & Kitchen,Bedsheet,369.88,2,Quetta,Credit Card,5.0
2107,1249,2025-01-16,Books,Self-Help Book,394.37,5,Multan,Cash on Delivery,5.0
2108,1523,2025-02-10,Home & Kitchen,Mixer Grinder,353.05,5,Peshawar,Cash on Delivery,5.0
2109,590,2025-07-28,Electronics,Tablet,211.58,4,Islamabad,Bank Transfer,3.0
2110,748,2025-03-12,Books,Self-Help Book,462.18,1,Peshawar,Cash on Delivery,5.0
2111,1306,2025-10-23,Electronics,Tablet,195.25,3,Islamabad,Bank Transfer,1.0
2112,120,2025-06-02,Fashion,Jacket,300.2,1,Multan,Wallet,2.0
2113,220,2025-04-09,Fashion,Jeans,435.0,4,Faisalabad,Credit Card,5.0
2114,352,2025-07-21,Beauty,Shampoo,42.36,4,Lahore,Debit Card,5.0
2115,60,2025-01-01,Beauty,Shampoo,84.46,4,Islamabad,Debit Card,4.0
2116,1182,2025-03-12,Electronics,Smartwatch,277.74,4,Quetta,Debit Card,5.0
2117,1167,2025-07-31,Fashion,Jacket,126.86,1,MULTAN  ,Credit Card,5.0
2118,520,2025-10-04,Books,Comic,128.29,4,Multan,Debit Card,4.0
2119,1099,2025-05-22,Beauty,Shampoo,67.89,1,Peshawar,Debit Card,
2120,1170,2025-03-24,Home & Kitchen,Cookware Set,387.81,5,Faisalabad,Wallet,4.0
2121,1600,2025-03-10,Electronics,Smartwatch,459.9,5,LAHORE  ,Bank Transfer,4.0
2122,855,2025-01-24,Electronics,Smartwatch,338.38,5,Quetta,Bank Transfer,3.0
2123,434,2025-06-18,Beauty,Perfume,254.09,3,Multan,Bank Transfer,5.0
2124,1185,2025-07-12,Home & Kitchen,Mixer Grinder,208.6,5,Quetta,Credit Card,4.0
2125,1378,2025-01-13,Fashion,Jacket,320.8,4,Peshawar,Credit Card,5.0
2126,1343,2025-03-17,Books,Self-Help Book,257.85,4,Karachi,Cash on Delivery,5.0
2127,360,2025-02-15,Electronics,Smartphone,276.74,1,KARACHI  ,Bank Transfer,5.0
2128,204,2025-10-07,Home & Kitchen,Cookware Set,399.24,2,Quetta,Wallet,5.0
2129,356,2025-07-30,Books,Textbook,223.69,3,Peshawar,Credit Card,
2130,1139,2025-07-17,Electronics,Smartphone,89.86,3,Faisalabad,Wallet,2.0
2131,1099,2025-02-10,Home & Kitchen,Mixer Grinder,319.37,1,Peshawar,Bank Transfer,3.0
2132,436,2025-08-10,Fashion,Jeans,441.19,2,Faisalabad,Debit Card,4.0
2133,1469,2025-07-15,Electronics,Tablet,340.3,3,Lahore,Credit Card,5.0
2134,1257,2025-05-19,Electronics,Smartphone,210.35,2,Islamabad,Credit Card,1.0
2135,291,2025-09-14,Home & Kitchen,Cookware Set,293.39,2,Quetta,Wallet,5.0
2136,252,2025-09-21,Beauty,Lipstick,46.57,3,Lahore,Wallet,3.0
2137,1216,2025-01-01,Home & Kitchen,Bedsheet,79.66,2,Peshawar,Cash on Delivery,4.0
2138,1628,2025-06-09,Books,Novel,54.51,2,Multan,Credit Card,5.0
2139,481,2025-03-28,Electronics,Smartphone,190.92,4,Multan,Wallet,1.0
2140,1058,2025-02-10,Fashion,Jacket,174.54,1,Quetta,Credit Card,4.0
2141,852,2025-06-25,Beauty,Shampoo,109.69,4,FAISALABAD  ,Cash on Delivery,5.0
2142,902,2025-03-02,Fashion,Sneakers,231.22,5,Quetta,Cash on Delivery,4.0
2143,199,2025-08-19,Books,Textbook,18.21,3,Multan,Credit Card,3.0
2144,1411,2025-04-23,Books,Self-Help Book,265.46,4,Peshawar,Cash on Delivery,5.0
2145,835,2025-03-27,Fashion,T-Shirt,237.13,2,Multan,Wallet,4.0
2146,1482,2025-01-10,Books,Self-Help Book,33.3,5,Peshawar,Cash on Delivery,5.0
2147,1442,2025-07-19,Electronics,Smartwatch,475.7,1,Quetta,Credit Card,
2148,106,2025-04-21,Fashion,Sneakers,327.26,5,Islamabad,Debit Card,
2149,1213,2025-04-01,Fashion,Jeans,490.9,1,Karachi,Bank Transfer,2.0
2150,1573,2025-09-10,Fashion,Jeans,353.87,2,Lahore,Cash on Delivery,5.0
2151,1077,2025-02-14,Electronics,Smartphone,170.06,5,Lahore,Cash on Delivery,3.0
2152,324,2025-06-15,Books,Comic,435.24,1,Islamabad,Credit Card,
2153,551,2025-09-04,Beauty,Shampoo,156.05,2,Lahore,Cash on Delivery,4.0
2154,1112,2025-10-02,Beauty,Shampoo,87.28,4,Quetta,Wallet,4.0
2155,1616,2025-05-26,Electronics,Laptop,214.73,5,Quetta,Credit Card,5.0
2156,124,2025-03-30,Books,Self-Help Book,145.54,5,Islamabad,Bank Transfer,4.0
2157,359,2025-06-13,Beauty,Perfume,206.73,5,Multan,Credit Card,5.0
2158,1219,2025-08-09,Books,Comic,275.48,4,Islamabad,Wallet,5.0
2159,565,2025-01-31,Books,Self-Help Book,404.0,2,Quetta,Wallet,4.0
2160,556,2025-03-12,Beauty,Face Wash,469.75,1,Lahore,Wallet,2.0
2161,1491,2025-02-22,Books,Textbook,214.41,3,Faisalabad,Cash on Delivery,
2162,42,2025-02-22,Fashion,Sneakers,489.65,5,Multan,Cash on Delivery,5.0
2163,1487,2025-05-01,Home & Kitchen,Mixer Grinder,357.74,5,LAHORE  ,Credit Card,4.0
2164,355,2025-08-13,Beauty,Shampoo,260.92,5,Multan,Bank Transfer,
2165,1339,2025-09-16,Fashion,Sneakers,468.2,2,Faisalabad,Bank Transfer,5.0
2166,394,2025-02-13,Beauty,Face Wash,468.56,1,Karachi,Cash on Delivery,4.0
2167,426,2025-04-08,Home & Kitchen,Cookware Set,200.98,3,Karachi,Credit Card,4.0
2168,1481,2025-06-11,Beauty,Lipstick,482.06,2,Quetta,Bank Transfer,
2169,186,2025-03-28,Home & Kitchen,Mixer Grinder,48.18,1,Karachi,Credit Card,4.0
2170,438,2025-07-21,Books,Self-Help Book,350.33,3,Quetta,Wallet,5.0
2171,325,2025-06-02,Beauty,Perfume,314.62,3,Faisalabad,Credit Card,
2172,1428,2025-08-28,Books,Novel,42.66,5,Lahore,Debit Card,5.0
2173,1249,2025-05-12,Fashion,Kurta,350.87,3,Karachi,Wallet,1.0
2174,1436,2025-09-23,Electronics,Headphones,392.45,4,Karachi,Wallet,5.0
2175,134,2025-05-20,Fashion,T-Shirt,14.91,1,Karachi,Debit Card,4.0
2176,949,2025-01-06,Fashion,T-Shirt,295.2,1,PESHAWAR  ,Debit Card,5.0
2177,473,2025-07-02,Home & Kitchen,Table Lamp,218.77,5,Lahore,Cash on Delivery,4.0
2178,1166,2025-05-27,Home & Kitchen,Cookware Set,494.36,2,Lahore,Credit Card,2.0
2179,1452,2025-04-18,Books,Self-Help Book,337.24,1,Quetta,Debit Card,5.0
2180,804,2025-09-16,Beauty,Lipstick,72.51,1,Peshawar,Credit Card,5.0
2181,691,2025-08-15,Books,Self-Help Book,203.81,5,Lahore,Bank Transfer,2.0
2182,650,2025-06-13,Electronics,Smartphone,,2,,,5.0
2183,976,2025-04-01,Beauty,Shampoo,294.31,3,Multan,Wallet,2.0
2184,33,2025-02-22,Books,Novel,263.51,5,Lahore,Debit Card,
2185,1470,2025-06-22,Books,Comic,202.48,1,Islamabad,Cash on Delivery,5.0
2186,1611,2025-06-10,Electronics,Laptop,398.21,4,Lahore,Debit Card,3.0
2187,1511,2025-01-21,Home & Kitchen,Cookware Set,66.47,2,Quetta,Cash on Delivery,4.0
2188,1401,2025-08-18,Beauty,Perfume,69.53,2,Islamabad,Credit Card,4.0
2189,1652,2025-03-17,Books,Comic,311.48,3,Faisalabad,Wallet,5.0
2190,67,2025-10-04,Electronics,Smartphone,440.75,5,Karachi,Credit Card,4.0
2191,691,2025-06-23,Home & Kitchen,Table Lamp,351.83,1,Peshawar,Wallet,5.0
2192,1663,2025-03-08,Books,Textbook,173.68,3,LAHORE  ,Wallet,4.0
2193,186,2025-08-11,Fashion,T-Shirt,252.93,2,LAHORE  ,Bank Transfer,5.0
2194,705,2025-01-23,Beauty,Shampoo,191.63,4,Karachi,Bank Transfer,5.0
2195,465,2025-06-29,Fashion,T-Shirt,455.42,5,Multan,Debit Card,2.0
2196,74,2025-01-13,Beauty,Lipstick,256.75,2,Karachi,Wallet,5.0
2197,1273,2025-09-21,Electronics,Laptop,51.76,2,Lahore,Credit Card,4.0
2198,1155,2025-02-21,Fashion,Sneakers,251.8,1,Faisalabad,Bank Transfer,5.0
2199,685,2025-02-26,Books,Comic,33.74,1,Peshawar,Cash on Delivery,5.0
2200,1629,2025-02-18,Fashion,T-Shirt,325.62,4,Quetta,Cash on Delivery,3.0
2201,1263,2025-04-23,Electronics,Smartphone,363.61,3,Peshawar,Wallet,2.0
2202,893,2025-08-21,Electronics,Smartwatch,306.51,1,Faisalabad,Cash on Delivery,2.0
2203,740,2025-03-04,Home & Kitchen,Mixer Grinder,118.37,2,Quetta,Cash on Delivery,
2204,1225,2025-05-10,Beauty,Shampoo,230.89,3,Peshawar,Wallet,5.0
2205,622,2025-03-28,Fashion,Kurta,29.02,4,Islamabad,Credit Card,5.0
2206,232,2025-07-21,Electronics,Laptop,88.45,5,Karachi,Wallet,5.0
2207,797,2025-07-07,Books,Novel,460.4,4,Peshawar,Debit Card,5.0
2208,1582,2025-03-02,Electronics,Smartwatch,65.0,3,Peshawar,Bank Transfer,4.0
2209,344,2025-09-22,Books,Self-Help Book,289.91,3,Faisalabad,Wallet,5.0
2210,454,2025-03-30,Fashion,T-Shirt,202.25,2,Multan,Wallet,5.0
2211,145,2025-09-08,Fashion,Jacket,11.31,4,Lahore,Cash on Delivery,4.0
2212,642,2025-01-01,Books,Novel,215.58,3,Lahore,Cash on Delivery,4.0
2213,1299,2025-09-13,Home & Kitchen,Cookware Set,299.11,5,Lahore,Debit Card,5.0
2214,1447,2025-04-12,Electronics,Headphones,493.74,1,Karachi,Bank Transfer,5.0
2215,419,2025-07-21,Electronics,Smartwatch,230.32,2,Islamabad,Credit Card,4.0
2216,946,2025-04-22,Beauty,Perfume,247.66,3,Faisalabad,Bank Transfer,5.0
2217,1372,2025-07-04,Books,Comic,251.69,5,Peshawar,Bank Transfer,4.0
2218,863,2025-07-30,Books,Self-Help Book,17.9,4,Lahore,Credit Card,5.0
2219,900,2025-02-18,Beauty,Shampoo,449.18,2,Quetta,Cash on Delivery,5.0
2220,565,2025-05-13,Fashion,Sneakers,75.93,3,Karachi,Cash on Delivery,5.0
2221,901,2025-06-22,Home & Kitchen,Mixer Grinder,485.34,4,Karachi,Cash on Delivery,5.0
2222,1652,2025-07-28,Fashion,T-Shirt,409.71,2,Lahore,Cash on Delivery,
2223,1417,2025-01-09,Beauty,Lipstick,102.89,1,Multan,Cash on Delivery,4.0
2224,1397,2025-05-14,Fashion,Jeans,6.67,3,Peshawar,Bank Transfer,
2225,505,2025-03-17,Electronics,Headphones,393.26,2,PESHAWAR  ,Debit Card,4.0
2226,1560,2025-10-04,Home & Kitchen,Table Lamp,65.31,1,Islamabad,Cash on Delivery,3.0
2227,1279,2025-09-16,Electronics,Laptop,232.08,2,,Cash on Delivery,3.0
2228,1221,2025-10-11,Home & Kitchen,Bedsheet,120.19,5,Peshawar,Wallet,1.0
2229,529,2025-06-11,Beauty,Face Wash,380.12,2,Islamabad,Debit Card,5.0
2230,1407,2025-04-15,Home & Kitchen,Mixer Grinder,40.27,3,Quetta,Wallet,5.0
2231,394,2025-07-04,Beauty,Perfume,393.23,3,Lahore,Bank Transfer,4.0
2232,941,2025-08-10,Fashion,Jeans,177.6,2,Faisalabad,Bank Transfer,3.0
2233,227,2025-02-26,Electronics,Smartwatch,52.35,1,Faisalabad,Cash on Delivery,4.0
2234,1518,2025-07-07,Home & Kitchen,Bedsheet,80.81,4,Faisalabad,Cash on Delivery,3.0
2235,1304,2025-08-02,Electronics,Laptop,334.97,4,Peshawar,Cash on Delivery,5.0
2236,640,2025-03-20,Books,Novel,129.0,2,Lahore,Credit Card,5.0
2237,1658,2025-02-19,Electronics,Headphones,120.27,5,Lahore,Debit Card,5.0
2238,1376,2025-06-03,Home & Kitchen,Bedsheet,221.06,3,Islamabad,Credit Card,5.0
2239,698,2025-01-03,Fashion,T-Shirt,406.45,5,Islamabad,Debit Card,5.0
2240,1381,2025-09-19,Home & Kitchen,Mixer Grinder,326.18,1,Peshawar,Cash on Delivery,4.0
2241,1215,2025-03-29,Beauty,Shampoo,91.32,3,Faisalabad,Bank Transfer,2.0
2242,433,2025-02-23,Beauty,Shampoo,364.65,2,Karachi,Cash on Delivery,4.0
2243,856,2025-08-24,Electronics,Laptop,397.33,5,Islamabad,Wallet,4.0
2244,551,2025-08-25,Beauty,Face Wash,95.03,4,Faisalabad,Debit Card,4.0
2245,487,2025-07-28,Books,Textbook,402.26,3,Multan,Bank Transfer,5.0
2246,1013,2025-05-05,Home & Kitchen,Table Lamp,233.98,4,Quetta,Credit Card,5.0
2247,961,2025-07-24,Home & Kitchen,Cookware Set,79.16,2,Peshawar,Credit Card,5.0
2248,1506,2025-07-20,Electronics,Smartwatch,149.24,5,Multan,Wallet,4.0
2249,691,2025-01-04,Electronics,Laptop,492.75,1,Peshawar,Wallet,5.0
2250,1248,2025-03-03,Books,Self-Help Book,174.17,4,Islamabad,Debit Card,4.0
2251,1306,2025-08-09,Fashion,Jacket,179.93,5,Faisalabad,Credit Card,5.0
2252,635,2025-09-26,Beauty,Face Wash,146.33,1,Multan,Debit Card,4.0
2253,1061,2025-05-13,Electronics,Tablet,23.49,5,Multan,Bank Transfer,4.0
2254,888,2025-10-09,Fashion,Jacket,193.83,3,Lahore,Wallet,5.0
2255,1277,2025-06-25,Beauty,Perfume,69.66,1,Lahore,Credit Card,4.0
2256,1655,2025-06-13,Fashion,Jacket,379.08,4,Karachi,Wallet,4.0
2257,903,2025-05-14,Books,Comic,57.42,4,MULTAN  ,Bank Transfer,4.0
2258,29,2025-09-23,Books,Comic,440.26,1,ISLAMABAD  ,Credit Card,4.0
2259,1540,2025-05-25,Home & Kitchen,Table Lamp,444.74,3,Karachi,Bank Transfer,2.0
2260,1364,2025-01-28,Electronics,Tablet,285.17,2,Islamabad,Bank Transfer,5.0
2261,38,2025-07-24,Fashion,Jeans,72.46,4,Peshawar,Bank Transfer,
2262,507,2025-09-16,Beauty,Face Wash,163.18,1,Lahore,Debit Card,5.0
2263,114,2025-08-06,Fashion,Jacket,490.29,1,Multan,Debit Card,5.0
2264,492,2025-09-15,Books,Novel,183.94,1,Islamabad,Cash on Delivery,4.0
2265,1552,2025-01-23,Beauty,Perfume,22.01,4,Lahore,Bank Transfer,4.0
2266,150,2025-10-21,Books,Textbook,92.92,1,Karachi,Bank Transfer,4.0
2267,1085,2025-09-19,Books,Novel,265.12,5,Multan,Cash on Delivery,2.0
2268,606,2025-08-12,Books,Self-Help Book,287.98,2,Quetta,Cash on Delivery,5.0
2269,131,2025-01-31,Electronics,Tablet,482.8,3,Lahore,Bank Transfer,
2270,1602,2025-10-05,Books,Comic,45.14,3,Lahore,Wallet,5.0
2271,1113,2025-09-03,Home & Kitchen,Cookware Set,198.76,5,Peshawar,Credit Card,5.0
2272,1361,2025-08-18,Books,Novel,312.93,5,Quetta,Debit Card,5.0
2273,1091,2025-05-11,Fashion,T-Shirt,255.14,3,MULTAN  ,Debit Card,4.0
2274,304,2025-10-01,Beauty,Shampoo,276.28,4,Peshawar,Debit Card,4.0
2275,349,2025-03-30,Fashion,Sneakers,22.56,5,Quetta,Cash on Delivery,5.0
2276,951,2025-02-07,Home & Kitchen,Table Lamp,383.39,2,Karachi,Debit Card,5.0
2277,981,2025-02-19,Electronics,Smartphone,180.23,1,Faisalabad,Wallet,4.0
2278,1050,2025-02-10,Electronics,Laptop,144.36,5,Karachi,Debit Card,2.0
2279,1395,2025-07-23,Beauty,Perfume,137.54,3,Lahore,Debit Card,5.0
2280,1339,2025-01-21,Books,Comic,322.86,1,Lahore,Wallet,5.0
2281,1006,2025-03-21,Fashion,Sneakers,445.97,5,Quetta,Bank Transfer,3.0
2282,390,2025-02-11,Fashion,Kurta,324.52,4,Quetta,Cash on Delivery,4.0
2283,1389,2025-05-24,Home & Kitchen,Bedsheet,147.44,4,Quetta,Wallet,5.0
2284,29,2025-02-20,Electronics,Smartphone,333.54,2,Islamabad,Wallet,5.0
2285,752,2025-07-31,Home & Kitchen,Table Lamp,499.1,1,Multan,Wallet,
2286,1264,2025-04-23,Electronics,Smartphone,481.71,1,Quetta,Cash on Delivery,4.0
2287,276,2025-03-31,Beauty,Shampoo,270.72,1,Lahore,Debit Card,5.0
2288,366,2025-06-08,Electronics,Tablet,60.24,3,Quetta,Debit Card,
2289,930,2025-02-27,Home & Kitchen,Mixer Grinder,100.24,3,Quetta,Debit Card,5.0
2290,1312,2025-04-15,Electronics,Smartphone,270.08,2,Lahore,Cash on Delivery,3.0
2291,524,2025-02-20,Books,Self-Help Book,294.33,3,Multan,Bank Transfer,4.0
2292,1012,2025-05-23,Electronics,Smartwatch,166.78,4,Lahore,Debit Card,5.0
2293,1005,2025-08-06,Home & Kitchen,Cookware Set,493.95,2,Multan,Bank Transfer,5.0
2294,1549,2025-01-17,Electronics,Laptop,498.67,4,Karachi,Wallet,5.0
2295,1526,2025-02-21,Beauty,Perfume,143.81,1,Multan,Bank Transfer,4.0
2296,576,2025-09-27,Fashion,T-Shirt,177.17,5,Multan,Cash on Delivery,5.0
2297,115,2025-03-06,Beauty,Perfume,388.56,1,Peshawar,Cash on Delivery,5.0
2298,377,2025-02-11,Fashion,Jacket,92.37,5,Islamabad,Cash on Delivery,5.0
2299,124,2025-04-06,Electronics,Smartphone,55.24,3,Faisalabad,Debit Card,5.0
2300,52,2025-01-05,Beauty,Shampoo,254.92,1,Multan,Credit Card,4.0
2301,1486,2025-01-26,Books,Novel,76.17,3,Faisalabad,Cash on Delivery,5.0
2302,1521,2025-03-11,Fashion,Jacket,170.22,4,Karachi,Wallet,3.0
2303,1178,2025-03-15,Fashion,Jacket,440.08,3,LAHORE  ,Credit Card,4.0
2304,360,2025-01-15,Books,Novel,491.05,4,Karachi,Cash on Delivery,5.0
2305,1211,2025-07-28,Fashion,Jacket,208.82,2,Multan,Debit Card,2.0
2306,552,2025-07-30,Electronics,Tablet,162.93,1,Islamabad,Credit Card,5.0
2307,17,2025-03-27,Beauty,Lipstick,303.63,2,Islamabad,Bank Transfer,2.0
2308,634,2025-01-13,Books,Self-Help Book,193.86,1,Quetta,Debit Card,3.0
2309,1291,2025-08-10,Books,Comic,92.39,5,Quetta,Wallet,5.0
2310,770,2025-09-07,Books,Self-Help Book,318.33,1,Lahore,Cash on Delivery,2.0
2311,826,2025-08-25,Electronics,Laptop,369.32,4,Karachi,Wallet,4.0
2312,107,2025-08-10,Home & Kitchen,Table Lamp,338.49,3,Lahore,Bank Transfer,4.0
2313,1405,2025-08-19,Electronics,Smartwatch,297.58,2,Quetta,Debit Card,4.0
2314,62,2025-01-26,Beauty,Shampoo,159.94,5,Islamabad,Credit Card,4.0
2315,36,2025-04-10,Home & Kitchen,Table Lamp,399.36,3,Faisalabad,Credit Card,
2316,567,2025-09-22,Books,Comic,226.17,5,Lahore,Cash on Delivery,5.0
2317,108,2025-03-07,Electronics,Smartwatch,55.5,4,Multan,Cash on Delivery,5.0
2318,1598,2025-02-21,Beauty,Lipstick,492.82,2,FAISALABAD  ,Bank Transfer,1.0
2319,689,2025-06-12,Electronics,Laptop,378.97,5,Karachi,Wallet,5.0
2320,1492,2025-09-12,Beauty,Perfume,206.37,2,Peshawar,Wallet,4.0
2321,991,2025-05-10,Beauty,Face Wash,376.19,3,Multan,Credit Card,5.0
2322,161,2025-01-26,Home & Kitchen,Table Lamp,296.11,3,Karachi,Bank Transfer,3.0
2323,949,2025-07-29,Electronics,Headphones,457.99,2,LAHORE  ,Credit Card,4.0
2324,696,2025-01-12,Books,Comic,437.21,2,Islamabad,Wallet,4.0
2325,1542,2025-09-19,Fashion,Sneakers,129.43,5,Karachi,Bank Transfer,4.0
2326,612,2025-01-22,Beauty,Perfume,208.24,4,Multan,Wallet,4.0
2327,1011,2025-01-22,Home & Kitchen,Bedsheet,123.15,2,Karachi,Credit Card,4.0
2328,1498,2025-04-07,Books,Self-Help Book,305.91,5,Lahore,Bank Transfer,5.0
2329,160,2025-07-29,Home & Kitchen,Table Lamp,175.77,1,Peshawar,Wallet,5.0
2330,765,2025-02-26,Home & Kitchen,Mixer Grinder,224.75,4,Karachi,Bank Transfer,5.0
2331,732,2025-06-19,Electronics,Tablet,297.52,5,Peshawar,Wallet,5.0
2332,679,2025-03-31,Books,Textbook,131.13,2,Karachi,Bank Transfer,3.0
2333,188,2025-01-19,Books,Comic,429.47,4,Islamabad,Credit Card,3.0
2334,1323,2025-04-26,Beauty,Face Wash,494.32,2,Lahore,Wallet,3.0
2335,229,2025-01-28,Home & Kitchen,Table Lamp,419.72,5,Peshawar,Wallet,4.0
2336,869,2025-02-15,Home & Kitchen,Table Lamp,292.72,3,Faisalabad,Debit Card,4.0
2337,580,2025-07-06,Fashion,Sneakers,422.43,1,Quetta,Debit Card,
2338,1574,2025-10-03,Beauty,Lipstick,24.46,5,Lahore,Debit Card,5.0
2339,1211,2025-10-06,Fashion,Jacket,493.5,3,Multan,Debit Card,4.0
2340,426,2025-03-13,Electronics,Smartphone,219.17,3,Peshawar,Debit Card,5.0
2341,102,2025-06-22,Fashion,Sneakers,307.96,5,Faisalabad,Wallet,5.0
2342,833,2025-04-28,Home & Kitchen,Cookware Set,111.37,4,Faisalabad,Debit Card,4.0
2343,1062,2025-09-07,Home & Kitchen,Bedsheet,133.51,1,Multan,Bank Transfer,4.0
2344,956,2025-02-13,Beauty,Lipstick,279.46,5,Peshawar,Cash on Delivery,
2345,485,2025-09-03,Fashion,Jacket,318.98,3,Lahore,Credit Card,5.0
2346,1351,2025-09-10,Beauty,Lipstick,238.74,4,Quetta,Debit Card,5.0
2347,532,2025-02-11,Beauty,Perfume,260.75,5,Karachi,Bank Transfer,4.0
2348,441,2025-07-26,Electronics,Headphones,348.58,5,ISLAMABAD  ,Debit Card,5.0
2349,508,2025-04-06,Electronics,Headphones,315.59,3,Lahore,Cash on Delivery,4.0
2350,856,2025-05-22,Electronics,Laptop,460.37,3,Lahore,Bank Transfer,4.0
2351,646,2025-08-14,Electronics,Laptop,114.58,1,ISLAMABAD  ,Bank Transfer,5.0
2352,240,2025-08-29,Electronics,Headphones,350.81,2,KARACHI  ,Debit Card,5.0
2353,457,2025-04-17,Beauty,Lipstick,427.0,1,Faisalabad,Bank Transfer,
2354,796,2025-07-03,Home & Kitchen,Mixer Grinder,327.8,4,Islamabad,Bank Transfer,5.0
2355,122,2025-03-21,Electronics,Tablet,33.59,3,Lahore,Cash on Delivery,5.0
2356,1483,2025-10-27,Books,Textbook,238.26,1,Faisalabad,Cash on Delivery,5.0
2357,1581,2025-06-29,Beauty,Shampoo,288.05,2,Karachi,Bank Transfer,5.0
2358,332,2025-03-22,Home & Kitchen,Bedsheet,178.16,1,Peshawar,Wallet,4.0
2359,1346,2025-08-15,Beauty,Face Wash,305.03,2,Multan,Wallet,5.0
2360,978,2025-03-30,Electronics,Smartphone,407.12,3,Quetta,Wallet,5.0
2361,1361,2025-06-29,Fashion,T-Shirt,300.12,4,Faisalabad,Bank Transfer,4.0
2362,863,2025-10-04,Electronics,Tablet,286.97,3,Lahore,Debit Card,3.0
2363,43,2025-03-04,Electronics,Smartwatch,111.67,3,Islamabad,Cash on Delivery,3.0
2364,568,2025-05-10,Fashion,Sneakers,118.56,2,Lahore,Debit Card,5.0
2365,1041,2025-07-26,Beauty,Shampoo,352.65,1,Faisalabad,Cash on Delivery,5.0
2366,144,2025-06-20,Fashion,Jeans,19.29,1,Faisalabad,Debit Card,3.0
2367,317,2025-07-11,Books,Comic,152.06,4,Karachi,Debit Card,5.0
2368,796,2025-06-01,Beauty,Perfume,91.78,3,Lahore,Credit Card,4.0
2369,1124,2025-01-19,Electronics,Smartwatch,78.63,5,Karachi,Debit Card,
2370,1250,2025-01-15,Beauty,Perfume,253.64,5,Islamabad,Wallet,5.0
2371,1555,2025-03-16,Home & Kitchen,Mixer Grinder,134.91,3,Peshawar,Wallet,4.0
2372,188,2025-06-15,Fashion,Kurta,369.1,5,Peshawar,Credit Card,5.0
2373,1417,2025-06-21,Beauty,Perfume,291.18,5,Multan,Bank Transfer,5.0
2374,1076,2025-10-25,Electronics,Tablet,,-1,,,4.0
2375,559,2025-07-22,Home & Kitchen,Mixer Grinder,42.34,1,LAHORE  ,Debit Card,3.0
2376,685,2025-08-31,Electronics,Headphones,405.02,3,Islamabad,Cash on Delivery,4.0
2377,613,2025-08-21,Books,Comic,486.43,5,Quetta,Bank Transfer,5.0
2378,1101,2025-04-27,Electronics,Laptop,124.14,1,Lahore,Cash on Delivery,5.0
2379,1475,2025-02-03,Beauty,Lipstick,50.22,4,Quetta,Cash on Delivery,5.0
2380,622,2025-05-11,Fashion,Jacket,160.63,3,Quetta,Credit Card,2.0
2381,252,2025-05-17,Home & Kitchen,Cookware Set,149.2,5,Peshawar,Cash on Delivery,5.0
2382,612,2025-03-15,Beauty,Lipstick,26.08,5,Lahore,Bank Transfer,4.0
2383,937,2025-03-16,Beauty,Perfume,255.81,1,Karachi,Credit Card,5.0
2384,444,2025-09-16,Beauty,Face Wash,222.34,1,Islamabad,Debit Card,
2385,570,2025-05-17,Beauty,Face Wash,453.4,5,Karachi,Credit Card,4.0
2386,419,2025-01-12,Beauty,Shampoo,409.64,5,Faisalabad,Debit Card,5.0
2387,1052,2025-05-23,Books,Textbook,20.51,4,Faisalabad,Debit Card,5.0
2388,574,2025-02-10,Beauty,Shampoo,387.89,4,Karachi,Cash on Delivery,5.0
2389,1020,2025-04-27,Books,Comic,158.4,3,Faisalabad,Bank Transfer,2.0
2390,1480,2025-08-15,Books,Textbook,167.22,1,Karachi,Credit Card,4.0
2391,1666,2025-08-31,Electronics,Smartphone,213.57,1,Karachi,Credit Card,5.0
2392,358,2025-01-18,Fashion,T-Shirt,440.71,2,QUETTA  ,Credit Card,5.0
2393,1591,2025-05-31,Fashion,Sneakers,110.79,3,Quetta,Wallet,1.0
2394,1507,2025-05-08,Home & Kitchen,Cookware Set,468.41,4,Karachi,Debit Card,4.0
2395,615,2025-02-18,Electronics,Smartwatch,407.17,4,,Bank Transfer,4.0
2396,764,2025-04-06,Fashion,Jeans,173.96,4,Lahore,Credit Card,5.0
2397,1007,2025-01-28,Home & Kitchen,Table Lamp,305.23,5,Multan,Bank Transfer,4.0
2398,685,2025-06-26,Home & Kitchen,Bedsheet,181.14,1,Peshawar,Bank Transfer,4.0
2399,1016,2025-06-01,Books,Novel,23.79,4,Islamabad,Cash on Delivery,5.0
2400,878,2025-05-19,Fashion,Sneakers,228.06,5,Peshawar,Cash on Delivery,5.0
2401,1264,2025-08-24,Fashion,Jeans,449.26,2,Islamabad,Debit Card,4.0
2402,1155,2025-07-20,Beauty,Shampoo,174.3,3,Faisalabad,Debit Card,4.0
2403,1666,2025-06-14,Electronics,Laptop,438.41,3,Quetta,Wallet,4.0
2404,985,2025-03-02,Beauty,Perfume,384.77,1,Multan,Debit Card,3.0
2405,1487,2025-08-24,Books,Self-Help Book,140.04,2,Islamabad,Cash on Delivery,4.0
2406,1167,2025-03-15,Beauty,Lipstick,371.27,5,QUETTA  ,Debit Card,5.0
2407,428,2025-01-03,Beauty,Perfume,373.22,3,Peshawar,Debit Card,
2408,1243,2025-05-19,Home & Kitchen,Table Lamp,413.8,3,Peshawar,Debit Card,3.0
2409,1570,2025-06-05,Beauty,Perfume,426.11,5,Lahore,Debit Card,3.0
2410,1007,2025-10-18,Books,Self-Help Book,483.72,1,Faisalabad,Debit Card,2.0
2411,352,2025-05-31,Electronics,Smartwatch,161.96,2,Faisalabad,Debit Card,3.0
2412,262,2025-01-31,Home & Kitchen,Cookware Set,445.09,4,Lahore,Bank Transfer,5.0
2413,459,2025-06-10,Fashion,Jacket,464.48,3,Quetta,Wallet,5.0
2414,1028,2025-09-30,Fashion,Jacket,355.24,4,Multan,Debit Card,3.0
2415,181,2025-02-16,Electronics,Laptop,402.3,5,,Debit Card,5.0
2416,1451,2025-10-01,Electronics,Smartwatch,393.39,1,Islamabad,Cash on Delivery,5.0
2417,1093,2025-09-03,Electronics,Laptop,263.96,3,Faisalabad,Cash on Delivery,3.0
2418,248,2025-09-21,Electronics,Smartphone,72.85,1,Peshawar,Wallet,2.0
2419,317,2025-08-22,Electronics,Laptop,237.35,1,QUETTA  ,Bank Transfer,4.0
2420,1452,2025-07-04,Electronics,Smartphone,21.29,3,Quetta,Wallet,5.0
2421,814,2025-02-03,Books,Textbook,130.82,5,Islamabad,Wallet,2.0
2422,1117,2025-10-20,Electronics,Headphones,122.14,5,Faisalabad,Credit Card,4.0
2423,1085,2025-01-28,Electronics,Laptop,311.46,4,Multan,Bank Transfer,2.0
2424,659,2025-03-28,Books,Textbook,481.32,1,Lahore,Credit Card,4.0
2425,1090,2025-04-30,Fashion,Kurta,73.33,1,MULTAN  ,Wallet,4.0
2426,572,2025-07-31,Beauty,Lipstick,230.67,3,Lahore,Debit Card,5.0
2427,875,2025-03-14,Home & Kitchen,Table Lamp,183.53,3,Islamabad,Wallet,4.0
2428,835,2025-06-06,Fashion,Sneakers,114.51,5,Peshawar,Wallet,5.0
2429,252,2025-10-19,Fashion,Sneakers,164.46,3,Faisalabad,Bank Transfer,4.0
2430,993,2025-07-08,Electronics,Tablet,350.15,1,Multan,Bank Transfer,5.0
2431,232,2025-09-02,Home & Kitchen,Cookware Set,222.94,4,Islamabad,Credit Card,2.0
2432,276,2025-02-09,Home & Kitchen,Bedsheet,498.6,2,Quetta,Cash on Delivery,4.0
2433,652,2025-08-06,Home & Kitchen,Bedsheet,350.01,1,Multan,Wallet,2.0
2434,856,2025-06-12,Fashion,T-Shirt,485.64,2,Islamabad,Bank Transfer,4.0
2435,353,2025-09-15,Home & Kitchen,Cookware Set,481.68,5,Islamabad,Cash on Delivery,4.0
2436,640,2025-06-03,Fashion,T-Shirt,242.35,3,Peshawar,Wallet,4.0
2437,971,2025-06-26,Beauty,Lipstick,207.55,2,Islamabad,Cash on Delivery,4.0
2438,123,2025-03-04,Books,Novel,149.99,5,Multan,Debit Card,1.0
2439,1404,2025-03-27,Electronics,Laptop,85.62,5,QUETTA  ,Credit Card,5.0
2440,1156,2025-05-21,Books,Novel,227.73,1,Peshawar,Credit Card,5.0
2441,1283,2025-06-03,Home & Kitchen,Bedsheet,5.99,4,Islamabad,Wallet,4.0
2442,542,2025-04-16,Beauty,Face Wash,300.21,5,Quetta,Cash on Delivery,5.0
2443,363,2025-04-17,Fashion,Kurta,293.53,5,Karachi,Credit Card,5.0
2444,1067,2025-03-22,Home & Kitchen,Mixer Grinder,280.72,2,PESHAWAR  ,Bank Transfer,3.0
2445,962,2025-03-30,Fashion,Sneakers,130.99,5,Lahore,Debit Card,5.0
2446,387,2025-04-06,Fashion,Sneakers,112.96,2,Islamabad,Debit Card,4.0
2447,1116,2025-05-31,Beauty,Shampoo,327.99,2,Multan,Cash on Delivery,4.0
2448,859,2025-10-25,Electronics,Smartwatch,215.0,3,Lahore,Cash on Delivery,3.0
2449,298,2025-03-17,Books,Novel,375.94,1,PESHAWAR  ,Wallet,4.0
2450,1467,2025-05-26,Home & Kitchen,Table Lamp,250.51,2,Lahore,Wallet,5.0
2451,352,2025-04-23,Books,Textbook,408.56,5,Lahore,Bank Transfer,5.0
2452,476,2025-10-05,Fashion,Jacket,415.57,3,LAHORE  ,Cash on Delivery,5.0
2453,1580,2025-01-01,Books,Comic,327.32,2,Peshawar,Credit Card,5.0
2454,1603,2025-02-28,Home & Kitchen,Cookware Set,76.8,5,Islamabad,Cash on Delivery,3.0
2455,56,2025-04-24,Fashion,T-Shirt,243.6,3,Lahore,Wallet,5.0
2456,56,2025-05-07,Books,Textbook,104.32,5,Peshawar,Credit Card,5.0
2457,1586,2025-10-27,Books,Comic,224.95,1,Faisalabad,Credit Card,5.0
2458,805,2025-03-22,Fashion,Jacket,227.89,3,Multan,Debit Card,5.0
2459,1285,2025-08-10,Home & Kitchen,Mixer Grinder,284.91,5,Multan,Debit Card,3.0
2460,221,2025-08-16,Home & Kitchen,Table Lamp,364.91,1,Lahore,Bank Transfer,4.0
2461,1281,2025-04-13,Beauty,Perfume,412.24,4,Peshawar,Debit Card,5.0
2462,1488,2025-01-16,Books,Self-Help Book,50.29,2,Faisalabad,Wallet,4.0
2463,194,2025-06-12,Electronics,Laptop,178.35,1,FAISALABAD  ,Wallet,4.0
2464,460,2025-03-26,Electronics,Headphones,378.04,2,Faisalabad,Wallet,3.0
2465,657,2025-08-18,Electronics,Laptop,321.12,4,Faisalabad,Credit Card,
2466,1378,2025-03-04,Fashion,Sneakers,382.89,2,Karachi,Bank Transfer,3.0
2467,1562,2025-02-11,Electronics,Smartwatch,309.09,5,Islamabad,Cash on Delivery,5.0
2468,147,2025-06-09,Beauty,Perfume,267.55,5,Peshawar,Wallet,
2469,140,2025-02-15,Fashion,Jeans,488.02,1,Quetta,Debit Card,1.0
2470,1122,2025-03-31,Beauty,Face Wash,379.73,2,Peshawar,Cash on Delivery,3.0
2471,904,2025-10-07,Beauty,Perfume,376.33,3,Karachi,Debit Card,4.0
2472,1494,2025-07-08,Fashion,Jacket,212.57,5,FAISALABAD  ,Credit Card,4.0
2473,1365,2025-06-23,Fashion,Jeans,102.09,5,Peshawar,Debit Card,3.0
2474,1097,2025-09-08,Electronics,Tablet,38.37,4,Quetta,Cash on Delivery,
2475,1167,2025-06-23,Home & Kitchen,Cookware Set,106.68,2,Multan,Cash on Delivery,4.0
2476,1461,2025-06-30,Beauty,Lipstick,297.13,5,Peshawar,Cash on Delivery,5.0
2477,1570,2025-09-16,Beauty,Perfume,168.93,1,Lahore,Wallet,4.0
2478,1337,2025-07-29,Electronics,Smartphone,466.15,4,Quetta,Wallet,2.0
2479,1638,2025-07-29,Home & Kitchen,Bedsheet,405.54,1,Quetta,Cash on Delivery,5.0
2480,17,2025-07-04,Books,Textbook,140.64,2,Quetta,Debit Card,5.0
2481,1544,2025-08-04,Beauty,Shampoo,,-1,,,5.0
2482,1010,2025-02-19,Books,Self-Help Book,370.97,5,PESHAWAR  ,Wallet,5.0
2483,1314,2025-04-01,Fashion,Jacket,349.06,4,MULTAN  ,Debit Card,5.0
2484,1596,2025-07-09,Electronics,Headphones,236.75,1,FAISALABAD  ,Credit Card,4.0
2485,15,2025-08-28,Electronics,Headphones,183.82,4,Peshawar,Cash on Delivery,3.0
2486,209,2025-04-07,Fashion,Jacket,39.7,1,Islamabad,Bank Transfer,4.0
2487,639,2025-09-24,Fashion,Jeans,228.08,5,Lahore,Bank Transfer,3.0
2488,465,2025-01-05,Home & Kitchen,Table Lamp,353.77,2,Peshawar,Cash on Delivery,5.0
2489,1539,2025-04-10,Beauty,Face Wash,393.06,2,Islamabad,Wallet,2.0
2490,419,2025-09-23,Electronics,Smartwatch,43.84,2,LAHORE  ,Debit Card,2.0
2491,912,2025-02-21,Fashion,Sneakers,367.46,5,Quetta,Cash on Delivery,
2492,1068,2025-09-18,Books,Novel,118.51,1,Quetta,Credit Card,5.0
2493,16,2025-04-12,Fashion,Jacket,408.77,4,LAHORE  ,Cash on Delivery,5.0
2494,18,2025-02-26,Electronics,Tablet,393.62,1,Karachi,Wallet,5.0
2495,872,2025-02-14,Home & Kitchen,Bedsheet,368.59,1,Lahore,Credit Card,5.0
2496,614,2025-10-03,Books,Self-Help Book,284.13,2,Lahore,Bank Transfer,5.0
2497,39,2025-04-18,Fashion,Kurta,135.57,1,Faisalabad,Wallet,4.0
2498,605,2025-08-03,Books,Self-Help Book,233.62,5,LAHORE  ,Cash on Delivery,1.0
2499,716,2025-10-21,Fashion,Jeans,,-1,,,3.0
2500,1186,2025-03-24,Books,Novel,76.12,1,FAISALABAD  ,Wallet,1.0
2501,711,2025-10-16,Home & Kitchen,Mixer Grinder,123.18,2,Karachi,Debit Card,
2502,702,2025-10-06,Beauty,Shampoo,457.54,3,Karachi,Credit Card,3.0
2503,1236,2025-07-24,Electronics,Tablet,439.71,3,KARACHI  ,Wallet,5.0
2504,287,2025-03-21,Fashion,Kurta,325.9,4,Faisalabad,Bank Transfer,5.0
2505,1350,2025-07-05,Home & Kitchen,Cookware Set,245.44,3,Karachi,Cash on Delivery,4.0
2506,1364,2025-04-13,Fashion,Jeans,475.3,4,Karachi,Bank Transfer,3.0
2507,1360,2025-07-31,Books,Self-Help Book,147.51,5,Peshawar,Debit Card,
2508,984,2025-07-05,Home & Kitchen,Mixer Grinder,437.99,4,Karachi,Wallet,4.0
2509,456,2025-01-01,Books,Comic,80.63,5,Multan,Debit Card,3.0
2510,1438,2025-07-15,Electronics,Headphones,237.81,4,Faisalabad,Cash on Delivery,5.0
2511,322,2025-03-01,Home & Kitchen,Table Lamp,450.7,1,Lahore,Debit Card,5.0
2512,92,2025-03-16,Books,Comic,426.77,1,Multan,Wallet,4.0
2513,474,2025-05-04,Electronics,Headphones,242.41,5,Peshawar,Wallet,5.0
2514,865,2025-02-15,Beauty,Perfume,16.43,3,Faisalabad,Credit Card,3.0
2515,828,2025-06-30,Beauty,Shampoo,150.49,5,KARACHI  ,Cash on Delivery,5.0
2516,955,2025-08-25,Books,Novel,85.84,2,MULTAN  ,Cash on Delivery,4.0
2517,1272,2025-04-13,Fashion,Jacket,159.13,4,Quetta,Cash on Delivery,4.0
2518,1597,2025-01-06,Books,Novel,146.4,4,Karachi,Cash on Delivery,4.0
2519,1147,2025-02-04,Books,Novel,285.83,2,Lahore,Cash on Delivery,4.0
2520,744,2025-04-03,Beauty,Shampoo,317.61,4,Peshawar,Bank Transfer,
2521,1347,2025-09-08,Home & Kitchen,Mixer Grinder,226.88,5,Lahore,Cash on Delivery,5.0
2522,2,2025-07-28,Home & Kitchen,Cookware Set,136.66,2,Lahore,Debit Card,3.0
2523,126,2025-06-28,Fashion,Jacket,85.43,5,Multan,Bank Transfer,4.0
2524,964,2025-09-26,Beauty,Perfume,408.63,1,Faisalabad,Wallet,4.0
2525,97,2025-10-17,Home & Kitchen,Mixer Grinder,90.81,4,Faisalabad,Bank Transfer,4.0
2526,552,2025-02-26,Home & Kitchen,Table Lamp,19.16,3,Peshawar,Credit Card,5.0
2527,1490,2025-09-15,Books,Textbook,198.57,2,Islamabad,Bank Transfer,1.0
2528,672,2025-07-03,Home & Kitchen,Table Lamp,180.19,1,Karachi,Wallet,4.0
2529,1188,2025-08-26,Fashion,Kurta,122.27,1,Peshawar,Wallet,
2530,1499,2025-01-19,Fashion,Sneakers,80.27,3,Faisalabad,Debit Card,3.0
2531,1571,2025-09-10,Books,Novel,206.8,4,Quetta,Credit Card,4.0
2532,838,2025-09-10,Fashion,Jacket,32.3,2,Karachi,Wallet,4.0
2533,328,2025-04-17,Books,Textbook,382.27,1,Lahore,Wallet,4.0
2534,938,2025-08-08,Beauty,Lipstick,165.44,1,ISLAMABAD  ,Wallet,
2535,815,2025-06-11,Fashion,T-Shirt,341.46,5,LAHORE  ,Wallet,5.0
2536,764,2025-06-11,Home & Kitchen,Cookware Set,359.57,3,MULTAN  ,Cash on Delivery,4.0
2537,789,2025-09-02,Electronics,Laptop,64.59,5,Peshawar,Bank Transfer,5.0
2538,1172,2025-06-27,Books,Self-Help Book,109.42,1,Faisalabad,Cash on Delivery,4.0
2539,56,2025-07-28,Home & Kitchen,Table Lamp,40.26,3,Karachi,Credit Card,4.0
2540,1527,2025-05-18,Electronics,Smartphone,325.67,1,Lahore,Bank Transfer,5.0
2541,243,2025-10-07,Home & Kitchen,Cookware Set,394.55,1,Quetta,Wallet,
2542,1440,2025-01-11,Books,Comic,348.26,2,Peshawar,Wallet,4.0
2543,1037,2025-07-29,Electronics,Smartphone,216.93,2,Faisalabad,Bank Transfer,5.0
2544,1424,2025-04-23,Fashion,Jacket,287.17,1,Multan,Wallet,
2545,599,2025-10-27,Fashion,Sneakers,20.43,4,Karachi,Credit Card,4.0
2546,23,2025-09-12,Beauty,Perfume,422.0,2,Faisalabad,Bank Transfer,4.0
2547,207,2025-03-21,Home & Kitchen,Bedsheet,36.9,3,Quetta,Credit Card,3.0
2548,280,2025-02-08,Electronics,Laptop,233.65,3,Multan,Credit Card,4.0
2549,665,2025-04-18,Home & Kitchen,Cookware Set,229.6,3,Karachi,Cash on Delivery,4.0
2550,1547,2025-04-26,Electronics,Headphones,354.02,2,Multan,Credit Card,4.0
2551,1376,2025-05-07,Books,Comic,411.66,5,Multan,Cash on Delivery,5.0
2552,77,2025-03-04,Electronics,Laptop,181.59,1,PESHAWAR  ,Cash on Delivery,
2553,1077,2025-08-17,Home & Kitchen,Mixer Grinder,16.91,1,LAHORE  ,Credit Card,4.0
2554,281,2025-06-04,Home & Kitchen,Table Lamp,240.61,2,Islamabad,Debit Card,
2555,531,2025-09-24,Home & Kitchen,Bedsheet,466.18,5,Islamabad,Wallet,5.0
2556,953,2025-01-22,Electronics,Laptop,298.34,4,Peshawar,Wallet,4.0
2557,1496,2025-01-19,Fashion,T-Shirt,441.42,4,Multan,Debit Card,5.0
2558,596,2025-05-29,Beauty,Lipstick,20.22,5,Lahore,Wallet,5.0
2559,1544,2025-07-15,Home & Kitchen,Mixer Grinder,209.69,2,Karachi,Debit Card,5.0
2560,784,2025-07-12,Beauty,Face Wash,105.32,3,Multan,Wallet,5.0
2561,1064,2025-10-26,Electronics,Headphones,423.75,1,Multan,Debit Card,2.0
2562,885,2025-05-14,Electronics,Smartphone,236.55,1,Faisalabad,Wallet,4.0
2563,1140,2025-06-14,Home & Kitchen,Mixer Grinder,385.2,5,Multan,Wallet,4.0
2564,357,2025-01-29,Electronics,Smartphone,155.18,3,Islamabad,Cash on Delivery,5.0
2565,1645,2025-05-26,Beauty,Lipstick,192.92,4,Faisalabad,Credit Card,4.0
2566,315,2025-02-17,Fashion,T-Shirt,47.18,3,Peshawar,Debit Card,4.0
2567,487,2025-06-18,Home & Kitchen,Cookware Set,457.99,1,Faisalabad,Debit Card,
2568,281,2025-05-13,Beauty,Shampoo,101.43,5,Lahore,Debit Card,4.0
2569,1134,2025-10-24,Home & Kitchen,Bedsheet,254.79,5,Lahore,Wallet,
2570,1198,2025-10-20,Home & Kitchen,Cookware Set,158.11,4,Multan,Bank Transfer,2.0
2571,56,2025-03-07,Books,Novel,356.58,4,Peshawar,Cash on Delivery,1.0
2572,1047,2025-05-25,Books,Novel,156.11,5,Karachi,Credit Card,5.0
2573,166,2025-02-14,Books,Textbook,337.07,5,Peshawar,Bank Transfer,5.0
2574,679,2025-08-25,Beauty,Face Wash,491.88,4,Faisalabad,Cash on Delivery,4.0
2575,367,2025-03-11,Electronics,Smartphone,93.47,4,LAHORE  ,Wallet,5.0
2576,274,2025-01-01,Home & Kitchen,Cookware Set,460.11,3,Quetta,Cash on Delivery,3.0
2577,451,2025-02-08,Electronics,Tablet,284.92,4,Multan,Wallet,5.0
2578,768,2025-01-29,Electronics,Smartphone,486.96,3,Karachi,Bank Transfer,3.0
2579,548,2025-04-11,Home & Kitchen,Cookware Set,60.26,3,Islamabad,Credit Card,3.0
2580,588,2025-03-17,Books,Novel,101.19,1,Karachi,Debit Card,5.0
2581,1101,2025-04-17,Fashion,T-Shirt,14.7,4,Karachi,Cash on Delivery,5.0
2582,1557,2025-03-18,Electronics,Smartwatch,90.22,3,Lahore,Bank Transfer,5.0
2583,989,2025-06-07,Beauty,Face Wash,100.3,4,Faisalabad,Credit Card,3.0
2584,396,2025-01-31,Books,Textbook,78.12,4,Quetta,Bank Transfer,3.0
2585,1159,2025-10-26,Electronics,Laptop,373.87,4,Islamabad,Cash on Delivery,3.0
2586,1361,2025-10-06,Beauty,Lipstick,415.0,2,Quetta,Debit Card,5.0
2587,1184,2025-07-18,Fashion,Jacket,384.1,5,Multan,Credit Card,4.0
2588,1318,2025-10-17,Books,Novel,121.43,4,Quetta,Debit Card,5.0
2589,1021,2025-08-23,Books,Comic,258.66,3,Islamabad,Cash on Delivery,3.0
2590,1134,2025-07-21,Home & Kitchen,Bedsheet,371.19,2,Faisalabad,Credit Card,5.0
2591,806,2025-03-18,Home & Kitchen,Cookware Set,49.46,4,Islamabad,Bank Transfer,5.0
2592,17,2025-09-13,Beauty,Perfume,278.93,1,QUETTA  ,Bank Transfer,
2593,1223,2025-05-30,Fashion,T-Shirt,78.15,3,Faisalabad,Cash on Delivery,4.0
2594,1375,2025-07-21,Fashion,Kurta,329.02,2,Lahore,Bank Transfer,4.0
2595,1041,2025-05-04,Fashion,Jeans,165.68,2,Faisalabad,Credit Card,2.0
2596,858,2025-10-12,Electronics,Tablet,399.77,3,Karachi,Cash on Delivery,5.0
2597,84,2025-07-23,Beauty,Perfume,341.04,5,Islamabad,Credit Card,5.0
2598,17,2025-04-25,Electronics,Headphones,480.19,2,Lahore,Bank Transfer,5.0
2599,265,2025-06-20,Electronics,Headphones,255.05,1,Faisalabad,Cash on Delivery,4.0
2600,173,2025-03-11,Fashion,Sneakers,172.07,2,Islamabad,Wallet,3.0
2601,761,2025-02-09,Books,Self-Help Book,68.4,5,Multan,Wallet,
2602,825,2025-10-08,Books,Textbook,88.63,3,Quetta,Debit Card,3.0
2603,938,2025-08-27,Electronics,Smartwatch,71.97,4,Faisalabad,Debit Card,4.0
2604,997,2025-07-01,Electronics,Headphones,10.7,4,Islamabad,Debit Card,5.0
2605,685,2025-02-23,Fashion,Jacket,141.51,3,Lahore,Credit Card,
2606,16,2025-05-09,Beauty,Shampoo,46.32,3,Quetta,Wallet,5.0
2607,1027,2025-02-13,Fashion,Jacket,85.97,1,Islamabad,Cash on Delivery,5.0
2608,171,2025-05-10,Home & Kitchen,Mixer Grinder,176.22,4,Faisalabad,Cash on Delivery,
2609,1632,2025-10-13,Beauty,Shampoo,383.73,1,Multan,Wallet,5.0
2610,186,2025-05-08,Electronics,Smartphone,47.16,4,Quetta,Cash on Delivery,5.0
2611,732,2025-08-30,Fashion,Jacket,364.65,5,Faisalabad,Debit Card,3.0
2612,1138,2025-10-12,Beauty,Face Wash,54.66,1,Karachi,Wallet,5.0
2613,1324,2025-03-16,Electronics,Laptop,458.19,4,QUETTA  ,Cash on Delivery,5.0
2614,92,2025-07-15,Books,Novel,227.73,4,Multan,Bank Transfer,3.0
2615,459,2025-01-20,Home & Kitchen,Mixer Grinder,167.9,2,Faisalabad,Wallet,5.0
2616,1520,2025-09-22,Home & Kitchen,Mixer Grinder,406.15,2,Faisalabad,Credit Card,4.0
2617,768,2025-07-27,Electronics,Smartphone,422.46,1,Faisalabad,Debit Card,3.0
2618,1371,2025-07-30,Electronics,Headphones,305.82,1,Quetta,Cash on Delivery,
2619,1436,2025-10-12,Fashion,Kurta,270.99,2,Lahore,Bank Transfer,4.0
2620,301,2025-10-06,Beauty,Face Wash,78.22,5,Peshawar,Debit Card,5.0
2621,354,2025-04-10,Fashion,Jacket,483.99,3,MULTAN  ,Wallet,5.0
2622,191,2025-01-13,Electronics,Smartphone,490.87,5,Faisalabad,Bank Transfer,5.0
2623,1092,2025-08-02,Fashion,Sneakers,411.85,3,Multan,Wallet,4.0
2624,1142,2025-10-16,Electronics,Smartphone,233.07,4,Karachi,Wallet,
2625,801,2025-10-25,Books,Self-Help Book,261.9,1,Peshawar,Credit Card,4.0
2626,1492,2025-07-27,Home & Kitchen,Mixer Grinder,101.54,4,Islamabad,Debit Card,5.0
2627,1208,2025-07-07,Electronics,Laptop,309.84,2,Karachi,Bank Transfer,4.0
2628,551,2025-01-03,Books,Comic,126.25,2,Peshawar,Cash on Delivery,
2629,1342,2025-03-29,Home & Kitchen,Table Lamp,297.16,3,Faisalabad,Bank Transfer,5.0
2630,52,2025-04-01,Home & Kitchen,Bedsheet,190.0,1,Quetta,Bank Transfer,4.0
2631,743,2025-06-23,Books,Textbook,264.74,5,Faisalabad,Bank Transfer,2.0
2632,409,2025-03-18,Beauty,Face Wash,347.67,1,Quetta,Bank Transfer,4.0
2633,162,2025-02-05,Books,Comic,151.26,4,Peshawar,Cash on Delivery,3.0
2634,1555,2025-08-08,Beauty,Shampoo,180.56,3,Islamabad,Wallet,4.0
2635,815,2025-09-21,Books,Comic,370.27,4,Karachi,Bank Transfer,1.0
2636,701,2025-07-13,Home & Kitchen,Table Lamp,76.43,2,Peshawar,Wallet,4.0
2637,561,2025-04-25,Books,Textbook,9.46,1,Islamabad,Debit Card,5.0
2638,1309,2025-04-27,Books,Self-Help Book,388.24,5,Faisalabad,Cash on Delivery,
2639,1021,2025-09-06,Fashion,Jacket,27.14,3,Faisalabad,Cash on Delivery,5.0
2640,1401,2025-04-19,Fashion,Sneakers,165.04,2,Peshawar,Cash on Delivery,5.0
2641,1439,2025-07-20,Books,Self-Help Book,417.27,2,Peshawar,Cash on Delivery,4.0
2642,573,2025-09-20,Beauty,Shampoo,187.17,2,Quetta,Credit Card,5.0
2643,1283,2025-03-03,Books,Novel,389.56,5,Islamabad,Wallet,1.0
2644,679,2025-07-31,Books,Comic,99.84,2,Lahore,Debit Card,1.0
2645,944,2025-01-19,Electronics,Smartphone,288.47,3,Peshawar,Bank Transfer,5.0
2646,255,2025-05-14,Beauty,Lipstick,143.13,3,Islamabad,Bank Transfer,5.0
2647,647,2025-01-19,Home & Kitchen,Table Lamp,399.92,5,Islamabad,Bank Transfer,5.0
2648,356,2025-05-31,Books,Textbook,75.15,1,Quetta,Cash on Delivery,5.0
2649,1261,2025-05-07,Beauty,Lipstick,427.13,1,Multan,Wallet,4.0
2650,529,2025-06-12,Home & Kitchen,Cookware Set,183.08,4,Quetta,Cash on Delivery,4.0
2651,361,2025-04-07,Electronics,Tablet,40.36,3,Islamabad,Debit Card,2.0
2652,805,2025-05-04,Books,Textbook,43.35,3,MULTAN  ,Bank Transfer,4.0
2653,1501,2025-10-02,Books,Comic,463.4,5,Islamabad,Debit Card,4.0
2654,1459,2025-07-09,Books,Novel,376.57,1,FAISALABAD  ,Cash on Delivery,5.0
2655,1470,2025-02-23,Beauty,Face Wash,170.0,3,Quetta,Bank Transfer,4.0
2656,1503,2025-08-08,Fashion,Jacket,463.82,1,Multan,Credit Card,5.0
2657,453,2025-06-26,Home & Kitchen,Cookware Set,342.44,3,Lahore,Wallet,5.0
2658,1316,2025-06-24,Home & Kitchen,Cookware Set,387.05,4,MULTAN  ,Cash on Delivery,
2659,737,2025-01-17,Books,Textbook,161.08,3,Peshawar,Bank Transfer,3.0
2660,863,2025-02-23,Books,Novel,102.85,1,Peshawar,Bank Transfer,
2661,1021,2025-03-13,Home & Kitchen,Cookware Set,374.16,3,Multan,Wallet,5.0
2662,1337,2025-06-19,Books,Comic,54.36,3,Peshawar,Cash on Delivery,3.0
2663,547,2025-03-07,Electronics,Smartwatch,80.09,4,FAISALABAD  ,Cash on Delivery,3.0
2664,1630,2025-09-06,Beauty,Face Wash,61.87,2,Lahore,Debit Card,3.0
2665,1002,2025-07-22,Beauty,Shampoo,258.48,2,Peshawar,Debit Card,4.0
2666,231,2025-01-21,Fashion,Jacket,366.53,3,Multan,Wallet,5.0
2667,891,2025-08-28,Electronics,Smartwatch,84.76,5,Karachi,Credit Card,4.0
2668,654,2025-03-14,Home & Kitchen,Table Lamp,332.46,1,LAHORE  ,Credit Card,5.0
2669,1092,2025-08-09,Electronics,Smartphone,159.89,3,Karachi,Bank Transfer,5.0
2670,432,2025-06-23,Electronics,Smartphone,474.16,3,Multan,Bank Transfer,4.0
2671,1085,2025-06-06,Electronics,Laptop,389.07,4,Multan,Wallet,5.0
2672,33,2025-02-06,Home & Kitchen,Bedsheet,125.31,4,Islamabad,Cash on Delivery,4.0
2673,212,2025-10-23,Beauty,Face Wash,21.53,2,Lahore,Wallet,5.0
2674,232,2025-03-11,Electronics,Headphones,16.42,2,Faisalabad,Cash on Delivery,5.0
2675,930,2025-10-21,Electronics,Headphones,495.41,2,Lahore,Cash on Delivery,1.0
2676,583,2025-09-18,Books,Self-Help Book,419.18,2,Peshawar,Credit Card,4.0
2677,166,2025-05-09,Fashion,Jeans,251.51,1,PESHAWAR  ,Wallet,5.0
2678,1468,2025-05-05,Fashion,Sneakers,61.31,4,Lahore,Bank Transfer,4.0
2679,675,2025-02-11,Electronics,Laptop,474.55,4,Peshawar,Bank Transfer,4.0
2680,750,2025-03-31,Electronics,Headphones,346.51,3,Islamabad,Cash on Delivery,3.0
2681,663,2025-01-09,Home & Kitchen,Bedsheet,450.65,3,Peshawar,Bank Transfer,4.0
2682,690,2025-06-06,Fashion,T-Shirt,19.18,1,Multan,Bank Transfer,4.0
2683,1003,2025-05-27,Beauty,Perfume,386.77,2,Faisalabad,Cash on Delivery,4.0
2684,310,2025-02-01,Electronics,Smartwatch,5.14,4,Islamabad,Credit Card,2.0
2685,758,2025-05-18,Beauty,Lipstick,84.38,2,Peshawar,Bank Transfer,5.0
2686,994,2025-02-19,Beauty,Perfume,451.33,2,Lahore,Bank Transfer,5.0
2687,831,2025-05-22,Home & Kitchen,Table Lamp,384.26,5,Islamabad,Wallet,5.0
2688,1283,2025-10-18,Beauty,Face Wash,381.92,4,Karachi,Cash on Delivery,4.0
2689,412,2025-07-06,Fashion,Jacket,263.86,2,Multan,Wallet,4.0
2690,1135,2025-09-20,Books,Novel,74.43,5,Quetta,Credit Card,3.0
2691,176,2025-02-13,Books,Self-Help Book,425.65,5,Multan,Wallet,5.0
2692,898,2025-05-03,Electronics,Laptop,37.17,1,Islamabad,Debit Card,4.0
2693,637,2025-02-06,Beauty,Face Wash,72.0,3,Faisalabad,Credit Card,4.0
2694,664,2025-05-19,Books,Self-Help Book,9.57,5,Lahore,Cash on Delivery,3.0
2695,1313,2025-06-09,Books,Textbook,58.24,2,Faisalabad,Cash on Delivery,4.0
2696,1497,2025-07-22,Beauty,Face Wash,6.03,2,Islamabad,Wallet,4.0
2697,516,2025-10-27,Books,Comic,372.17,5,Karachi,Bank Transfer,
2698,1427,2025-02-24,Books,Novel,94.22,4,Multan,Credit Card,4.0
2699,1358,2025-03-04,Books,Novel,476.12,5,Multan,Cash on Delivery,5.0
2700,1588,2025-09-16,Fashion,Kurta,285.66,5,Lahore,Cash on Delivery,2.0
2701,72,2025-10-17,Books,Textbook,29.02,4,Faisalabad,Wallet,3.0
2702,59,2025-08-25,Fashion,Sneakers,324.02,2,Faisalabad,Cash on Delivery,3.0
2703,1486,2025-03-02,Home & Kitchen,Cookware Set,415.29,2,Multan,Wallet,3.0
2704,1116,2025-07-14,Fashion,Jacket,376.68,5,Karachi,Debit Card,4.0
2705,620,2025-03-21,Books,Novel,332.37,4,FAISALABAD  ,Wallet,5.0
2706,921,2025-08-02,Beauty,Shampoo,174.22,3,Faisalabad,Debit Card,4.0
2707,804,2025-04-01,Beauty,Lipstick,497.61,5,Islamabad,Debit Card,4.0
2708,1322,2025-05-08,Fashion,Kurta,94.12,4,Peshawar,Debit Card,5.0
2709,1215,2025-03-09,Fashion,Jeans,299.95,1,Lahore,Cash on Delivery,4.0
2710,1411,2025-08-30,Home & Kitchen,Table Lamp,320.83,5,Multan,Wallet,4.0
2711,1253,2025-02-14,Home & Kitchen,Table Lamp,30.23,1,Peshawar,Debit Card,
2712,103,2025-07-02,Home & Kitchen,Mixer Grinder,281.71,2,KARACHI  ,Wallet,4.0
2713,655,2025-08-28,Books,Comic,357.4,2,ISLAMABAD  ,Bank Transfer,3.0
2714,726,2025-07-22,Fashion,T-Shirt,299.7,1,Quetta,Cash on Delivery,4.0
2715,280,2025-08-13,Beauty,Lipstick,39.04,2,Peshawar,Wallet,
2716,253,2025-03-01,Beauty,Perfume,359.69,5,Multan,Cash on Delivery,5.0
2717,84,2025-08-14,Electronics,Laptop,460.05,3,Multan,Bank Transfer,3.0
2718,791,2025-10-14,Home & Kitchen,Mixer Grinder,492.77,2,Multan,Bank Transfer,
2719,205,2025-10-18,Home & Kitchen,Bedsheet,273.23,4,Quetta,Wallet,4.0
2720,262,2025-03-10,Beauty,Perfume,217.32,3,Faisalabad,Cash on Delivery,4.0
2721,998,2025-01-06,Home & Kitchen,Cookware Set,374.23,5,Lahore,Cash on Delivery,5.0
2722,1592,2025-01-18,Books,Novel,182.16,1,Multan,Cash on Delivery,2.0
2723,134,2025-05-12,Books,Self-Help Book,,4,,,5.0
2724,866,2025-09-15,Beauty,Shampoo,301.07,2,Faisalabad,Bank Transfer,5.0
2725,869,2025-10-27,Beauty,Shampoo,457.77,3,Islamabad,Credit Card,1.0
2726,862,2025-08-24,Fashion,Sneakers,497.35,2,Quetta,Wallet,5.0
2727,845,2025-09-23,Books,Comic,401.44,1,Multan,Debit Card,4.0
2728,1441,2025-06-02,Electronics,Tablet,79.68,1,Multan,Wallet,2.0
2729,1370,2025-04-17,Electronics,Smartwatch,54.17,5,Karachi,Wallet,4.0
2730,1528,2025-10-14,Home & Kitchen,Mixer Grinder,201.29,5,Multan,Credit Card,2.0
2731,996,2025-07-19,Beauty,Lipstick,482.92,1,Faisalabad,Credit Card,5.0
2732,1231,2025-06-07,Beauty,Shampoo,452.3,5,LAHORE  ,Cash on Delivery,
2733,145,2025-05-01,Books,Novel,292.38,2,Karachi,Bank Transfer,4.0
2734,327,2025-09-20,Electronics,Laptop,314.07,4,FAISALABAD  ,Debit Card,
2735,1550,2025-02-26,Electronics,Tablet,274.95,3,Islamabad,Debit Card,5.0
2736,614,2025-05-08,Books,Self-Help Book,492.9,3,Lahore,Debit Card,3.0
2737,290,2025-03-26,Home & Kitchen,Bedsheet,320.82,5,Quetta,Credit Card,2.0
2738,200,2025-10-13,Books,Novel,141.42,4,Peshawar,Credit Card,
2739,360,2025-08-10,Books,Novel,71.22,1,Quetta,Cash on Delivery,5.0
2740,1272,2025-10-10,Books,Comic,103.83,4,LAHORE  ,Debit Card,
2741,324,2025-10-06,Home & Kitchen,Mixer Grinder,418.44,1,Karachi,Debit Card,5.0
2742,1317,2025-07-02,Electronics,Smartwatch,164.82,2,Quetta,Bank Transfer,5.0
2743,120,2025-06-09,Beauty,Perfume,193.05,1,Karachi,Wallet,5.0
2744,988,2025-02-05,Books,Comic,79.86,3,Karachi,Cash on Delivery,5.0
2745,1266,2025-04-23,Beauty,Perfume,109.39,5,Multan,Wallet,5.0
2746,1449,2025-07-28,Beauty,Perfume,352.86,4,Islamabad,Wallet,5.0
2747,647,2025-07-23,Electronics,Smartphone,307.1,1,Peshawar,Wallet,5.0
2748,1051,2025-02-27,Fashion,Jacket,285.82,5,Multan,Bank Transfer,5.0
2749,1118,2025-01-10,Electronics,Headphones,92.95,3,LAHORE  ,Wallet,5.0
2750,203,2025-07-15,Books,Self-Help Book,51.46,3,Lahore,Debit Card,4.0
2751,532,2025-01-12,Books,Novel,480.13,1,Faisalabad,Debit Card,3.0
2752,1460,2025-08-21,Beauty,Face Wash,249.43,2,Karachi,Debit Card,4.0
2753,1193,2025-01-10,Home & Kitchen,Table Lamp,47.47,3,Karachi,Credit Card,1.0
2754,765,2025-03-13,Fashion,Kurta,177.95,4,Peshawar,Debit Card,4.0
2755,1199,2025-08-08,Beauty,Shampoo,464.43,3,Islamabad,Debit Card,4.0
2756,1022,2025-03-28,Fashion,T-Shirt,178.62,4,Karachi,Credit Card,1.0
2757,839,2025-08-06,Beauty,Lipstick,364.26,2,Islamabad,Wallet,5.0
2758,597,2025-06-22,Electronics,Smartphone,202.62,2,Karachi,Bank Transfer,3.0
2759,1436,2025-08-17,Fashion,Sneakers,173.74,1,Karachi,Debit Card,2.0
2760,459,2025-08-12,Fashion,Sneakers,173.02,3,Faisalabad,Cash on Delivery,3.0
2761,1221,2025-09-21,Books,Textbook,93.49,4,ISLAMABAD  ,Debit Card,
2762,1173,2025-08-06,Electronics,Smartwatch,108.26,5,Quetta,Debit Card,4.0
2763,356,2025-09-07,Home & Kitchen,Bedsheet,328.0,3,Faisalabad,Debit Card,5.0
2764,312,2025-10-23,Fashion,Kurta,356.68,2,Peshawar,Credit Card,
2765,912,2025-04-01,Fashion,T-Shirt,317.27,5,Karachi,Bank Transfer,
2766,489,2025-06-21,Fashion,Sneakers,344.24,4,QUETTA  ,Bank Transfer,2.0
2767,1613,2025-09-05,Beauty,Face Wash,149.28,1,ISLAMABAD  ,Wallet,4.0
2768,63,2025-09-08,Fashion,Kurta,29.8,3,Karachi,Cash on Delivery,4.0
2769,1420,2025-03-24,Fashion,Jacket,288.0,3,Islamabad,Cash on Delivery,
2770,1143,2025-06-03,Books,Self-Help Book,212.96,4,Islamabad,Debit Card,3.0
2771,573,2025-01-12,Books,Textbook,327.48,5,Islamabad,Cash on Delivery,5.0
2772,674,2025-02-20,Fashion,T-Shirt,445.95,5,Lahore,Wallet,4.0
2773,325,2025-05-09,Fashion,Kurta,106.1,4,LAHORE  ,Wallet,5.0
2774,795,2025-03-23,Beauty,Perfume,283.36,2,Karachi,Wallet,5.0
2775,46,2025-06-08,Books,Comic,260.07,3,Faisalabad,Bank Transfer,5.0
2776,1221,2025-02-01,Home & Kitchen,Cookware Set,40.09,1,Quetta,Credit Card,4.0
2777,1483,2025-02-25,Fashion,Sneakers,390.92,4,Multan,Credit Card,5.0
2778,292,2025-07-03,Books,Textbook,85.26,3,Islamabad,Bank Transfer,5.0
2779,1538,2025-06-18,Electronics,Tablet,459.68,5,Faisalabad,Credit Card,5.0
2780,351,2025-04-30,Home & Kitchen,Bedsheet,303.49,3,Multan,Wallet,
2781,1308,2025-10-22,Books,Comic,210.72,1,Islamabad,Cash on Delivery,5.0
2782,619,2025-02-02,Books,Novel,184.01,2,Islamabad,Debit Card,4.0
2783,247,2025-06-29,Books,Self-Help Book,189.02,1,Lahore,Wallet,5.0
2784,590,2025-09-07,Electronics,Headphones,218.44,3,Quetta,Bank Transfer,5.0
2785,10,2025-06-06,Home & Kitchen,Bedsheet,435.38,4,Quetta,Debit Card,4.0
2786,761,2025-03-17,Beauty,Perfume,297.12,1,Peshawar,Debit Card,5.0
2787,118,2025-09-03,Fashion,Jacket,72.34,1,Peshawar,Debit Card,1.0
2788,880,2025-04-22,Electronics,Smartwatch,133.97,1,Peshawar,Debit Card,1.0
2789,1635,2025-02-05,Beauty,Lipstick,418.62,3,Multan,Wallet,3.0
2790,351,2025-01-12,Books,Novel,360.61,1,Islamabad,Bank Transfer,5.0
2791,342,2025-06-15,Fashion,Sneakers,171.67,4,MULTAN  ,Wallet,4.0
2792,992,2025-10-26,Beauty,Perfume,307.21,4,Faisalabad,Debit Card,4.0
2793,1660,2025-01-07,Books,Textbook,57.34,5,QUETTA  ,Debit Card,4.0
2794,1488,2025-03-25,Fashion,Kurta,221.13,5,Lahore,Credit Card,3.0
2795,107,2025-03-05,Beauty,Lipstick,367.13,1,Karachi,Bank Transfer,4.0
2796,668,2025-07-02,Books,Comic,299.15,1,Karachi,Bank Transfer,4.0
2797,1311,2025-04-08,Beauty,Face Wash,445.35,4,Quetta,Debit Card,5.0
2798,1313,2025-04-06,Electronics,Headphones,491.81,1,MULTAN  ,Credit Card,4.0
2799,1420,2025-03-26,Beauty,Shampoo,187.45,5,Lahore,Debit Card,
2800,202,2025-03-07,Books,Comic,166.73,2,Quetta,Debit Card,1.0
2801,1208,2025-08-03,Books,Novel,425.9,2,Lahore,Cash on Delivery,4.0
2802,1585,2025-01-17,Fashion,Sneakers,229.35,3,Peshawar,Wallet,5.0
2803,1019,2025-10-16,Beauty,Shampoo,307.66,4,Lahore,Wallet,4.0
2804,567,2025-02-20,Fashion,Sneakers,405.12,3,Islamabad,Bank Transfer,4.0
2805,1569,2025-10-13,Beauty,Face Wash,245.67,3,Karachi,Bank Transfer,5.0
2806,502,2025-04-10,Beauty,Face Wash,266.43,5,Quetta,Bank Transfer,2.0
2807,223,2025-10-06,Books,Self-Help Book,128.41,3,Islamabad,Debit Card,4.0
2808,1281,2025-02-22,Books,Self-Help Book,201.31,4,Faisalabad,Wallet,5.0
2809,606,2025-09-20,Fashion,Kurta,466.36,5,Peshawar,Cash on Delivery,4.0
2810,1280,2025-01-08,Beauty,Lipstick,471.79,3,Islamabad,Cash on Delivery,4.0
2811,530,2025-04-02,Home & Kitchen,Bedsheet,239.38,5,Faisalabad,Bank Transfer,5.0
2812,669,2025-09-07,Electronics,Headphones,156.47,2,Quetta,Bank Transfer,2.0
2813,1662,2025-01-05,Home & Kitchen,Bedsheet,399.04,3,Lahore,Wallet,5.0
2814,138,2025-02-20,Beauty,Lipstick,207.82,5,Lahore,Debit Card,3.0
2815,107,2025-06-02,Home & Kitchen,Table Lamp,312.07,5,Peshawar,Cash on Delivery,4.0
2816,1363,2025-09-13,Fashion,Jacket,245.38,5,Karachi,Cash on Delivery,3.0
2817,243,2025-08-11,Electronics,Laptop,267.21,1,LAHORE  ,Cash on Delivery,
2818,831,2025-10-01,Home & Kitchen,Mixer Grinder,12.53,4,Multan,Credit Card,5.0
2819,445,2025-04-28,Beauty,Shampoo,254.25,5,Karachi,Cash on Delivery,3.0
2820,791,2025-02-24,Electronics,Smartwatch,481.71,2,Multan,Wallet,5.0
2821,1435,2025-02-20,Home & Kitchen,Table Lamp,50.67,1,Karachi,Bank Transfer,4.0
2822,907,2025-09-01,Books,Textbook,91.15,4,Karachi,Credit Card,5.0
2823,1143,2025-03-21,Fashion,Sneakers,476.65,1,Quetta,Bank Transfer,
2824,727,2025-10-09,Home & Kitchen,Mixer Grinder,123.19,2,Peshawar,Cash on Delivery,
2825,1534,2025-02-17,Fashion,T-Shirt,182.5,2,Lahore,Cash on Delivery,5.0
2826,432,2025-05-12,Home & Kitchen,Bedsheet,220.74,4,Quetta,Bank Transfer,4.0
2827,481,2025-09-30,Home & Kitchen,Bedsheet,71.98,2,ISLAMABAD  ,Credit Card,5.0
2828,523,2025-08-18,Electronics,Tablet,253.55,5,Lahore,Wallet,3.0
2829,538,2025-05-06,Home & Kitchen,Bedsheet,137.79,5,Islamabad,Wallet,5.0
2830,1329,2025-06-21,Books,Comic,434.94,2,Faisalabad,Wallet,3.0
2831,26,2025-05-08,Electronics,Smartwatch,425.61,4,Multan,Credit Card,5.0
2832,1254,2025-03-29,Beauty,Lipstick,122.14,4,Karachi,Bank Transfer,5.0
2833,1591,2025-05-30,Home & Kitchen,Bedsheet,33.64,1,Karachi,Cash on Delivery,
2834,998,2025-02-14,Beauty,Lipstick,498.6,2,Multan,Cash on Delivery,4.0
2835,145,2025-07-27,Home & Kitchen,Bedsheet,320.7,3,Multan,Credit Card,4.0
2836,910,2025-03-04,Home & Kitchen,Table Lamp,39.53,5,Karachi,Cash on Delivery,
2837,867,2025-03-28,Fashion,T-Shirt,474.11,5,Lahore,Credit Card,5.0
2838,190,2025-06-18,Home & Kitchen,Table Lamp,252.03,1,ISLAMABAD  ,Cash on Delivery,5.0
2839,1299,2025-03-03,Fashion,Kurta,379.08,4,Islamabad,Wallet,4.0
2840,706,2025-10-05,Books,Self-Help Book,54.27,1,Quetta,Credit Card,5.0
2841,1621,2025-09-07,Beauty,Lipstick,371.45,4,Islamabad,Cash on Delivery,5.0
2842,543,2025-02-21,Books,Self-Help Book,453.34,5,Quetta,Bank Transfer,5.0
2843,78,2025-08-20,Fashion,Jacket,216.29,5,Multan,Credit Card,3.0
2844,834,2025-09-18,Home & Kitchen,Cookware Set,441.35,3,Islamabad,Wallet,2.0
2845,461,2025-04-27,Beauty,Face Wash,209.37,1,Quetta,Debit Card,4.0
2846,10,2025-01-12,Books,Comic,252.28,4,Lahore,Debit Card,5.0
2847,1030,2025-06-24,Beauty,Shampoo,25.96,3,Lahore,Credit Card,
2848,1554,2025-10-09,Electronics,Tablet,392.16,2,Karachi,Wallet,3.0
2849,281,2025-05-19,Electronics,Smartwatch,413.18,3,Multan,Cash on Delivery,5.0
2850,1524,2025-02-08,Beauty,Face Wash,168.83,3,Islamabad,Debit Card,5.0
2851,1496,2025-04-11,Fashion,Jacket,280.08,4,Quetta,Bank Transfer,5.0
2852,1053,2025-09-03,Electronics,Smartwatch,416.42,1,Karachi,Credit Card,2.0
2853,965,2025-09-01,Beauty,Face Wash,388.28,5,Karachi,Credit Card,4.0
2854,462,2025-09-04,Beauty,Lipstick,302.56,2,Quetta,Debit Card,4.0
2855,153,2025-08-01,Fashion,Kurta,125.56,3,Islamabad,Cash on Delivery,4.0
2856,395,2025-03-23,Home & Kitchen,Table Lamp,187.42,3,Peshawar,Debit Card,
2857,237,2025-01-02,Home & Kitchen,Mixer Grinder,186.57,4,Multan,Debit Card,4.0
2858,279,2025-01-31,Books,Comic,380.69,5,Peshawar,Debit Card,4.0
2859,438,2025-05-10,Home & Kitchen,Cookware Set,116.16,3,Peshawar,Wallet,4.0
2860,333,2025-09-16,Beauty,Shampoo,251.06,2,KARACHI  ,Debit Card,4.0
2861,357,2025-02-16,Electronics,Tablet,30.42,1,Peshawar,Bank Transfer,4.0
2862,248,2025-05-03,Home & Kitchen,Cookware Set,57.21,1,Islamabad,Cash on Delivery,5.0
2863,1484,2025-06-02,Home & Kitchen,Cookware Set,77.5,3,Karachi,Cash on Delivery,5.0
2864,1547,2025-06-11,Home & Kitchen,Bedsheet,114.25,4,Quetta,Cash on Delivery,4.0
2865,247,2025-01-23,Beauty,Shampoo,144.75,2,Peshawar,Debit Card,5.0
2866,869,2025-04-18,Books,Textbook,459.24,4,FAISALABAD  ,Credit Card,2.0
2867,716,2025-08-11,Home & Kitchen,Mixer Grinder,196.32,5,Karachi,Debit Card,5.0
2868,384,2025-07-23,Home & Kitchen,Cookware Set,63.49,5,Karachi,Debit Card,3.0
2869,1469,2025-08-31,Fashion,Kurta,149.65,5,Quetta,Bank Transfer,4.0
2870,1116,2025-08-16,Electronics,Smartwatch,114.64,4,Karachi,Wallet,5.0
2871,691,2025-01-31,Books,Novel,257.66,5,Peshawar,Debit Card,5.0
2872,95,2025-05-03,Electronics,Headphones,315.87,2,MULTAN  ,Credit Card,5.0
2873,407,2025-08-22,Books,Self-Help Book,205.34,5,Peshawar,Debit Card,3.0
2874,1491,2025-07-26,Books,Comic,328.85,3,Peshawar,Bank Transfer,
2875,1665,2025-08-07,Electronics,Laptop,113.48,4,Karachi,Credit Card,3.0
2876,660,2025-04-30,Beauty,Face Wash,386.65,3,Lahore,Wallet,4.0
2877,854,2025-04-05,Electronics,Tablet,355.82,4,Islamabad,Bank Transfer,
2878,1310,2025-05-25,Beauty,Shampoo,312.48,2,Faisalabad,Wallet,4.0
2879,1527,2025-04-25,Books,Comic,195.24,3,Quetta,Credit Card,5.0
2880,1286,2025-02-27,Electronics,Headphones,305.99,4,Peshawar,Wallet,4.0
2881,160,2025-06-14,Books,Comic,181.28,1,Quetta,Cash on Delivery,5.0
2882,608,2025-08-01,Fashion,Kurta,401.67,1,Multan,Cash on Delivery,2.0
2883,1054,2025-04-15,Electronics,Smartphone,490.72,2,Quetta,Debit Card,4.0
2884,894,2025-02-22,Electronics,Laptop,145.05,4,PESHAWAR  ,Credit Card,5.0
2885,1381,2025-01-06,Fashion,T-Shirt,61.59,4,Peshawar,Bank Transfer,3.0
2886,137,2025-02-12,Home & Kitchen,Mixer Grinder,494.9,4,Quetta,Debit Card,
2887,1251,2025-03-06,Beauty,Perfume,175.75,3,Faisalabad,Debit Card,4.0
2888,1175,2025-04-05,Fashion,Kurta,343.49,1,Peshawar,Debit Card,
2889,1264,2025-03-15,Home & Kitchen,Table Lamp,183.76,1,Quetta,Wallet,5.0
2890,1027,2025-09-27,Home & Kitchen,Mixer Grinder,174.59,4,Faisalabad,Wallet,4.0
2891,564,2025-04-03,Beauty,Shampoo,385.74,4,MULTAN  ,Debit Card,4.0
2892,749,2025-05-24,Fashion,Jacket,60.98,1,Lahore,Cash on Delivery,4.0
2893,1518,2025-01-24,Electronics,Smartwatch,305.87,4,ISLAMABAD  ,Cash on Delivery,3.0
2894,398,2025-04-18,Books,Self-Help Book,405.16,5,Lahore,Wallet,
2895,749,2025-01-12,Home & Kitchen,Mixer Grinder,427.5,2,QUETTA  ,Credit Card,3.0
2896,456,2025-02-27,Books,Self-Help Book,,1,,,4.0
2897,791,2025-01-18,Home & Kitchen,Table Lamp,99.84,2,Faisalabad,Credit Card,4.0
2898,146,2025-08-15,Beauty,Lipstick,461.34,2,Quetta,Debit Card,5.0
2899,1497,2025-09-27,Electronics,Laptop,231.49,5,Lahore,Credit Card,4.0
2900,757,2025-02-18,Fashion,Kurta,452.21,3,Lahore,Bank Transfer,3.0
2901,796,2025-03-18,Electronics,Smartphone,122.78,4,Peshawar,Credit Card,5.0
2902,394,2025-05-31,Home & Kitchen,Bedsheet,396.47,5,Lahore,Wallet,5.0
2903,1660,2025-03-19,Beauty,Perfume,54.76,4,Faisalabad,Wallet,4.0
2904,279,2025-03-14,Beauty,Perfume,39.07,3,Peshawar,Bank Transfer,5.0
2905,326,2025-01-12,Electronics,Smartphone,148.4,2,Karachi,Debit Card,4.0
2906,407,2025-08-21,Fashion,Jeans,96.68,4,Peshawar,Bank Transfer,5.0
2907,1340,2025-05-10,Books,Textbook,327.79,1,Quetta,Wallet,5.0
2908,915,2025-07-25,Home & Kitchen,Bedsheet,148.65,3,QUETTA  ,Credit Card,5.0
2909,55,2025-10-12,Home & Kitchen,Bedsheet,492.83,4,ISLAMABAD  ,Bank Transfer,4.0
2910,508,2025-07-26,Beauty,Perfume,214.72,3,Faisalabad,Debit Card,5.0
2911,1144,2025-07-28,Books,Comic,36.02,1,Quetta,Debit Card,5.0
2912,1528,2025-01-07,Home & Kitchen,Bedsheet,453.68,1,Lahore,Wallet,5.0
2913,1031,2025-02-26,Books,Novel,97.18,4,Peshawar,Debit Card,3.0
2914,56,2025-03-28,Fashion,Jacket,398.01,3,Multan,Cash on Delivery,4.0
2915,736,2025-04-22,Books,Comic,160.56,1,Karachi,Bank Transfer,1.0
2916,1469,2025-01-02,Beauty,Face Wash,306.66,4,Peshawar,Credit Card,4.0
2917,861,2025-08-27,Books,Self-Help Book,346.76,1,,Cash on Delivery,5.0
2918,685,2025-09-22,Fashion,T-Shirt,430.88,5,Quetta,Debit Card,5.0
2919,345,2025-08-07,Fashion,Jeans,47.39,5,Karachi,Bank Transfer,4.0
2920,1400,2025-07-27,Beauty,Perfume,85.0,5,Lahore,Credit Card,5.0
2921,1392,2025-10-20,Home & Kitchen,Table Lamp,129.89,5,PESHAWAR  ,Debit Card,
2922,96,2025-01-09,Home & Kitchen,Cookware Set,202.08,1,Multan,Wallet,
2923,1083,2025-10-09,Fashion,Jacket,141.51,4,Multan,Bank Transfer,2.0
2924,931,2025-07-26,Beauty,Lipstick,474.83,1,Multan,Bank Transfer,5.0
2925,1507,2025-07-07,Home & Kitchen,Mixer Grinder,380.04,5,Faisalabad,Credit Card,4.0
2926,1268,2025-10-12,Books,Textbook,416.32,2,Peshawar,Credit Card,4.0
2927,95,2025-04-20,Home & Kitchen,Cookware Set,36.38,3,Peshawar,Bank Transfer,4.0
2928,35,2025-04-21,Beauty,Perfume,406.5,5,Lahore,Credit Card,5.0
2929,156,2025-03-10,Electronics,Smartphone,65.85,1,Quetta,Credit Card,4.0
2930,570,2025-07-22,Books,Textbook,43.47,3,Quetta,Wallet,2.0
2931,27,2025-03-13,Electronics,Smartphone,205.39,1,LAHORE  ,Credit Card,4.0
2932,869,2025-06-13,Fashion,Sneakers,263.91,5,Multan,Credit Card,3.0
2933,180,2025-09-09,Beauty,Shampoo,423.33,4,Islamabad,Wallet,4.0
2934,678,2025-03-08,Beauty,Face Wash,460.32,1,Quetta,Credit Card,5.0
2935,854,2025-04-22,Books,Textbook,379.65,5,Quetta,Cash on Delivery,2.0
2936,941,2025-05-02,Home & Kitchen,Cookware Set,131.42,5,Multan,Cash on Delivery,4.0
2937,1568,2025-01-30,Beauty,Perfume,421.8,4,Islamabad,Debit Card,4.0
2938,156,2025-10-12,Home & Kitchen,Cookware Set,226.3,2,Islamabad,Debit Card,5.0
2939,202,2025-04-06,Books,Comic,138.75,3,Peshawar,Wallet,5.0
2940,1613,2025-08-02,Electronics,Smartwatch,149.3,2,Peshawar,Bank Transfer,5.0
2941,198,2025-05-31,Home & Kitchen,Mixer Grinder,491.39,5,Lahore,Credit Card,4.0
2942,1089,2025-06-13,Electronics,Headphones,372.6,2,Quetta,Credit Card,2.0
2943,1033,2025-03-31,Beauty,Face Wash,,4,,,5.0
2944,1590,2025-08-12,Home & Kitchen,Cookware Set,495.23,1,Islamabad,Wallet,3.0
2945,1614,2025-05-24,Books,Textbook,205.14,2,Multan,Credit Card,4.0
2946,617,2025-05-23,Books,Textbook,152.22,2,Quetta,Debit Card,5.0
2947,1341,2025-04-09,Electronics,Tablet,14.61,3,Lahore,Bank Transfer,4.0
2948,1136,2025-04-12,Books,Novel,161.02,1,Lahore,Cash on Delivery,4.0
2949,343,2025-05-23,Home & Kitchen,Mixer Grinder,445.76,3,LAHORE  ,Bank Transfer,3.0
2950,817,2025-06-20,Electronics,Smartwatch,178.21,1,Peshawar,Credit Card,5.0
2951,1462,2025-07-21,Beauty,Shampoo,434.16,4,Faisalabad,Wallet,5.0
2952,1280,2025-05-09,Home & Kitchen,Table Lamp,462.92,4,Peshawar,Cash on Delivery,5.0
2953,22,2025-06-28,Fashion,Jacket,483.52,5,Karachi,Debit Card,5.0
2954,421,2025-09-12,Home & Kitchen,Bedsheet,168.07,1,Peshawar,Bank Transfer,4.0
2955,610,2025-09-06,Fashion,T-Shirt,23.86,5,Faisalabad,Debit Card,
2956,425,2025-02-21,Beauty,Lipstick,114.2,1,QUETTA  ,Cash on Delivery,
2957,991,2025-02-02,Books,Self-Help Book,218.39,1,Faisalabad,Debit Card,4.0
2958,1580,2025-02-03,Beauty,Shampoo,217.34,1,Peshawar,Wallet,3.0
2959,742,2025-07-26,Electronics,Headphones,395.24,1,Multan,Wallet,4.0
2960,915,2025-10-20,Beauty,Face Wash,165.87,2,Islamabad,Bank Transfer,4.0
2961,1396,2025-09-17,Electronics,Smartphone,187.34,5,Karachi,Cash on Delivery,4.0
2962,1566,2025-04-10,Beauty,Shampoo,39.91,4,Quetta,Credit Card,4.0
2963,614,2025-01-16,Beauty,Shampoo,410.36,5,Peshawar,Bank Transfer,5.0
2964,1230,2025-03-08,Electronics,Laptop,393.4,4,ISLAMABAD  ,Cash on Delivery,
2965,234,2025-10-03,Books,Textbook,250.65,1,Lahore,Bank Transfer,
2966,71,2025-04-10,Beauty,Face Wash,461.35,2,Quetta,Credit Card,2.0
2967,434,2025-02-23,Books,Novel,255.91,1,Peshawar,Cash on Delivery,3.0
2968,55,2025-04-29,Home & Kitchen,Bedsheet,322.28,3,Multan,Cash on Delivery,5.0
2969,862,2025-06-23,Fashion,Jeans,95.67,5,Karachi,Cash on Delivery,
2970,44,2025-02-25,Electronics,Smartwatch,48.07,3,Lahore,Wallet,5.0
2971,893,2025-04-13,Electronics,Smartphone,,-1,,,3.0
2972,1446,2025-05-15,Fashion,T-Shirt,485.73,2,Quetta,Wallet,3.0
2973,1379,2025-04-20,Home & Kitchen,Mixer Grinder,129.4,2,Peshawar,Wallet,3.0
2974,810,2025-04-11,Home & Kitchen,Mixer Grinder,357.01,5,Karachi,Bank Transfer,4.0
2975,413,2025-04-14,Electronics,Smartphone,9.74,4,PESHAWAR  ,Debit Card,4.0
2976,801,2025-04-10,Fashion,Jeans,263.67,4,Multan,Bank Transfer,3.0
2977,1227,2025-02-08,Electronics,Smartwatch,298.03,4,Peshawar,Debit Card,4.0
2978,58,2025-01-19,Beauty,Shampoo,451.32,3,Multan,Bank Transfer,2.0
2979,1404,2025-05-10,Books,Novel,322.37,1,PESHAWAR  ,Credit Card,4.0
2980,557,2025-09-10,Home & Kitchen,Mixer Grinder,344.16,1,Peshawar,Wallet,5.0
2981,1251,2025-03-05,Electronics,Tablet,447.46,1,Multan,Cash on Delivery,4.0
2982,1488,2025-05-12,Home & Kitchen,Mixer Grinder,137.38,5,Multan,Cash on Delivery,5.0
2983,697,2025-10-24,Beauty,Perfume,105.83,1,Lahore,Cash on Delivery,
2984,806,2025-03-12,Home & Kitchen,Table Lamp,381.19,5,Quetta,Credit Card,1.0
2985,1199,2025-03-01,Home & Kitchen,Mixer Grinder,65.82,2,Faisalabad,Cash on Delivery,5.0
2986,1559,2025-05-02,Home & Kitchen,Mixer Grinder,135.05,1,Multan,Bank Transfer,5.0
2987,1332,2025-10-23,Fashion,T-Shirt,483.94,1,Islamabad,Credit Card,5.0
2988,1120,2025-05-16,Fashion,Kurta,125.47,2,Karachi,Bank Transfer,
2989,1130,2025-10-07,Books,Novel,396.69,3,KARACHI  ,Credit Card,4.0
2990,904,2025-08-28,Home & Kitchen,Mixer Grinder,16.03,4,Quetta,Bank Transfer,2.0
2991,1560,2025-09-24,Fashion,Jeans,104.02,4,Islamabad,Credit Card,1.0
2992,835,2025-03-09,Home & Kitchen,Table Lamp,108.62,2,Lahore,Wallet,5.0
2993,83,2025-04-17,Fashion,Jeans,37.69,5,Faisalabad,Wallet,5.0
2994,1157,2025-10-20,Fashion,Sneakers,456.78,1,Quetta,Credit Card,5.0
2995,667,2025-09-12,Books,Textbook,310.81,1,Lahore,Cash on Delivery,4.0
2996,962,2025-07-07,Home & Kitchen,Mixer Grinder,397.76,4,Quetta,Cash on Delivery,
2997,227,2025-04-03,Home & Kitchen,Mixer Grinder,325.65,4,Quetta,Cash on Delivery,4.0
2998,890,2025-01-18,Beauty,Shampoo,392.72,4,Quetta,Cash on Delivery,5.0
2999,1417,2025-04-21,Fashion,Sneakers,359.36,3,Karachi,Bank Transfer,2.0
3000,1132,2025-01-19,Beauty,Face Wash,115.77,4,Lahore,Debit Card,5.0
3001,1642,2025-09-28,Electronics,Smartphone,295.42,5,KARACHI  ,Bank Transfer,4.0
3002,137,2025-05-25,Beauty,Perfume,433.72,2,KARACHI  ,Debit Card,3.0
3003,958,2025-01-02,Beauty,Face Wash,466.35,4,Multan,Wallet,4.0
3004,543,2025-02-20,Electronics,Smartwatch,261.8,1,Lahore,Cash on Delivery,5.0
3005,802,2025-02-10,Home & Kitchen,Mixer Grinder,431.7,5,Islamabad,Bank Transfer,5.0
3006,1451,2025-10-10,Electronics,Smartwatch,362.71,3,Lahore,Bank Transfer,5.0
3007,397,2025-02-20,Books,Self-Help Book,110.55,1,Quetta,Credit Card,5.0
3008,800,2025-08-04,Beauty,Lipstick,53.29,2,Multan,Wallet,
3009,3,2025-01-18,Home & Kitchen,Mixer Grinder,480.21,4,Peshawar,Wallet,5.0
3010,169,2025-06-18,Beauty,Face Wash,346.67,1,Multan,Bank Transfer,5.0
3011,304,2025-07-05,Fashion,Jeans,51.77,4,Lahore,Debit Card,4.0
3012,2,2025-04-27,Books,Comic,156.03,2,Peshawar,Credit Card,1.0
3013,890,2025-01-22,Home & Kitchen,Mixer Grinder,474.76,3,LAHORE  ,Credit Card,3.0
3014,446,2025-08-20,Fashion,Jacket,172.31,3,Karachi,Debit Card,3.0
3015,34,2025-09-09,Home & Kitchen,Mixer Grinder,377.0,4,Peshawar,Wallet,4.0
3016,122,2025-05-19,Fashion,Kurta,322.88,1,FAISALABAD  ,Bank Transfer,5.0
3017,718,2025-09-11,Books,Textbook,351.66,2,PESHAWAR  ,Cash on Delivery,5.0
3018,1249,2025-08-06,Books,Textbook,241.41,2,Islamabad,Cash on Delivery,4.0
3019,752,2025-07-30,Fashion,Sneakers,10.04,5,Multan,Bank Transfer,
3020,1456,2025-09-28,Electronics,Smartwatch,52.15,1,Islamabad,Credit Card,3.0
3021,141,2025-10-15,Electronics,Smartwatch,404.39,3,Islamabad,Bank Transfer,5.0
3022,331,2025-03-09,Electronics,Smartwatch,79.54,4,Multan,Debit Card,
3023,1472,2025-09-08,Beauty,Face Wash,394.29,2,Lahore,Debit Card,5.0
3024,585,2025-04-09,Fashion,Jeans,252.28,4,Peshawar,Bank Transfer,5.0
3025,791,2025-06-08,Beauty,Face Wash,408.84,5,Karachi,Bank Transfer,
3026,1040,2025-09-19,Beauty,Shampoo,127.88,5,Multan,Credit Card,5.0
3027,18,2025-09-27,Books,Novel,31.75,3,Quetta,Wallet,5.0
3028,164,2025-05-02,Books,Novel,345.65,4,Quetta,Debit Card,3.0
3029,1037,2025-06-09,Beauty,Perfume,375.35,4,Quetta,Bank Transfer,4.0
3030,1539,2025-06-11,Fashion,Jeans,14.21,2,Faisalabad,Debit Card,5.0
3031,518,2025-09-09,Fashion,Jacket,88.48,2,Karachi,Credit Card,4.0
3032,430,2025-06-28,Beauty,Lipstick,43.76,2,Multan,Credit Card,5.0
3033,1319,2025-08-02,Beauty,Perfume,59.21,4,Islamabad,Bank Transfer,5.0
3034,739,2025-08-30,Books,Self-Help Book,262.49,3,Multan,Debit Card,3.0
3035,7,2025-09-13,Electronics,Headphones,417.27,4,Islamabad,Debit Card,1.0
3036,222,2025-02-28,Beauty,Lipstick,490.11,2,Faisalabad,Bank Transfer,4.0
3037,1267,2025-09-27,Books,Novel,480.57,5,Multan,Cash on Delivery,4.0
3038,878,2025-10-21,Electronics,Smartphone,369.53,4,Karachi,Bank Transfer,1.0
3039,361,2025-08-03,Beauty,Face Wash,372.13,5,Quetta,Bank Transfer,4.0
3040,1498,2025-04-21,Home & Kitchen,Cookware Set,79.14,4,Multan,Bank Transfer,5.0
3041,971,2025-10-14,Beauty,Face Wash,244.26,3,Islamabad,Cash on Delivery,5.0
3042,1511,2025-06-07,Beauty,Perfume,39.17,5,Karachi,Bank Transfer,
3043,1464,2025-04-04,Home & Kitchen,Cookware Set,49.79,1,Multan,Debit Card,5.0
3044,1423,2025-07-25,Home & Kitchen,Cookware Set,342.68,5,ISLAMABAD  ,Cash on Delivery,5.0
3045,1106,2025-07-02,Books,Novel,462.09,5,Multan,Debit Card,4.0
3046,1386,2025-10-26,Books,Novel,456.63,5,Lahore,Wallet,5.0
3047,360,2025-03-24,Beauty,Face Wash,326.08,5,Peshawar,Bank Transfer,4.0
3048,1624,2025-03-06,Fashion,Jeans,140.11,1,FAISALABAD  ,Bank Transfer,5.0
3049,22,2025-09-07,Electronics,Headphones,468.7,4,Multan,Credit Card,
3050,1270,2025-02-13,Beauty,Perfume,378.68,2,Peshawar,Bank Transfer,4.0
3051,1054,2025-05-01,Home & Kitchen,Mixer Grinder,14.39,5,Quetta,Bank Transfer,5.0
3052,1406,2025-05-03,Electronics,Laptop,249.76,1,Peshawar,Bank Transfer,2.0
3053,511,2025-02-26,Fashion,Sneakers,52.11,1,Lahore,Bank Transfer,3.0
3054,332,2025-07-01,Home & Kitchen,Bedsheet,324.72,5,Multan,Debit Card,5.0
3055,138,2025-03-28,Beauty,Lipstick,107.96,3,Lahore,Bank Transfer,5.0
3056,1109,2025-10-20,Beauty,Perfume,459.79,4,Multan,Credit Card,5.0
3057,143,2025-02-19,Home & Kitchen,Table Lamp,409.64,4,Islamabad,Wallet,5.0
3058,297,2025-02-08,Beauty,Shampoo,355.6,2,Karachi,Credit Card,4.0
3059,240,2025-08-16,Books,Self-Help Book,222.94,5,Multan,Bank Transfer,5.0
3060,1076,2025-04-28,Electronics,Laptop,473.43,3,Islamabad,Credit Card,5.0
3061,519,2025-10-05,Electronics,Tablet,153.58,2,Peshawar,Debit Card,2.0
3062,807,2025-03-01,Home & Kitchen,Bedsheet,219.93,5,Karachi,Credit Card,5.0
3063,1640,2025-10-01,Electronics,Laptop,70.96,3,Multan,Wallet,5.0
3064,1016,2025-06-27,Beauty,Face Wash,306.57,1,Faisalabad,Debit Card,4.0
3065,59,2025-03-16,Electronics,Smartwatch,478.43,2,QUETTA  ,Debit Card,2.0
3066,1242,2025-03-07,Fashion,Jacket,462.58,2,FAISALABAD  ,Credit Card,4.0
3067,615,2025-09-06,Books,Novel,9.3,5,Karachi,Bank Transfer,4.0
3068,1583,2025-04-13,Home & Kitchen,Bedsheet,456.56,3,Islamabad,Credit Card,5.0
3069,972,2025-01-25,Electronics,Smartwatch,318.65,1,Karachi,Cash on Delivery,1.0
3070,74,2025-02-07,Fashion,Jeans,297.43,5,Multan,Cash on Delivery,4.0
3071,1177,2025-05-22,Beauty,Face Wash,83.36,4,Peshawar,Debit Card,
3072,637,2025-04-11,Electronics,Tablet,492.07,2,Islamabad,Wallet,5.0
3073,22,2025-01-17,Home & Kitchen,Cookware Set,336.97,4,Faisalabad,Debit Card,4.0
3074,826,2025-08-02,Beauty,Lipstick,182.63,1,Islamabad,Debit Card,
3075,1340,2025-07-28,Electronics,Smartwatch,96.46,1,Islamabad,Wallet,5.0
3076,225,2025-05-21,Beauty,Shampoo,446.0,4,Peshawar,Wallet,5.0
3077,1064,2025-08-10,Books,Textbook,410.76,4,Karachi,Credit Card,3.0
3078,621,2025-07-17,Electronics,Smartphone,327.54,1,Faisalabad,Wallet,4.0
3079,1578,2025-04-24,Books,Comic,384.72,3,Karachi,Bank Transfer,3.0
3080,1629,2025-07-11,Home & Kitchen,Cookware Set,30.16,4,Multan,Wallet,4.0
3081,1365,2025-02-16,Books,Textbook,363.81,2,Karachi,Credit Card,2.0
3082,1352,2025-06-14,Books,Comic,146.63,4,Quetta,Bank Transfer,5.0
3083,341,2025-01-25,Home & Kitchen,Bedsheet,91.74,5,Quetta,Bank Transfer,5.0
3084,1028,2025-07-24,Books,Textbook,355.24,3,Islamabad,Wallet,5.0
3085,1296,2025-08-19,Electronics,Headphones,232.51,5,Faisalabad,Wallet,3.0
3086,86,2025-01-20,Books,Self-Help Book,278.28,1,Karachi,Wallet,5.0
3087,1031,2025-10-24,Fashion,Sneakers,134.01,1,Islamabad,Bank Transfer,3.0
3088,1049,2025-05-25,Fashion,T-Shirt,420.56,5,Multan,Bank Transfer,5.0
3089,209,2025-04-22,Home & Kitchen,Cookware Set,265.47,5,Quetta,Wallet,
3090,876,2025-09-25,Electronics,Smartwatch,205.13,2,Peshawar,Credit Card,
3091,972,2025-07-08,Home & Kitchen,Mixer Grinder,318.75,5,Multan,Bank Transfer,5.0
3092,929,2025-10-09,Beauty,Shampoo,15.94,5,FAISALABAD  ,Cash on Delivery,5.0
3093,916,2025-10-06,Beauty,Face Wash,297.39,4,Islamabad,Debit Card,4.0
3094,1604,2025-10-02,Electronics,Headphones,136.52,1,Quetta,Wallet,1.0
3095,1158,2025-08-07,Fashion,Jeans,352.52,1,Multan,Bank Transfer,4.0
3096,304,2025-06-11,Fashion,T-Shirt,320.71,5,LAHORE  ,Wallet,1.0
3097,940,2025-07-08,Electronics,Laptop,117.46,3,Multan,Wallet,4.0
3098,1090,2025-05-10,Beauty,Perfume,299.53,4,Karachi,Bank Transfer,5.0
3099,1632,2025-09-09,Books,Comic,164.26,1,Karachi,Wallet,4.0
3100,694,2025-01-07,Electronics,Headphones,184.55,3,Islamabad,Wallet,5.0
3101,1620,2025-04-03,Beauty,Lipstick,414.68,5,Faisalabad,Wallet,5.0
3102,1509,2025-06-16,Home & Kitchen,Table Lamp,427.94,5,Faisalabad,Bank Transfer,5.0
3103,1156,2025-06-23,Books,Textbook,436.59,1,FAISALABAD  ,Cash on Delivery,5.0
3104,1515,2025-09-11,Fashion,Kurta,115.6,2,Karachi,Bank Transfer,3.0
3105,692,2025-09-25,Fashion,Kurta,185.66,1,Islamabad,Debit Card,5.0
3106,259,2025-04-10,Beauty,Perfume,236.98,5,Karachi,Credit Card,4.0
3107,742,2025-10-26,Beauty,Face Wash,389.26,3,Islamabad,Credit Card,4.0
3108,899,2025-02-04,Books,Novel,432.22,5,Multan,Debit Card,
3109,399,2025-07-23,Electronics,Smartwatch,368.82,2,Lahore,Wallet,3.0
3110,1321,2025-09-12,Electronics,Tablet,255.52,2,Quetta,Cash on Delivery,5.0
3111,761,2025-08-29,Fashion,Jacket,124.74,4,Multan,Bank Transfer,4.0
3112,855,2025-05-09,Home & Kitchen,Bedsheet,351.1,3,Faisalabad,Debit Card,
3113,1061,2025-03-05,Beauty,Lipstick,423.08,5,Quetta,Credit Card,5.0
3114,482,2025-06-16,Home & Kitchen,Cookware Set,451.86,3,Karachi,Wallet,5.0
3115,1195,2025-07-20,Home & Kitchen,Mixer Grinder,240.72,5,Multan,Cash on Delivery,4.0
3116,1174,2025-06-06,Beauty,Face Wash,409.15,4,Faisalabad,Credit Card,
3117,160,2025-06-07,Fashion,T-Shirt,282.88,5,Peshawar,Credit Card,5.0
3118,49,2025-06-13,Fashion,Kurta,275.86,2,FAISALABAD  ,Debit Card,5.0
3119,726,2025-07-04,Books,Comic,230.03,4,Lahore,Credit Card,2.0
3120,365,2025-05-22,Home & Kitchen,Bedsheet,485.13,2,Karachi,Bank Transfer,4.0
3121,487,2025-07-12,Beauty,Lipstick,463.9,4,Islamabad,Bank Transfer,
3122,1629,2025-06-12,Electronics,Tablet,219.97,1,Quetta,Debit Card,4.0
3123,259,2025-04-27,Beauty,Shampoo,420.08,4,Faisalabad,Cash on Delivery,5.0
3124,453,2025-03-07,Books,Self-Help Book,392.54,3,Multan,Cash on Delivery,4.0
3125,1500,2025-05-19,Home & Kitchen,Table Lamp,285.36,4,Quetta,Credit Card,2.0
3126,111,2025-08-30,Beauty,Shampoo,190.37,2,Lahore,Credit Card,
3127,1159,2025-07-25,Electronics,Smartphone,382.02,3,Peshawar,Credit Card,5.0
3128,1249,2025-01-26,Beauty,Face Wash,,4,,,
3129,1471,2025-05-05,Electronics,Laptop,139.49,1,Peshawar,Cash on Delivery,5.0
3130,57,2025-08-24,Fashion,Kurta,386.76,2,Islamabad,Debit Card,4.0
3131,1385,2025-01-22,Fashion,Jacket,135.06,4,Lahore,Bank Transfer,4.0
3132,1505,2025-03-20,Beauty,Perfume,82.85,4,Quetta,Wallet,3.0
3133,661,2025-02-21,Fashion,Sneakers,395.56,5,Islamabad,Cash on Delivery,4.0
3134,1483,2025-09-13,Fashion,T-Shirt,436.06,4,Islamabad,Bank Transfer,4.0
3135,361,2025-02-20,Home & Kitchen,Cookware Set,478.41,4,Lahore,Credit Card,4.0
3136,859,2025-08-13,Electronics,Tablet,167.75,5,Peshawar,Bank Transfer,
3137,1366,2025-01-10,Fashion,T-Shirt,138.32,4,Karachi,Bank Transfer,5.0
3138,1348,2025-05-24,Fashion,Jacket,21.75,5,Islamabad,Cash on Delivery,3.0
3139,835,2025-07-24,Electronics,Headphones,263.5,1,Lahore,Bank Transfer,
3140,96,2025-05-25,Beauty,Shampoo,463.96,2,Lahore,Debit Card,3.0
3141,898,2025-05-09,Electronics,Smartphone,387.72,1,Multan,Credit Card,5.0
3142,349,2025-05-11,Electronics,Smartwatch,481.32,4,Multan,Debit Card,3.0
3143,870,2025-08-14,Electronics,Headphones,178.18,3,Lahore,Debit Card,3.0
3144,808,2025-06-04,Fashion,Sneakers,152.5,2,Islamabad,Cash on Delivery,5.0
3145,294,2025-10-19,Electronics,Laptop,280.37,2,FAISALABAD  ,Bank Transfer,5.0
3146,737,2025-10-13,Books,Novel,271.11,3,Faisalabad,Bank Transfer,5.0
3147,1639,2025-01-29,Fashion,Sneakers,90.71,5,Lahore,Cash on Delivery,4.0
3148,445,2025-05-16,Fashion,Kurta,81.69,5,Peshawar,Bank Transfer,1.0
3149,653,2025-07-13,Fashion,T-Shirt,390.72,4,Lahore,Bank Transfer,
3150,538,2025-03-06,Electronics,Smartwatch,241.9,1,Islamabad,Debit Card,5.0
3151,672,2025-05-05,Books,Self-Help Book,347.82,4,Multan,Cash on Delivery,4.0
3152,249,2025-07-28,Fashion,T-Shirt,111.68,4,Karachi,Credit Card,5.0
3153,24,2025-09-22,Beauty,Face Wash,418.74,2,Peshawar,Bank Transfer,4.0
3154,1152,2025-09-29,Books,Self-Help Book,263.79,5,Faisalabad,Bank Transfer,3.0
3155,774,2025-03-21,Home & Kitchen,Bedsheet,242.34,1,Quetta,Debit Card,5.0
3156,1140,2025-01-25,Books,Novel,372.38,4,Quetta,Cash on Delivery,1.0
3157,1300,2025-10-22,Beauty,Perfume,265.17,3,PESHAWAR  ,Bank Transfer,3.0
3158,1489,2025-10-01,Beauty,Face Wash,399.33,1,Karachi,Debit Card,5.0
3159,1485,2025-09-26,Books,Self-Help Book,293.47,3,Karachi,Cash on Delivery,4.0
3160,928,2025-07-23,Books,Novel,348.23,5,Lahore,Bank Transfer,4.0
3161,63,2025-07-17,Electronics,Tablet,488.21,4,Multan,Cash on Delivery,5.0
3162,1081,2025-03-04,Electronics,Smartphone,376.53,1,Lahore,Bank Transfer,
3163,1018,2025-08-05,Books,Textbook,467.04,5,Karachi,Credit Card,
3164,1624,2025-06-10,Beauty,Shampoo,403.14,1,Lahore,Bank Transfer,5.0
3165,940,2025-10-13,Beauty,Perfume,428.16,5,FAISALABAD  ,Wallet,4.0
3166,1291,2025-05-20,Electronics,Smartphone,62.08,3,Islamabad,Debit Card,3.0
3167,579,2025-07-22,Home & Kitchen,Cookware Set,187.73,4,Quetta,Cash on Delivery,2.0
3168,1161,2025-10-04,Electronics,Tablet,315.89,5,Karachi,Cash on Delivery,4.0
3169,173,2025-07-29,Fashion,Kurta,405.54,3,Quetta,Credit Card,3.0
3170,1572,2025-03-16,Fashion,Jacket,284.7,5,Faisalabad,Bank Transfer,5.0
3171,207,2025-06-10,Home & Kitchen,Mixer Grinder,215.01,2,Multan,Bank Transfer,
3172,273,2025-06-17,Beauty,Shampoo,336.65,2,Multan,Bank Transfer,4.0
3173,726,2025-07-14,Home & Kitchen,Table Lamp,35.0,3,Peshawar,Debit Card,5.0
3174,330,2025-06-26,Electronics,Tablet,448.19,1,Lahore,Debit Card,4.0
3175,225,2025-09-08,Fashion,Jeans,233.44,5,Karachi,Credit Card,5.0
3176,509,2025-02-11,Home & Kitchen,Bedsheet,274.17,1,Multan,Bank Transfer,4.0
3177,152,2025-05-06,Beauty,Lipstick,342.04,4,ISLAMABAD  ,Bank Transfer,3.0
3178,820,2025-03-16,Home & Kitchen,Bedsheet,222.82,1,Peshawar,Cash on Delivery,
3179,839,2025-09-14,Fashion,Jeans,305.2,4,Peshawar,Credit Card,5.0
3180,1422,2025-08-01,Beauty,Lipstick,100.75,1,Karachi,Debit Card,3.0
3181,811,2025-07-19,Books,Self-Help Book,80.16,1,Islamabad,Cash on Delivery,4.0
3182,757,2025-04-24,Books,Comic,340.33,2,Lahore,Wallet,
3183,281,2025-06-09,Books,Comic,144.84,3,Islamabad,Cash on Delivery,
3184,622,2025-03-23,Electronics,Tablet,15.37,1,Peshawar,Cash on Delivery,4.0
3185,777,2025-06-17,Fashion,Jeans,170.57,4,KARACHI  ,Credit Card,
3186,732,2025-08-08,Beauty,Face Wash,285.21,1,Multan,Credit Card,5.0
3187,984,2025-03-02,Beauty,Lipstick,286.65,1,Lahore,Cash on Delivery,5.0
3188,1002,2025-09-23,Fashion,Jacket,431.47,4,Islamabad,Cash on Delivery,
3189,977,2025-05-13,Electronics,Smartwatch,411.49,3,Lahore,Bank Transfer,5.0
3190,346,2025-02-22,Home & Kitchen,Cookware Set,325.81,5,Faisalabad,Cash on Delivery,5.0
3191,51,2025-08-02,Electronics,Smartphone,159.58,4,Islamabad,Cash on Delivery,5.0
3192,878,2025-10-11,Books,Novel,200.08,2,Faisalabad,Cash on Delivery,
3193,1388,2025-06-06,Books,Self-Help Book,375.05,5,Islamabad,Wallet,3.0
3194,519,2025-01-16,Beauty,Perfume,59.22,3,Multan,Cash on Delivery,
3195,908,2025-08-06,Beauty,Face Wash,370.26,2,Lahore,Debit Card,
3196,88,2025-06-04,Home & Kitchen,Table Lamp,181.64,2,Quetta,Wallet,5.0
3197,841,2025-10-02,Fashion,Sneakers,314.44,1,Multan,Credit Card,3.0
3198,382,2025-01-30,Electronics,Tablet,381.53,3,Islamabad,Debit Card,
3199,388,2025-04-28,Beauty,Lipstick,351.74,5,Islamabad,Credit Card,4.0
3200,1533,2025-06-05,Books,Novel,470.51,5,Quetta,Wallet,4.0
3201,367,2025-05-01,Home & Kitchen,Bedsheet,215.69,1,Peshawar,Cash on Delivery,5.0
3202,445,2025-10-21,Fashion,Kurta,275.12,4,Multan,Wallet,5.0
3203,1061,2025-04-02,Home & Kitchen,Mixer Grinder,462.29,5,PESHAWAR  ,Wallet,5.0
3204,1229,2025-07-30,Beauty,Lipstick,121.55,4,Quetta,Bank Transfer,4.0
3205,1250,2025-05-08,Books,Comic,473.55,3,Quetta,Cash on Delivery,4.0
3206,1324,2025-07-25,Fashion,Jacket,389.55,1,Lahore,Cash on Delivery,4.0
3207,1333,2025-05-21,Beauty,Perfume,251.02,2,Quetta,Cash on Delivery,5.0
3208,1240,2025-01-26,Electronics,Laptop,410.18,2,Multan,Wallet,4.0
3209,1285,2025-03-18,Electronics,Smartwatch,42.86,4,Karachi,Bank Transfer,
3210,25,2025-08-10,Fashion,Jacket,254.33,3,Multan,Cash on Delivery,5.0
3211,218,2025-07-15,Home & Kitchen,Mixer Grinder,232.59,4,Islamabad,Bank Transfer,1.0
3212,1085,2025-08-05,Home & Kitchen,Table Lamp,95.94,4,Karachi,Cash on Delivery,3.0
3213,1248,2025-08-19,Electronics,Smartwatch,35.31,2,Multan,Debit Card,3.0
3214,491,2025-02-20,Electronics,Headphones,109.52,1,Quetta,Credit Card,5.0
3215,893,2025-03-15,Books,Self-Help Book,220.2,1,Lahore,Cash on Delivery,4.0
3216,1363,2025-10-14,Beauty,Lipstick,44.25,2,Multan,Debit Card,4.0
3217,511,2025-08-14,Books,Textbook,321.64,3,Multan,Wallet,5.0
3218,998,2025-07-13,Fashion,Jeans,89.9,3,Islamabad,Credit Card,4.0
3219,915,2025-07-16,Books,Self-Help Book,384.04,5,Peshawar,Cash on Delivery,4.0
3220,1128,2025-04-29,Beauty,Face Wash,155.36,5,Karachi,Debit Card,4.0
3221,1330,2025-01-01,Home & Kitchen,Mixer Grinder,239.13,5,Islamabad,Debit Card,5.0
3222,343,2025-04-21,Books,Textbook,27.11,3,KARACHI  ,Credit Card,5.0
3223,1350,2025-02-17,Home & Kitchen,Mixer Grinder,292.1,3,Peshawar,Debit Card,4.0
3224,313,2025-07-01,Beauty,Shampoo,401.03,3,Islamabad,Credit Card,4.0
3225,54,2025-01-22,Beauty,Shampoo,258.64,5,Islamabad,Wallet,3.0
3226,1574,2025-06-22,Fashion,Jeans,159.17,1,Quetta,Cash on Delivery,5.0
3227,790,2025-05-05,Home & Kitchen,Bedsheet,114.4,5,LAHORE  ,Bank Transfer,5.0
3228,1418,2025-09-18,Books,Comic,498.74,1,Karachi,Credit Card,4.0
3229,1571,2025-09-18,Books,Comic,474.54,4,Quetta,Wallet,
3230,613,2025-06-09,Fashion,T-Shirt,476.16,1,QUETTA  ,Cash on Delivery,
3231,1080,2025-07-09,Fashion,T-Shirt,351.76,5,Islamabad,Debit Card,5.0
3232,728,2025-01-27,Beauty,Shampoo,203.2,5,Peshawar,Debit Card,
3233,1098,2025-05-29,Books,Textbook,381.71,3,Lahore,Debit Card,4.0
3234,774,2025-01-16,Beauty,Lipstick,214.39,4,Peshawar,Credit Card,5.0
3235,17,2025-03-11,Home & Kitchen,Cookware Set,349.74,4,Quetta,Cash on Delivery,4.0
3236,1438,2025-08-30,Beauty,Lipstick,50.43,4,Karachi,Wallet,5.0
3237,1597,2025-07-14,Home & Kitchen,Bedsheet,467.43,5,Faisalabad,Bank Transfer,3.0
3238,1259,2025-06-14,Home & Kitchen,Bedsheet,239.1,5,Multan,Bank Transfer,3.0
3239,435,2025-05-13,Electronics,Headphones,284.21,2,Multan,Credit Card,3.0
3240,473,2025-08-05,Electronics,Smartphone,424.3,1,Faisalabad,Credit Card,4.0
3241,214,2025-06-30,Books,Self-Help Book,412.68,1,Faisalabad,Debit Card,3.0
3242,1456,2025-02-23,Electronics,Headphones,434.86,2,Quetta,Cash on Delivery,5.0
3243,1327,2025-05-28,Fashion,T-Shirt,281.34,5,Lahore,Debit Card,5.0
3244,1098,2025-01-24,Electronics,Headphones,327.57,5,Quetta,Cash on Delivery,4.0
3245,271,2025-06-13,Books,Comic,155.01,2,Faisalabad,Cash on Delivery,5.0
3246,1557,2025-02-13,Home & Kitchen,Bedsheet,220.63,5,Faisalabad,Wallet,4.0
3247,1303,2025-10-19,Fashion,Kurta,10.66,5,Quetta,Credit Card,
3248,531,2025-02-12,Home & Kitchen,Table Lamp,435.38,3,Multan,Debit Card,3.0
3249,846,2025-09-26,Books,Textbook,66.65,2,Lahore,Cash on Delivery,5.0
3250,979,2025-09-14,Fashion,Kurta,497.15,2,Quetta,Wallet,5.0
3251,724,2025-06-07,Beauty,Shampoo,235.55,4,Multan,Debit Card,4.0
3252,1066,2025-05-14,Beauty,Shampoo,208.09,5,Peshawar,Credit Card,
3253,1476,2025-04-29,Books,Self-Help Book,363.17,4,Islamabad,Debit Card,4.0
3254,1213,2025-07-08,Beauty,Shampoo,250.62,2,Lahore,Debit Card,5.0
3255,1607,2025-02-16,Books,Novel,310.86,4,Lahore,Bank Transfer,5.0
3256,802,2025-08-06,Fashion,Jacket,431.09,3,Karachi,Bank Transfer,4.0
3257,125,2025-09-22,Fashion,Kurta,270.22,1,Karachi,Wallet,4.0
3258,1661,2025-08-31,Fashion,Sneakers,128.66,3,Karachi,Bank Transfer,5.0
3259,1309,2025-05-14,Electronics,Headphones,107.19,2,Multan,Bank Transfer,5.0
3260,661,2025-09-19,Beauty,Perfume,271.64,4,Quetta,Wallet,5.0
3261,757,2025-01-04,Beauty,Shampoo,421.14,2,Lahore,Bank Transfer,4.0
3262,1002,2025-04-06,Books,Comic,56.86,2,Peshawar,Cash on Delivery,2.0
3263,1037,2025-01-05,Books,Novel,175.75,4,Lahore,Wallet,4.0
3264,950,2025-07-01,Books,Textbook,432.71,1,Karachi,Cash on Delivery,5.0
3265,227,2025-05-21,Beauty,Perfume,368.83,4,Faisalabad,Wallet,4.0
3266,1293,2025-05-17,Books,Comic,116.42,3,Faisalabad,Credit Card,3.0
3267,569,2025-05-14,Fashion,Sneakers,219.65,3,Peshawar,Cash on Delivery,3.0
3268,218,2025-06-17,Books,Comic,382.91,1,Quetta,Credit Card,5.0
3269,1513,2025-07-01,Fashion,Jacket,386.97,3,Karachi,Credit Card,4.0
3270,1540,2025-08-20,Books,Textbook,289.26,5,ISLAMABAD  ,Bank Transfer,4.0
3271,601,2025-02-14,Home & Kitchen,Mixer Grinder,64.53,4,Multan,Bank Transfer,5.0
3272,65,2025-03-13,Home & Kitchen,Cookware Set,447.22,2,Lahore,Debit Card,3.0
3273,415,2025-07-09,Fashion,Sneakers,445.34,4,Faisalabad,Cash on Delivery,5.0
3274,1325,2025-01-30,Fashion,Kurta,39.0,5,ISLAMABAD  ,Cash on Delivery,5.0
3275,646,2025-08-07,Beauty,Perfume,202.89,1,Quetta,Credit Card,5.0
3276,1535,2025-08-08,Beauty,Face Wash,336.37,5,Multan,Wallet,4.0
3277,1538,2025-04-15,Electronics,Laptop,418.44,2,Multan,Wallet,4.0
3278,1227,2025-04-11,Beauty,Shampoo,219.54,2,Peshawar,Debit Card,3.0
3279,1585,2025-10-07,Home & Kitchen,Table Lamp,377.19,3,Islamabad,Wallet,5.0
3280,1520,2025-10-14,Beauty,Face Wash,231.48,3,Multan,Bank Transfer,2.0
3281,1156,2025-03-31,Beauty,Face Wash,356.78,3,LAHORE  ,Bank Transfer,1.0
3282,472,2025-02-24,Fashion,Sneakers,37.98,4,Multan,Wallet,4.0
3283,697,2025-07-23,Home & Kitchen,Bedsheet,71.37,5,Islamabad,Debit Card,5.0
3284,212,2025-04-24,Beauty,Face Wash,468.88,2,Quetta,Debit Card,2.0
3285,779,2025-06-26,Beauty,Shampoo,328.31,5,QUETTA  ,Bank Transfer,4.0
3286,246,2025-02-11,Beauty,Face Wash,397.35,1,Multan,Wallet,5.0
3287,901,2025-10-21,Beauty,Face Wash,244.13,2,Faisalabad,Bank Transfer,5.0
3288,340,2025-08-06,Books,Self-Help Book,264.38,5,Islamabad,Wallet,2.0
3289,1565,2025-07-10,Fashion,Sneakers,390.35,5,Quetta,Cash on Delivery,
3290,320,2025-10-19,Books,Textbook,232.55,4,Multan,Cash on Delivery,4.0
3291,763,2025-03-22,Books,Self-Help Book,310.95,1,Quetta,Cash on Delivery,2.0
3292,1077,2025-07-19,Fashion,Jeans,57.96,3,Lahore,Bank Transfer,4.0
3293,40,2025-02-10,Electronics,Laptop,267.39,2,Faisalabad,Debit Card,2.0
3294,565,2025-08-31,Electronics,Headphones,467.61,2,Islamabad,Credit Card,4.0
3295,46,2025-01-11,Fashion,Kurta,341.05,2,Faisalabad,Credit Card,3.0
3296,566,2025-05-11,Fashion,Kurta,7.28,5,Karachi,Wallet,
3297,1363,2025-05-13,Beauty,Lipstick,115.77,1,Quetta,Debit Card,3.0
3298,1262,2025-01-27,Beauty,Face Wash,322.97,1,Karachi,Debit Card,5.0
3299,738,2025-08-11,Books,Textbook,434.72,3,Karachi,Wallet,5.0
3300,1468,2025-09-01,Electronics,Smartphone,14.25,4,Islamabad,Credit Card,3.0
3301,1306,2025-01-21,Books,Textbook,424.41,1,Karachi,Bank Transfer,4.0
3302,1461,2025-05-22,Books,Comic,72.22,4,Karachi,Debit Card,3.0
3303,1035,2025-01-14,Fashion,Jeans,63.44,1,ISLAMABAD  ,Wallet,5.0
3304,1297,2025-05-23,Fashion,Jacket,273.94,4,Karachi,Credit Card,5.0
3305,1297,2025-08-31,Electronics,Smartphone,486.38,3,Faisalabad,Cash on Delivery,3.0
3306,361,2025-09-01,Beauty,Lipstick,212.19,4,Karachi,Bank Transfer,5.0
3307,911,2025-03-19,Fashion,Jacket,276.44,2,Peshawar,Debit Card,4.0
3308,1314,2025-05-19,Beauty,Lipstick,163.96,3,Multan,Debit Card,5.0
3309,1446,2025-03-06,Beauty,Face Wash,332.21,3,Islamabad,Wallet,5.0
3310,324,2025-07-19,Electronics,Tablet,52.53,1,Peshawar,Debit Card,1.0
3311,1137,2025-04-16,Electronics,Smartwatch,208.02,5,Islamabad,Wallet,3.0
3312,699,2025-04-18,Electronics,Headphones,331.76,3,Karachi,Credit Card,5.0
3313,1269,2025-06-02,Fashion,T-Shirt,257.56,4,Islamabad,Cash on Delivery,4.0
3314,502,2025-08-09,Fashion,Kurta,200.43,2,Islamabad,Wallet,5.0
3315,1047,2025-08-25,Home & Kitchen,Bedsheet,103.48,4,Multan,Wallet,4.0
3316,1570,2025-01-06,Home & Kitchen,Mixer Grinder,137.95,3,Peshawar,Bank Transfer,1.0
3317,313,2025-08-13,Electronics,Smartphone,281.26,5,Islamabad,Wallet,5.0
3318,1049,2025-02-04,Books,Comic,122.25,3,Islamabad,Debit Card,5.0
3319,199,2025-04-07,Home & Kitchen,Mixer Grinder,95.77,3,Lahore,Credit Card,5.0
3320,294,2025-05-07,Fashion,Sneakers,294.54,3,Faisalabad,Bank Transfer,
3321,1542,2025-04-07,Fashion,Jacket,60.04,4,Peshawar,Bank Transfer,4.0
3322,851,2025-03-15,Fashion,Jacket,484.44,2,Lahore,Debit Card,5.0
3323,299,2025-04-14,Beauty,Face Wash,209.56,2,Lahore,Debit Card,3.0
3324,13,2025-05-12,Electronics,Laptop,410.85,2,,Cash on Delivery,5.0
3325,1275,2025-01-14,Home & Kitchen,Mixer Grinder,330.55,5,Lahore,Debit Card,5.0
3326,1159,2025-03-22,Home & Kitchen,Table Lamp,479.48,3,Quetta,Cash on Delivery,4.0
3327,315,2025-04-13,Electronics,Smartwatch,233.98,2,Islamabad,Credit Card,4.0
3328,1421,2025-03-03,Fashion,Kurta,104.37,2,Peshawar,Cash on Delivery,2.0
3329,1342,2025-02-25,Home & Kitchen,Table Lamp,71.04,1,Peshawar,Credit Card,5.0
3330,202,2025-03-29,Electronics,Smartwatch,388.05,1,Islamabad,Cash on Delivery,3.0
3331,882,2025-10-24,Books,Comic,409.96,5,Islamabad,Cash on Delivery,4.0
3332,322,2025-02-09,Fashion,T-Shirt,327.89,2,MULTAN  ,Debit Card,5.0
3333,1304,2025-02-16,Beauty,Lipstick,106.04,5,Karachi,Credit Card,2.0
3334,1388,2025-03-07,Home & Kitchen,Cookware Set,234.16,4,MULTAN  ,Credit Card,4.0
3335,638,2025-01-13,Fashion,Jacket,299.26,1,QUETTA  ,Wallet,5.0
3336,399,2025-03-09,Books,Textbook,357.62,5,Karachi,Cash on Delivery,2.0
3337,623,2025-08-17,Books,Textbook,358.61,1,Faisalabad,Credit Card,5.0
3338,28,2025-09-11,Beauty,Shampoo,389.17,4,Peshawar,Debit Card,5.0
3339,509,2025-08-05,Fashion,T-Shirt,38.14,2,Karachi,Credit Card,4.0
3340,1605,2025-04-17,Beauty,Lipstick,203.4,2,Karachi,Bank Transfer,4.0
3341,351,2025-08-16,Beauty,Lipstick,264.65,5,Lahore,Credit Card,
3342,543,2025-08-21,Fashion,T-Shirt,6.03,4,Peshawar,Cash on Delivery,3.0
3343,1580,2025-04-28,Beauty,Lipstick,498.1,1,Lahore,Credit Card,
3344,251,2025-03-01,Beauty,Lipstick,219.81,3,Lahore,Debit Card,
3345,256,2025-10-02,Electronics,Laptop,27.72,1,Faisalabad,Debit Card,5.0
3346,1465,2025-02-05,Electronics,Laptop,152.22,2,Multan,Cash on Delivery,5.0
3347,1007,2025-02-06,Home & Kitchen,Bedsheet,483.49,3,Multan,Cash on Delivery,
3348,489,2025-02-07,Fashion,Sneakers,423.12,2,Peshawar,Credit Card,5.0
3349,1325,2025-08-30,Electronics,Laptop,377.56,5,Multan,Credit Card,
3350,357,2025-09-11,Books,Self-Help Book,210.09,2,Islamabad,Wallet,5.0
3351,145,2025-04-15,Beauty,Lipstick,52.31,2,Faisalabad,Debit Card,5.0
3352,1622,2025-01-30,Home & Kitchen,Cookware Set,435.33,1,Multan,Cash on Delivery,4.0
3353,1487,2025-05-09,Electronics,Headphones,317.8,5,Islamabad,Bank Transfer,4.0
3354,666,2025-08-13,Electronics,Smartphone,380.84,4,Islamabad,Cash on Delivery,5.0
3355,323,2025-01-07,Fashion,Kurta,318.06,5,Karachi,Cash on Delivery,5.0
3356,1398,2025-07-24,Fashion,Sneakers,415.72,1,Faisalabad,Credit Card,5.0
3357,33,2025-04-28,Books,Comic,225.3,5,FAISALABAD  ,Credit Card,3.0
3358,1154,2025-01-08,Fashion,Kurta,447.58,3,Islamabad,Cash on Delivery,5.0
3359,537,2025-10-08,Electronics,Tablet,191.81,1,KARACHI  ,Wallet,5.0
3360,1201,2025-06-20,Beauty,Face Wash,354.97,5,Quetta,Bank Transfer,4.0
3361,971,2025-08-14,Home & Kitchen,Cookware Set,477.76,3,KARACHI  ,Debit Card,4.0
3362,1452,2025-10-27,Beauty,Perfume,146.94,4,Quetta,Wallet,5.0
3363,1196,2025-09-26,Books,Novel,377.03,3,Karachi,Cash on Delivery,5.0
3364,1298,2025-10-27,Books,Self-Help Book,368.24,4,Faisalabad,Bank Transfer,5.0
3365,383,2025-01-22,Electronics,Laptop,248.41,2,Karachi,Debit Card,5.0
3366,570,2025-08-30,Electronics,Smartwatch,154.01,5,Quetta,Bank Transfer,
3367,771,2025-09-04,Electronics,Smartphone,137.56,3,Multan,Credit Card,
3368,1372,2025-02-11,Home & Kitchen,Table Lamp,495.83,3,Islamabad,Bank Transfer,5.0
3369,499,2025-06-02,Books,Textbook,132.42,3,Quetta,Wallet,3.0
3370,1245,2025-08-03,Electronics,Smartwatch,411.95,3,Quetta,Wallet,4.0
3371,23,2025-09-22,Electronics,Laptop,400.15,5,Multan,Bank Transfer,4.0
3372,1106,2025-01-31,Electronics,Headphones,241.79,3,Peshawar,Cash on Delivery,
3373,1310,2025-07-15,Beauty,Face Wash,465.85,2,Lahore,Cash on Delivery,4.0
3374,392,2025-07-18,Home & Kitchen,Mixer Grinder,355.78,5,Peshawar,Wallet,4.0
3375,1264,2025-07-02,Home & Kitchen,Cookware Set,121.83,2,Lahore,Bank Transfer,4.0
3376,782,2025-10-15,Fashion,Jeans,196.59,1,Peshawar,Cash on Delivery,3.0
3377,31,2025-01-28,Books,Textbook,348.34,3,LAHORE  ,Cash on Delivery,4.0
3378,272,2025-07-13,Home & Kitchen,Bedsheet,413.09,1,LAHORE  ,Cash on Delivery,4.0
3379,691,2025-06-12,Electronics,Smartphone,360.09,5,Faisalabad,Cash on Delivery,4.0
3380,1586,2025-05-04,Electronics,Tablet,247.22,4,Multan,Bank Transfer,5.0
3381,489,2025-03-09,Home & Kitchen,Table Lamp,44.35,4,Peshawar,Credit Card,5.0
3382,1466,2025-08-11,Books,Novel,158.58,4,Lahore,Wallet,3.0
3383,621,2025-09-15,Home & Kitchen,Table Lamp,154.31,1,Faisalabad,Credit Card,4.0
3384,467,2025-07-22,Books,Novel,301.46,2,FAISALABAD  ,Cash on Delivery,5.0
3385,524,2025-02-12,Books,Comic,160.68,2,Islamabad,Bank Transfer,4.0
3386,564,2025-02-04,Books,Comic,116.54,3,KARACHI  ,Cash on Delivery,
3387,259,2025-03-12,Beauty,Lipstick,415.14,4,Islamabad,Cash on Delivery,3.0
3388,1030,2025-08-05,Beauty,Face Wash,168.21,2,Quetta,Debit Card,3.0
3389,553,2025-07-30,Fashion,Kurta,110.69,3,Karachi,Credit Card,3.0
3390,956,2025-09-17,Fashion,Sneakers,35.1,4,Karachi,Cash on Delivery,4.0
3391,469,2025-02-13,Beauty,Lipstick,224.16,3,Islamabad,Debit Card,5.0
3392,575,2025-07-08,Electronics,Tablet,343.08,4,Faisalabad,Bank Transfer,5.0
3393,1532,2025-09-23,Fashion,Jacket,302.01,3,Quetta,Credit Card,5.0
3394,859,2025-06-26,Electronics,Laptop,108.68,3,FAISALABAD  ,Wallet,5.0
3395,47,2025-06-18,Books,Self-Help Book,347.11,3,Faisalabad,Bank Transfer,4.0
3396,334,2025-08-29,Beauty,Lipstick,265.3,3,Peshawar,Bank Transfer,5.0
3397,1004,2025-09-22,Home & Kitchen,Bedsheet,172.56,5,Peshawar,Credit Card,5.0
3398,758,2025-06-22,Electronics,Headphones,367.79,1,Karachi,Debit Card,4.0
3399,843,2025-02-28,Fashion,Jeans,382.17,5,Quetta,Debit Card,2.0
3400,592,2025-02-06,Books,Novel,391.79,2,Peshawar,Bank Transfer,4.0
3401,684,2025-02-04,Books,Self-Help Book,399.91,1,Peshawar,Wallet,5.0
3402,963,2025-03-10,Home & Kitchen,Cookware Set,278.42,1,Faisalabad,Credit Card,5.0
3403,998,2025-06-24,Home & Kitchen,Table Lamp,255.98,4,Lahore,Bank Transfer,5.0
3404,1500,2025-01-22,Electronics,Smartphone,475.3,3,Peshawar,Credit Card,5.0
3405,532,2025-02-19,Beauty,Perfume,339.49,5,Lahore,Debit Card,4.0
3406,15,2025-07-14,Fashion,Kurta,412.98,4,Lahore,Wallet,
3407,776,2025-03-05,Beauty,Lipstick,370.06,1,Faisalabad,Wallet,5.0
3408,357,2025-08-02,Beauty,Shampoo,207.47,4,Peshawar,Cash on Delivery,3.0
3409,1126,2025-09-23,Electronics,Laptop,192.04,5,Faisalabad,Debit Card,
3410,1143,2025-04-07,Books,Textbook,430.25,5,QUETTA  ,Credit Card,5.0
3411,599,2025-02-02,Beauty,Perfume,345.46,3,Islamabad,Wallet,4.0
3412,1168,2025-04-02,Electronics,Laptop,311.13,3,KARACHI  ,Wallet,3.0
3413,9,2025-05-09,Beauty,Shampoo,70.75,3,Quetta,Bank Transfer,5.0
3414,1448,2025-09-22,Fashion,Jeans,329.18,2,Islamabad,Wallet,4.0
3415,962,2025-02-04,Fashion,Jeans,181.46,3,Lahore,Cash on Delivery,3.0
3416,1226,2025-04-28,Electronics,Headphones,499.91,2,Multan,Cash on Delivery,5.0
3417,1237,2025-10-26,Books,Textbook,109.0,1,Karachi,Cash on Delivery,5.0
3418,1177,2025-08-23,Home & Kitchen,Table Lamp,20.8,5,Quetta,Debit Card,4.0
3419,209,2025-02-11,Home & Kitchen,Table Lamp,8.78,5,Lahore,Debit Card,4.0
3420,1443,2025-09-15,Beauty,Face Wash,292.85,2,Karachi,Wallet,5.0
3421,1227,2025-07-24,Books,Novel,492.14,1,Karachi,Credit Card,3.0
3422,707,2025-07-14,Books,Self-Help Book,217.19,5,Peshawar,Wallet,5.0
3423,1339,2025-10-20,Books,Comic,382.19,1,Lahore,Wallet,4.0
3424,654,2025-03-08,Beauty,Lipstick,300.82,5,Peshawar,Cash on Delivery,4.0
3425,1002,2025-06-15,Fashion,Sneakers,87.23,3,Peshawar,Cash on Delivery,5.0
3426,1203,2025-03-13,Books,Textbook,152.57,1,PESHAWAR  ,Wallet,4.0
3427,1437,2025-02-27,Fashion,T-Shirt,28.84,5,Islamabad,Bank Transfer,3.0
3428,491,2025-06-03,Home & Kitchen,Mixer Grinder,244.02,5,Lahore,Cash on Delivery,4.0
3429,820,2025-07-11,Home & Kitchen,Cookware Set,298.43,1,QUETTA  ,Bank Transfer,
3430,869,2025-09-10,Fashion,Sneakers,85.09,5,Karachi,Debit Card,5.0
3431,72,2025-04-09,Fashion,Jeans,294.7,1,Peshawar,Bank Transfer,5.0
3432,1251,2025-07-13,Electronics,Smartphone,291.21,2,Faisalabad,Credit Card,4.0
3433,1093,2025-02-14,Electronics,Tablet,390.52,5,Islamabad,Cash on Delivery,3.0
3434,707,2025-05-01,Beauty,Shampoo,306.15,3,Karachi,Credit Card,5.0
3435,752,2025-08-30,Home & Kitchen,Bedsheet,299.96,4,Quetta,Cash on Delivery,
3436,1216,2025-08-19,Home & Kitchen,Mixer Grinder,225.71,1,Quetta,Credit Card,5.0
3437,1156,2025-01-06,Home & Kitchen,Bedsheet,407.89,2,Karachi,Debit Card,4.0
3438,882,2025-08-22,Fashion,Kurta,84.17,2,Peshawar,Cash on Delivery,
3439,1611,2025-08-23,Home & Kitchen,Mixer Grinder,490.92,4,Lahore,Wallet,
3440,1592,2025-01-28,Home & Kitchen,Bedsheet,274.7,3,KARACHI  ,Debit Card,5.0
3441,31,2025-08-15,Fashion,T-Shirt,38.94,2,Peshawar,Debit Card,3.0
3442,944,2025-09-11,Beauty,Face Wash,470.67,3,Quetta,Cash on Delivery,5.0
3443,662,2025-07-10,Electronics,Smartwatch,175.24,2,Lahore,Credit Card,3.0
3444,816,2025-05-14,Beauty,Shampoo,198.74,5,Lahore,Cash on Delivery,
3445,1230,2025-08-16,Electronics,Tablet,208.32,3,Faisalabad,Debit Card,4.0
3446,287,2025-04-16,Electronics,Smartphone,291.16,2,Faisalabad,Debit Card,5.0
3447,645,2025-01-01,Home & Kitchen,Cookware Set,336.28,3,Lahore,Cash on Delivery,4.0
3448,205,2025-01-23,Electronics,Smartwatch,231.5,2,Karachi,Bank Transfer,3.0
3449,692,2025-05-19,Books,Self-Help Book,242.77,5,Peshawar,Cash on Delivery,5.0
3450,800,2025-04-01,Home & Kitchen,Bedsheet,271.78,4,Peshawar,Debit Card,4.0
3451,1,2025-05-05,Fashion,T-Shirt,382.46,3,Peshawar,Debit Card,4.0
3452,965,2025-03-20,Books,Textbook,277.84,4,QUETTA  ,Bank Transfer,4.0
3453,288,2025-04-01,Books,Novel,82.28,2,Lahore,Bank Transfer,5.0
3454,320,2025-09-11,Beauty,Perfume,145.25,1,Lahore,Wallet,4.0
3455,343,2025-06-21,Fashion,T-Shirt,62.43,5,Lahore,Credit Card,3.0
3456,1122,2025-02-13,Fashion,T-Shirt,6.11,2,Faisalabad,Bank Transfer,
3457,355,2025-05-16,Beauty,Lipstick,307.86,4,Lahore,Wallet,5.0
3458,1446,2025-01-18,Books,Comic,466.12,5,Faisalabad,Wallet,3.0
3459,560,2025-04-30,Home & Kitchen,Mixer Grinder,339.13,3,Faisalabad,Cash on Delivery,5.0
3460,42,2025-10-09,Home & Kitchen,Bedsheet,489.32,1,Lahore,Bank Transfer,5.0
3461,1262,2025-02-25,Beauty,Lipstick,397.68,1,Islamabad,Bank Transfer,4.0
3462,729,2025-09-14,Books,Comic,137.92,5,Lahore,Credit Card,5.0
3463,1418,2025-10-12,Books,Textbook,291.33,5,Faisalabad,Cash on Delivery,3.0
3464,903,2025-05-03,Electronics,Headphones,227.97,1,Multan,Credit Card,5.0
3465,1461,2025-06-19,Fashion,T-Shirt,15.01,1,Lahore,Cash on Delivery,5.0
3466,755,2025-09-14,Books,Comic,7.82,1,PESHAWAR  ,Cash on Delivery,
3467,144,2025-01-26,Beauty,Perfume,73.5,3,Quetta,Cash on Delivery,4.0
3468,910,2025-09-16,Electronics,Smartphone,327.33,3,Karachi,Cash on Delivery,5.0
3469,123,2025-02-09,Electronics,Headphones,471.84,2,Lahore,Debit Card,5.0
3470,1385,2025-04-06,Electronics,Smartwatch,100.09,1,Karachi,Cash on Delivery,2.0
3471,1374,2025-02-12,Electronics,Headphones,144.35,2,Quetta,Credit Card,3.0
3472,446,2025-01-01,Electronics,Headphones,238.94,4,Peshawar,Bank Transfer,3.0
3473,1385,2025-06-19,Fashion,Jeans,353.06,2,Lahore,Wallet,5.0
3474,1276,2025-01-04,Electronics,Headphones,279.88,1,Islamabad,Wallet,1.0
3475,1430,2025-10-13,Fashion,Kurta,316.28,2,Lahore,Credit Card,5.0
3476,1524,2025-07-29,Fashion,T-Shirt,323.33,5,Multan,Credit Card,5.0
3477,600,2025-03-11,Home & Kitchen,Cookware Set,452.61,2,Multan,Bank Transfer,5.0
3478,911,2025-06-27,Electronics,Laptop,132.2,4,Peshawar,Bank Transfer,5.0
3479,64,2025-10-20,Fashion,T-Shirt,485.47,2,Peshawar,Debit Card,5.0
3480,982,2025-05-06,Beauty,Shampoo,115.27,3,Faisalabad,Bank Transfer,4.0
3481,484,2025-07-29,Fashion,Sneakers,373.93,4,Multan,Wallet,3.0
3482,307,2025-02-25,Beauty,Shampoo,328.05,4,Faisalabad,Bank Transfer,4.0
3483,796,2025-03-30,Fashion,Jacket,404.13,3,Multan,Bank Transfer,
3484,1083,2025-08-13,Fashion,T-Shirt,24.67,4,Peshawar,Wallet,4.0
3485,24,2025-01-03,Fashion,Jeans,128.68,4,Lahore,Credit Card,5.0
3486,1501,2025-04-28,Electronics,Smartwatch,341.48,3,Multan,Cash on Delivery,
3487,1188,2025-01-11,Beauty,Shampoo,137.46,2,Islamabad,Wallet,2.0
3488,853,2025-08-12,Books,Self-Help Book,466.97,4,LAHORE  ,Debit Card,5.0
3489,1400,2025-09-03,Beauty,Lipstick,431.53,5,Multan,Debit Card,4.0
3490,1651,2025-02-21,Books,Comic,72.39,3,Peshawar,Debit Card,5.0
3491,1594,2025-08-09,Books,Textbook,98.97,5,Multan,Debit Card,4.0
3492,1449,2025-03-04,Beauty,Perfume,124.53,5,Faisalabad,Debit Card,5.0
3493,1631,2025-09-29,Home & Kitchen,Table Lamp,450.51,4,Peshawar,Wallet,5.0
3494,1525,2025-08-07,Books,Comic,54.68,5,Karachi,Bank Transfer,5.0
3495,765,2025-07-15,Books,Self-Help Book,82.92,1,Islamabad,Credit Card,5.0
3496,1114,2025-04-19,Electronics,Headphones,417.41,2,Islamabad,Debit Card,4.0
3497,1401,2025-01-19,Fashion,T-Shirt,459.75,1,Islamabad,Debit Card,5.0
3498,587,2025-06-22,Fashion,Kurta,10.1,5,Islamabad,Bank Transfer,4.0
3499,1526,2025-07-25,Home & Kitchen,Mixer Grinder,31.53,1,Peshawar,Bank Transfer,5.0
3500,273,2025-04-22,Electronics,Headphones,84.65,2,Peshawar,Bank Transfer,5.0
3501,761,2025-01-25,Home & Kitchen,Bedsheet,60.94,2,Karachi,Bank Transfer,5.0
3502,1626,2025-09-20,Fashion,Jeans,366.95,5,Peshawar,Debit Card,5.0
3503,823,2025-07-24,Beauty,Perfume,196.28,1,Multan,Bank Transfer,5.0
3504,853,2025-09-23,Fashion,T-Shirt,305.48,2,Multan,Debit Card,4.0
3505,159,2025-03-30,Electronics,Laptop,174.08,3,Quetta,Credit Card,4.0
3506,149,2025-09-26,Fashion,Jacket,426.37,3,Peshawar,Bank Transfer,3.0
3507,1416,2025-09-07,Electronics,Laptop,285.63,5,Peshawar,Cash on Delivery,
3508,367,2025-09-16,Electronics,Smartwatch,366.6,2,Peshawar,Credit Card,4.0
3509,528,2025-04-12,Electronics,Tablet,195.29,1,Karachi,Debit Card,5.0
3510,1391,2025-02-06,Home & Kitchen,Table Lamp,149.27,2,Islamabad,Bank Transfer,4.0
3511,1131,2025-09-28,Fashion,Jacket,479.82,1,Lahore,Wallet,4.0
3512,1010,2025-01-19,Fashion,T-Shirt,61.37,4,Multan,Wallet,5.0
3513,1164,2025-09-15,Books,Self-Help Book,68.48,4,Peshawar,Wallet,2.0
3514,1242,2025-03-15,Books,Novel,482.12,5,Islamabad,Debit Card,
3515,1185,2025-08-03,Electronics,Laptop,104.29,1,Islamabad,Credit Card,4.0
3516,1191,2025-08-26,Beauty,Shampoo,405.05,3,Peshawar,Credit Card,
3517,567,2025-02-28,Beauty,Face Wash,179.52,3,Quetta,Cash on Delivery,5.0
3518,1598,2025-07-01,Fashion,Jeans,340.06,5,Karachi,Credit Card,3.0
3519,1247,2025-07-14,Books,Comic,168.67,1,Multan,Wallet,5.0
3520,606,2025-03-15,Home & Kitchen,Mixer Grinder,367.17,5,Multan,Bank Transfer,5.0
3521,458,2025-01-10,Books,Self-Help Book,425.81,2,Karachi,Bank Transfer,5.0
3522,497,2025-07-07,Home & Kitchen,Cookware Set,338.84,1,Islamabad,Debit Card,4.0
3523,568,2025-04-25,Home & Kitchen,Bedsheet,291.64,4,MULTAN  ,Wallet,4.0
3524,1361,2025-05-25,Electronics,Headphones,154.41,2,Karachi,Wallet,4.0
3525,1664,2025-09-16,Books,Novel,256.27,5,Peshawar,Credit Card,4.0
3526,498,2025-03-20,Beauty,Perfume,74.04,1,Lahore,Debit Card,4.0
3527,820,2025-10-20,Electronics,Smartphone,314.57,1,Peshawar,Bank Transfer,5.0
3528,1340,2025-07-03,Fashion,Kurta,370.48,2,KARACHI  ,Cash on Delivery,3.0
3529,681,2025-02-08,Home & Kitchen,Cookware Set,10.93,2,Islamabad,Wallet,5.0
3530,534,2025-04-04,Home & Kitchen,Cookware Set,427.53,5,Faisalabad,Cash on Delivery,4.0
3531,1062,2025-05-23,Beauty,Perfume,259.7,1,Quetta,Bank Transfer,1.0
3532,119,2025-07-04,Home & Kitchen,Mixer Grinder,78.45,2,Faisalabad,Cash on Delivery,3.0
3533,384,2025-06-13,Electronics,Smartphone,221.96,1,Faisalabad,Cash on Delivery,5.0
3534,984,2025-10-25,Beauty,Shampoo,454.58,3,Karachi,Debit Card,5.0
3535,570,2025-07-21,Fashion,T-Shirt,45.5,4,KARACHI  ,Credit Card,5.0
3536,1127,2025-02-02,Home & Kitchen,Cookware Set,294.33,3,Multan,Bank Transfer,4.0
3537,538,2025-08-22,Books,Textbook,190.03,4,Lahore,Bank Transfer,5.0
3538,1080,2025-06-16,Home & Kitchen,Mixer Grinder,254.26,4,Karachi,Debit Card,1.0
3539,1433,2025-01-30,Electronics,Smartphone,415.4,2,Lahore,Debit Card,3.0
3540,746,2025-04-05,Books,Novel,,-1,,,
3541,1524,2025-02-17,Beauty,Shampoo,222.84,5,Multan,Bank Transfer,1.0
3542,1327,2025-05-06,Beauty,Lipstick,487.53,5,Quetta,Cash on Delivery,5.0
3543,1183,2025-05-02,Beauty,Face Wash,443.46,5,Multan,Wallet,4.0
3544,604,2025-05-09,Home & Kitchen,Table Lamp,155.51,2,Faisalabad,Cash on Delivery,5.0
3545,1623,2025-04-25,Fashion,Jacket,41.57,1,FAISALABAD  ,Wallet,5.0
3546,785,2025-04-22,Electronics,Laptop,414.12,5,Multan,Credit Card,5.0
3547,333,2025-07-27,Fashion,Jeans,305.91,1,PESHAWAR  ,Wallet,5.0
3548,226,2025-05-08,Books,Textbook,102.36,2,Karachi,Cash on Delivery,
3549,537,2025-07-12,Home & Kitchen,Bedsheet,293.58,4,Lahore,Debit Card,2.0
3550,1317,2025-04-25,Electronics,Laptop,277.92,1,Lahore,Bank Transfer,5.0
3551,1576,2025-01-11,Books,Self-Help Book,42.55,4,Karachi,Debit Card,5.0
3552,252,2025-08-01,Home & Kitchen,Mixer Grinder,455.72,4,Peshawar,Debit Card,5.0
3553,540,2025-08-11,Home & Kitchen,Bedsheet,62.51,3,Islamabad,Bank Transfer,2.0
3554,782,2025-01-12,Books,Comic,348.22,1,Multan,Debit Card,2.0
3555,1415,2025-05-04,Beauty,Shampoo,203.43,4,Faisalabad,Debit Card,5.0
3556,1549,2025-09-10,Electronics,Headphones,142.48,5,Quetta,Cash on Delivery,
3557,224,2025-10-11,Books,Novel,103.88,2,Peshawar,Bank Transfer,4.0
3558,1459,2025-03-15,Books,Self-Help Book,212.66,2,Peshawar,Bank Transfer,5.0
3559,493,2025-03-02,Books,Self-Help Book,405.04,4,Multan,Cash on Delivery,5.0
3560,623,2025-01-25,Home & Kitchen,Bedsheet,488.22,4,Quetta,Debit Card,5.0
3561,931,2025-02-16,Home & Kitchen,Cookware Set,311.83,3,Karachi,Debit Card,5.0
3562,1091,2025-02-04,Books,Self-Help Book,461.39,5,Multan,Wallet,5.0
3563,1271,2025-08-08,Electronics,Smartphone,324.29,4,Faisalabad,Cash on Delivery,5.0
3564,118,2025-07-30,Books,Comic,293.32,5,Islamabad,Debit Card,5.0
3565,176,2025-10-13,Fashion,T-Shirt,315.63,1,Karachi,Wallet,4.0
3566,536,2025-09-10,Beauty,Lipstick,157.2,5,Karachi,Bank Transfer,5.0
3567,1372,2025-08-24,Books,Comic,387.86,2,Multan,Debit Card,4.0
3568,415,2025-05-22,Beauty,Shampoo,473.42,4,Karachi,Cash on Delivery,5.0
3569,553,2025-07-06,Home & Kitchen,Mixer Grinder,475.88,5,Lahore,Wallet,5.0
3570,1177,2025-03-07,Home & Kitchen,Table Lamp,424.02,3,Islamabad,Bank Transfer,5.0
3571,1464,2025-06-05,Books,Textbook,422.8,4,MULTAN  ,Credit Card,5.0
3572,707,2025-04-08,Books,Self-Help Book,228.26,1,Karachi,Bank Transfer,
3573,459,2025-03-28,Electronics,Tablet,365.76,1,Lahore,Bank Transfer,5.0
3574,1107,2025-07-25,Books,Textbook,28.82,2,Islamabad,Debit Card,
3575,1092,2025-03-04,Home & Kitchen,Bedsheet,363.23,2,Quetta,Wallet,4.0
3576,1416,2025-10-24,Books,Textbook,339.55,3,Karachi,Cash on Delivery,
3577,746,2025-10-24,Electronics,Smartphone,210.27,4,Islamabad,Debit Card,5.0
3578,1553,2025-08-01,Electronics,Tablet,363.15,2,Karachi,Credit Card,1.0
3579,308,2025-08-26,Electronics,Smartwatch,104.32,5,Lahore,Wallet,5.0
3580,1244,2025-07-21,Fashion,Kurta,379.1,2,Lahore,Bank Transfer,5.0
3581,488,2025-04-12,Electronics,Smartwatch,299.0,5,Faisalabad,Credit Card,4.0
3582,389,2025-04-10,Books,Textbook,387.13,3,Islamabad,Debit Card,5.0
3583,978,2025-05-05,Fashion,Jacket,391.21,4,PESHAWAR  ,Bank Transfer,3.0
3584,1266,2025-10-12,Beauty,Face Wash,36.68,4,Faisalabad,Debit Card,5.0
3585,583,2025-01-12,Fashion,Kurta,132.75,3,Faisalabad,Credit Card,5.0
3586,920,2025-05-17,Beauty,Lipstick,266.17,4,Quetta,Wallet,5.0
3587,761,2025-02-02,Electronics,Smartphone,98.76,5,Multan,Cash on Delivery,4.0
3588,1648,2025-09-15,Beauty,Face Wash,436.02,4,Islamabad,Bank Transfer,5.0
3589,379,2025-01-01,Books,Self-Help Book,484.14,5,Peshawar,Bank Transfer,4.0
3590,876,2025-03-24,Electronics,Tablet,143.7,4,LAHORE  ,Wallet,5.0
3591,100,2025-07-31,Books,Textbook,473.31,2,Lahore,Wallet,5.0
3592,315,2025-09-26,Beauty,Lipstick,450.37,1,Faisalabad,Cash on Delivery,3.0
3593,1475,2025-04-15,Books,Textbook,231.66,4,Peshawar,Debit Card,5.0
3594,1587,2025-05-07,Fashion,Sneakers,371.69,3,Peshawar,Debit Card,2.0
3595,137,2025-02-25,Home & Kitchen,Bedsheet,156.16,5,Faisalabad,Credit Card,5.0
3596,1576,2025-07-12,Fashion,Kurta,374.31,4,Faisalabad,Bank Transfer,4.0
3597,627,2025-03-16,Electronics,Headphones,218.97,4,Quetta,Cash on Delivery,5.0
3598,627,2025-02-16,Home & Kitchen,Bedsheet,342.91,5,Islamabad,Cash on Delivery,4.0
3599,1038,2025-06-15,Electronics,Smartwatch,414.77,3,Islamabad,Bank Transfer,4.0
3600,1295,2025-01-16,Electronics,Tablet,264.08,1,Islamabad,Cash on Delivery,5.0
3601,1084,2025-06-08,Fashion,Jeans,428.46,3,Quetta,Wallet,5.0
3602,1017,2025-10-06,Electronics,Laptop,401.01,4,Quetta,Bank Transfer,5.0
3603,1275,2025-05-12,Books,Novel,441.2,5,Lahore,Bank Transfer,5.0
3604,1492,2025-05-26,Beauty,Lipstick,427.44,2,Peshawar,Debit Card,5.0
3605,615,2025-01-22,Books,Novel,476.96,2,Multan,Wallet,
3606,1360,2025-02-11,Beauty,Lipstick,485.72,2,Lahore,Credit Card,5.0
3607,235,2025-10-17,Beauty,Lipstick,328.58,2,Lahore,Debit Card,5.0
3608,1405,2025-04-04,Electronics,Headphones,108.88,1,LAHORE  ,Bank Transfer,4.0
3609,998,2025-03-10,Home & Kitchen,Bedsheet,448.22,1,Islamabad,Cash on Delivery,5.0
3610,1052,2025-04-17,Fashion,Jeans,297.24,5,Islamabad,Bank Transfer,4.0
3611,746,2025-03-11,Beauty,Face Wash,238.41,2,Islamabad,Wallet,4.0
3612,1584,2025-10-19,Home & Kitchen,Table Lamp,285.2,3,Faisalabad,Wallet,5.0
3613,555,2025-08-07,Beauty,Lipstick,90.47,5,Islamabad,Debit Card,5.0
3614,523,2025-04-28,Home & Kitchen,Mixer Grinder,496.52,5,Faisalabad,Debit Card,4.0
3615,500,2025-08-29,Electronics,Smartphone,305.8,3,Karachi,Credit Card,4.0
3616,1483,2025-01-19,Books,Self-Help Book,429.49,4,Lahore,Wallet,3.0
3617,1348,2025-08-08,Beauty,Face Wash,5.72,5,FAISALABAD  ,Debit Card,5.0
3618,193,2025-04-17,Electronics,Smartwatch,219.97,1,Karachi,Bank Transfer,5.0
3619,943,2025-05-20,Beauty,Face Wash,267.04,1,Islamabad,Cash on Delivery,3.0
3620,444,2025-10-03,Fashion,T-Shirt,213.31,4,Karachi,Bank Transfer,4.0
3621,873,2025-09-09,Home & Kitchen,Table Lamp,406.38,2,Peshawar,Cash on Delivery,3.0
3622,1395,2025-05-06,Electronics,Laptop,245.39,2,Peshawar,Wallet,4.0
3623,1271,2025-08-13,Electronics,Laptop,430.65,1,Lahore,Credit Card,4.0
3624,742,2025-01-04,Books,Comic,194.64,4,Lahore,Bank Transfer,5.0
3625,808,2025-01-04,Electronics,Tablet,295.3,1,Islamabad,Debit Card,1.0
3626,1055,2025-03-31,Home & Kitchen,Mixer Grinder,109.26,1,Karachi,Debit Card,5.0
3627,775,2025-05-18,Fashion,Jacket,155.62,5,Karachi,Credit Card,5.0
3628,1143,2025-09-15,Home & Kitchen,Bedsheet,304.19,1,Faisalabad,Bank Transfer,4.0
3629,1263,2025-09-09,Home & Kitchen,Cookware Set,253.73,1,PESHAWAR  ,Credit Card,4.0
3630,219,2025-07-13,Beauty,Perfume,328.55,4,Multan,Debit Card,
3631,1521,2025-04-13,Fashion,Kurta,299.42,4,,Debit Card,3.0
3632,518,2025-02-22,Fashion,Jacket,118.11,1,Karachi,Cash on Delivery,3.0
3633,819,2025-03-02,Books,Novel,31.11,3,MULTAN  ,Bank Transfer,5.0
3634,1119,2025-03-03,Books,Novel,67.39,4,Multan,Cash on Delivery,4.0
3635,297,2025-08-03,Home & Kitchen,Bedsheet,390.81,4,FAISALABAD  ,Debit Card,4.0
3636,704,2025-09-09,Fashion,Kurta,215.62,2,Faisalabad,Debit Card,5.0
3637,1606,2025-09-13,Books,Self-Help Book,242.02,5,Multan,Wallet,1.0
3638,299,2025-09-02,Electronics,Smartphone,203.95,4,QUETTA  ,Wallet,
3639,1408,2025-03-02,Home & Kitchen,Table Lamp,407.39,4,Faisalabad,Bank Transfer,4.0
3640,1375,2025-06-06,Books,Comic,452.08,4,Quetta,Wallet,5.0
3641,1650,2025-05-04,Fashion,Jacket,339.45,3,Islamabad,Bank Transfer,5.0
3642,134,2025-04-25,Fashion,T-Shirt,346.19,5,Peshawar,Debit Card,4.0
3643,62,2025-03-06,Fashion,Kurta,354.55,4,Karachi,Cash on Delivery,4.0
3644,733,2025-03-20,Fashion,Jacket,20.43,2,Faisalabad,Wallet,4.0
3645,357,2025-02-15,Home & Kitchen,Mixer Grinder,495.33,5,Lahore,Debit Card,4.0
3646,925,2025-01-10,Home & Kitchen,Table Lamp,381.51,2,Multan,Credit Card,5.0
3647,1431,2025-08-23,Electronics,Tablet,141.57,4,Islamabad,Cash on Delivery,5.0
3648,1347,2025-02-12,Home & Kitchen,Cookware Set,13.1,5,Islamabad,Bank Transfer,5.0
3649,204,2025-10-10,Fashion,Sneakers,79.01,3,Multan,Credit Card,4.0
3650,899,2025-03-03,Fashion,Jeans,217.34,3,Peshawar,Wallet,2.0
3651,691,2025-06-25,Beauty,Shampoo,122.45,5,Karachi,Bank Transfer,4.0
3652,1491,2025-10-27,Home & Kitchen,Mixer Grinder,120.21,2,Islamabad,Credit Card,5.0
3653,280,2025-03-08,Home & Kitchen,Table Lamp,327.86,2,Quetta,Debit Card,5.0
3654,763,2025-08-14,Books,Textbook,,2,,,5.0
3655,707,2025-02-13,Books,Novel,128.5,1,Peshawar,Debit Card,5.0
3656,111,2025-05-07,Fashion,Jeans,120.1,5,Peshawar,Cash on Delivery,4.0
3657,399,2025-06-15,Fashion,Sneakers,9.95,5,Peshawar,Cash on Delivery,
3658,298,2025-08-04,Electronics,Laptop,106.18,5,Lahore,Wallet,5.0
3659,337,2025-09-11,Home & Kitchen,Bedsheet,19.01,2,Multan,Wallet,4.0
3660,185,2025-02-22,Beauty,Perfume,338.57,2,Karachi,Bank Transfer,3.0
3661,350,2025-04-01,Fashion,Kurta,106.94,1,Islamabad,Bank Transfer,5.0
3662,1412,2025-08-06,Books,Novel,167.21,5,Karachi,Cash on Delivery,5.0
3663,734,2025-04-09,Electronics,Smartwatch,116.22,5,Karachi,Credit Card,1.0
3664,333,2025-08-10,Fashion,Jeans,493.71,5,Faisalabad,Debit Card,5.0
3665,1501,2025-06-04,Books,Textbook,7.12,2,Islamabad,Debit Card,4.0
3666,1048,2025-02-25,Electronics,Headphones,101.33,3,Lahore,Credit Card,4.0
3667,1498,2025-06-27,Fashion,T-Shirt,354.93,2,Islamabad,Bank Transfer,5.0
3668,738,2025-01-13,Beauty,Shampoo,302.08,5,Karachi,Bank Transfer,4.0
3669,1209,2025-07-05,Books,Textbook,46.92,2,Karachi,Credit Card,4.0
3670,972,2025-07-08,Beauty,Shampoo,457.7,3,Lahore,Cash on Delivery,4.0
3671,1187,2025-07-30,Fashion,T-Shirt,134.63,4,Peshawar,Wallet,4.0
3672,1519,2025-05-02,Electronics,Headphones,414.09,3,Lahore,Debit Card,5.0
3673,1326,2025-08-26,Beauty,Perfume,499.95,3,Faisalabad,Wallet,4.0
3674,246,2025-01-15,Home & Kitchen,Bedsheet,159.96,4,Karachi,Credit Card,4.0
3675,1511,2025-04-15,Fashion,Jacket,11.68,1,Quetta,Debit Card,3.0
3676,1253,2025-07-16,Beauty,Lipstick,164.65,5,Faisalabad,Bank Transfer,5.0
3677,908,2025-09-05,Home & Kitchen,Mixer Grinder,191.67,5,Faisalabad,Bank Transfer,5.0
3678,950,2025-02-21,Home & Kitchen,Mixer Grinder,276.47,4,Peshawar,Cash on Delivery,
3679,374,2025-05-26,Home & Kitchen,Table Lamp,380.95,1,Multan,Credit Card,
3680,496,2025-06-18,Fashion,Jacket,205.33,4,Multan,Bank Transfer,4.0
3681,146,2025-02-17,Beauty,Face Wash,416.56,3,Quetta,Wallet,5.0
3682,1233,2025-06-25,Home & Kitchen,Table Lamp,368.51,5,Quetta,Cash on Delivery,4.0
3683,688,2025-05-27,Electronics,Smartwatch,303.55,5,Lahore,Bank Transfer,4.0
3684,836,2025-03-16,Electronics,Smartwatch,197.39,3,Quetta,Wallet,5.0
3685,1462,2025-08-14,Fashion,Kurta,336.82,4,Lahore,Debit Card,
3686,1662,2025-07-09,Books,Textbook,474.65,2,Islamabad,Bank Transfer,4.0
3687,694,2025-03-06,Books,Novel,261.2,4,Faisalabad,Wallet,4.0
3688,273,2025-02-25,Fashion,Jeans,479.9,5,MULTAN  ,Credit Card,5.0
3689,1558,2025-06-21,Home & Kitchen,Mixer Grinder,422.56,3,Islamabad,Cash on Delivery,
3690,1433,2025-04-28,Fashion,Jacket,351.04,5,Islamabad,Debit Card,4.0
3691,1119,2025-06-17,Beauty,Face Wash,198.82,2,QUETTA  ,Cash on Delivery,1.0
3692,670,2025-01-22,Fashion,Jeans,421.27,1,Faisalabad,Credit Card,4.0
3693,53,2025-04-01,Fashion,Kurta,82.87,2,QUETTA  ,Wallet,5.0
3694,318,2025-06-04,Electronics,Tablet,133.44,4,Lahore,Debit Card,5.0
3695,1181,2025-08-08,Electronics,Headphones,379.76,3,Karachi,Cash on Delivery,4.0
3696,1522,2025-01-18,Beauty,Shampoo,129.17,4,Islamabad,Wallet,4.0
3697,1254,2025-06-24,Beauty,Shampoo,128.03,1,Faisalabad,Credit Card,4.0
3698,614,2025-03-10,Books,Novel,132.0,2,Islamabad,Credit Card,4.0
3699,728,2025-07-20,Books,Self-Help Book,388.64,3,Islamabad,Debit Card,5.0
3700,561,2025-06-26,Beauty,Shampoo,313.95,1,Islamabad,Bank Transfer,
3701,1052,2025-01-29,Books,Novel,157.16,2,Islamabad,Credit Card,5.0
3702,1404,2025-06-16,Fashion,Sneakers,32.02,1,Lahore,Cash on Delivery,5.0
3703,978,2025-07-08,Fashion,Jacket,478.51,5,Islamabad,Bank Transfer,3.0
3704,968,2025-06-23,Books,Comic,118.75,3,Lahore,Cash on Delivery,5.0
3705,1501,2025-06-27,Fashion,Jacket,379.68,1,,Cash on Delivery,5.0
3706,242,2025-05-15,Home & Kitchen,Bedsheet,33.48,5,Faisalabad,Debit Card,4.0
3707,374,2025-09-03,Books,Textbook,182.47,3,Multan,Wallet,3.0
3708,721,2025-04-23,Books,Textbook,293.36,5,Quetta,Wallet,4.0
3709,1480,2025-05-09,Beauty,Lipstick,33.44,5,QUETTA  ,Cash on Delivery,5.0
3710,283,2025-08-07,Beauty,Face Wash,33.09,3,Quetta,Cash on Delivery,5.0
3711,1650,2025-03-12,Fashion,Sneakers,468.44,5,Peshawar,Wallet,4.0
3712,850,2025-09-01,Fashion,Jacket,113.92,3,Quetta,Credit Card,5.0
3713,1640,2025-04-16,Books,Comic,440.03,3,Faisalabad,Bank Transfer,
3714,487,2025-07-30,Fashion,Kurta,293.17,3,Faisalabad,Debit Card,3.0
3715,1151,2025-08-19,Home & Kitchen,Cookware Set,157.76,5,Islamabad,Wallet,5.0
3716,1073,2025-05-20,Home & Kitchen,Bedsheet,474.11,4,Multan,Debit Card,4.0
3717,378,2025-02-05,Home & Kitchen,Mixer Grinder,448.18,1,Lahore,Bank Transfer,3.0
3718,923,2025-01-06,Books,Novel,461.06,5,Faisalabad,Cash on Delivery,5.0
3719,1228,2025-03-23,Books,Textbook,79.31,1,Islamabad,Wallet,3.0
3720,1194,2025-02-03,Beauty,Lipstick,141.17,4,Islamabad,Debit Card,4.0
3721,987,2025-07-28,Fashion,Jacket,90.06,2,Peshawar,Cash on Delivery,5.0
3722,81,2025-08-15,Home & Kitchen,Bedsheet,288.4,1,Lahore,Cash on Delivery,
3723,1014,2025-06-12,Books,Textbook,23.56,4,Peshawar,Debit Card,4.0
3724,67,2025-08-03,Beauty,Perfume,164.73,3,PESHAWAR  ,Cash on Delivery,3.0
3725,136,2025-06-21,Home & Kitchen,Bedsheet,130.15,1,Islamabad,Cash on Delivery,3.0
3726,637,2025-04-14,Books,Self-Help Book,180.84,5,Lahore,Wallet,5.0
3727,1179,2025-07-19,Fashion,Jeans,292.6,4,Peshawar,Credit Card,4.0
3728,886,2025-09-20,Fashion,Kurta,396.53,3,,Wallet,4.0
3729,541,2025-07-16,Home & Kitchen,Cookware Set,35.92,3,Islamabad,Wallet,4.0
3730,864,2025-09-23,Fashion,Jacket,198.11,2,Multan,Cash on Delivery,5.0
3731,249,2025-03-02,Books,Textbook,123.82,1,Karachi,Cash on Delivery,1.0
3732,410,2025-05-17,Electronics,Tablet,302.3,1,Multan,Cash on Delivery,5.0
3733,166,2025-05-01,Books,Comic,117.2,4,Peshawar,Cash on Delivery,2.0
3734,1332,2025-03-17,Fashion,Jeans,,2,,,
3735,845,2025-04-18,Books,Textbook,498.8,5,Peshawar,Wallet,5.0
3736,293,2025-02-12,Electronics,Laptop,132.88,4,Islamabad,Bank Transfer,5.0
3737,1239,2025-05-05,Books,Novel,113.6,1,Karachi,Bank Transfer,5.0
3738,1529,2025-04-27,Fashion,Jacket,59.94,2,Peshawar,Wallet,5.0
3739,1204,2025-09-02,Beauty,Face Wash,403.06,5,Karachi,Credit Card,3.0
3740,804,2025-07-18,Home & Kitchen,Cookware Set,401.66,1,FAISALABAD  ,Cash on Delivery,5.0
3741,1153,2025-06-15,Fashion,Sneakers,64.6,5,Quetta,Debit Card,5.0
3742,1131,2025-04-11,Home & Kitchen,Mixer Grinder,199.1,5,PESHAWAR  ,Credit Card,3.0
3743,934,2025-04-10,Home & Kitchen,Bedsheet,,2,,,3.0
3744,1517,2025-07-05,Fashion,Sneakers,312.17,1,Islamabad,Bank Transfer,3.0
3745,803,2025-03-01,Home & Kitchen,Table Lamp,272.6,3,Islamabad,Bank Transfer,5.0
3746,832,2025-03-11,Home & Kitchen,Cookware Set,42.82,2,Islamabad,Wallet,5.0
3747,1032,2025-04-05,Electronics,Laptop,297.87,1,Islamabad,Cash on Delivery,4.0
3748,1122,2025-01-16,Books,Self-Help Book,272.96,1,Multan,Cash on Delivery,2.0
3749,1011,2025-04-20,Books,Novel,481.93,4,QUETTA  ,Debit Card,4.0
3750,1338,2025-02-24,Beauty,Shampoo,124.15,4,Multan,Bank Transfer,4.0
3751,617,2025-10-07,Books,Textbook,397.14,1,Islamabad,Credit Card,4.0
3752,1499,2025-01-21,Books,Textbook,305.89,1,Islamabad,Credit Card,
3753,1496,2025-08-01,Electronics,Smartwatch,355.97,3,Lahore,Cash on Delivery,5.0
3754,661,2025-07-09,Electronics,Tablet,264.46,5,Quetta,Cash on Delivery,4.0
3755,1551,2025-08-18,Fashion,Kurta,172.68,4,Multan,Credit Card,4.0
3756,34,2025-05-07,Books,Comic,,4,,,
3757,925,2025-09-01,Home & Kitchen,Cookware Set,139.03,4,Faisalabad,Debit Card,5.0
3758,1640,2025-10-04,Electronics,Smartwatch,250.75,4,Lahore,Bank Transfer,4.0
3759,883,2025-06-17,Fashion,T-Shirt,240.82,5,Lahore,Credit Card,
3760,401,2025-06-09,Beauty,Perfume,42.94,3,Faisalabad,Credit Card,3.0
3761,813,2025-08-21,Fashion,Jeans,365.68,4,KARACHI  ,Bank Transfer,3.0
3762,681,2025-06-13,Beauty,Face Wash,326.31,4,Lahore,Wallet,5.0
3763,1112,2025-06-19,Beauty,Perfume,75.08,3,Lahore,Debit Card,3.0
3764,790,2025-04-26,Books,Self-Help Book,18.52,1,Islamabad,Credit Card,5.0
3765,946,2025-05-15,Home & Kitchen,Mixer Grinder,79.99,3,Lahore,Debit Card,5.0
3766,1559,2025-08-08,Fashion,Sneakers,253.75,1,Lahore,Credit Card,5.0
3767,850,2025-03-24,Books,Comic,395.42,5,Multan,Bank Transfer,5.0
3768,630,2025-03-29,Books,Novel,125.29,2,Islamabad,Wallet,
3769,348,2025-08-20,Books,Self-Help Book,189.15,2,Quetta,Credit Card,
3770,137,2025-10-09,Home & Kitchen,Bedsheet,214.18,1,Lahore,Cash on Delivery,5.0
3771,1138,2025-06-01,Books,Textbook,157.97,4,Quetta,Cash on Delivery,4.0
3772,660,2025-10-25,Beauty,Lipstick,457.47,5,Peshawar,Bank Transfer,4.0
3773,266,2025-07-13,Beauty,Face Wash,138.41,5,Peshawar,Cash on Delivery,5.0
3774,47,2025-10-06,Beauty,Shampoo,57.62,5,Islamabad,Cash on Delivery,5.0
3775,1296,2025-04-02,Fashion,Jacket,9.7,3,Multan,Wallet,4.0
3776,314,2025-01-12,Books,Textbook,295.14,4,Faisalabad,Wallet,5.0
3777,715,2025-06-01,Books,Textbook,423.99,1,Lahore,Cash on Delivery,4.0
3778,526,2025-01-10,Fashion,Jacket,112.94,5,Peshawar,Cash on Delivery,4.0
3779,1031,2025-03-23,Fashion,T-Shirt,58.73,5,Islamabad,Credit Card,4.0
3780,571,2025-01-17,Fashion,Jacket,,1,,,5.0
3781,84,2025-04-22,Beauty,Face Wash,443.17,5,Faisalabad,Cash on Delivery,5.0
3782,1099,2025-09-06,Fashion,Jeans,55.78,2,Islamabad,Cash on Delivery,5.0
3783,1320,2025-09-28,Electronics,Headphones,209.74,4,Multan,Bank Transfer,
3784,1398,2025-10-19,Beauty,Face Wash,212.38,3,Lahore,Credit Card,2.0
3785,230,2025-10-05,Fashion,T-Shirt,196.25,2,Islamabad,Bank Transfer,3.0
3786,540,2025-02-05,Electronics,Tablet,242.09,1,Quetta,Debit Card,5.0
3787,1030,2025-08-29,Electronics,Smartwatch,425.2,4,Multan,Credit Card,5.0
3788,87,2025-05-29,Beauty,Lipstick,89.22,2,Peshawar,Credit Card,5.0
3789,1031,2025-02-13,Beauty,Perfume,17.71,2,Peshawar,Wallet,4.0
3790,602,2025-02-16,Fashion,Jeans,158.66,4,Quetta,Cash on Delivery,
3791,1047,2025-05-10,Home & Kitchen,Table Lamp,310.52,2,Islamabad,Credit Card,4.0
3792,1181,2025-06-13,Home & Kitchen,Mixer Grinder,202.36,4,Faisalabad,Bank Transfer,
3793,465,2025-04-05,Fashion,Kurta,405.23,3,MULTAN  ,Bank Transfer,5.0
3794,530,2025-02-04,Home & Kitchen,Cookware Set,331.43,4,Islamabad,Debit Card,5.0
3795,1329,2025-08-25,Electronics,Smartphone,166.74,1,Lahore,Bank Transfer,4.0
3796,836,2025-10-07,Fashion,Jeans,424.88,1,Islamabad,Bank Transfer,5.0
3797,452,2025-04-29,Beauty,Face Wash,227.58,1,Peshawar,Bank Transfer,4.0
3798,629,2025-02-11,Home & Kitchen,Mixer Grinder,186.67,3,Islamabad,Credit Card,
3799,865,2025-08-09,Books,Comic,327.75,5,LAHORE  ,Cash on Delivery,5.0
3800,1549,2025-03-28,Books,Comic,95.16,3,Islamabad,Bank Transfer,5.0
3801,1364,2025-07-15,Fashion,Sneakers,283.94,4,Peshawar,Credit Card,4.0
3802,1319,2025-08-04,Fashion,T-Shirt,327.15,4,Peshawar,Credit Card,4.0
3803,2,2025-06-16,Books,Textbook,496.86,1,Quetta,Debit Card,5.0
3804,1645,2025-08-02,Home & Kitchen,Cookware Set,478.98,5,Karachi,Bank Transfer,5.0
3805,327,2025-03-24,Home & Kitchen,Cookware Set,399.96,5,Multan,Wallet,1.0
3806,195,2025-01-25,Fashion,Jeans,211.77,2,LAHORE  ,Cash on Delivery,4.0
3807,115,2025-08-07,Beauty,Perfume,464.85,5,Multan,Credit Card,5.0
3808,76,2025-10-26,Books,Novel,317.37,1,Multan,Cash on Delivery,4.0
3809,544,2025-02-14,Home & Kitchen,Mixer Grinder,446.23,5,Quetta,Wallet,4.0
3810,1113,2025-06-03,Electronics,Smartwatch,179.88,2,Peshawar,Wallet,4.0
3811,629,2025-09-29,Electronics,Headphones,66.58,3,Quetta,Debit Card,4.0
3812,1227,2025-07-18,Fashion,Jacket,386.69,5,Lahore,Debit Card,5.0
3813,791,2025-08-05,Fashion,Jeans,103.01,5,Lahore,Cash on Delivery,5.0
3814,908,2025-02-24,Books,Self-Help Book,114.77,4,Quetta,Bank Transfer,4.0
3815,912,2025-05-28,Beauty,Perfume,319.2,4,Karachi,Wallet,4.0
3816,1191,2025-08-26,Beauty,Lipstick,,-1,,,2.0
3817,361,2025-04-22,Electronics,Tablet,69.81,2,Faisalabad,Bank Transfer,5.0
3818,1516,2025-08-26,Fashion,Jacket,123.53,2,Faisalabad,Wallet,5.0
3819,371,2025-08-29,Beauty,Lipstick,238.22,1,Quetta,Bank Transfer,5.0
3820,1139,2025-05-22,Books,Self-Help Book,277.75,1,MULTAN  ,Debit Card,5.0
3821,823,2025-08-27,Home & Kitchen,Mixer Grinder,151.4,4,Multan,Credit Card,4.0
3822,1245,2025-04-09,Electronics,Laptop,354.66,3,Multan,Credit Card,5.0
3823,1340,2025-01-29,Beauty,Shampoo,239.75,1,Karachi,Debit Card,3.0
3824,1447,2025-02-13,Home & Kitchen,Cookware Set,342.33,5,Quetta,Bank Transfer,1.0
3825,183,2025-02-11,Fashion,Sneakers,108.89,4,Peshawar,Credit Card,5.0
3826,1297,2025-05-24,Home & Kitchen,Mixer Grinder,485.35,3,FAISALABAD  ,Wallet,4.0
3827,1105,2025-02-18,Fashion,Jacket,292.19,3,Multan,Wallet,4.0
3828,542,2025-06-18,Books,Comic,490.18,2,Peshawar,Cash on Delivery,4.0
3829,1400,2025-06-27,Electronics,Tablet,485.09,1,Multan,Wallet,1.0
3830,490,2025-08-01,Beauty,Shampoo,292.83,3,Peshawar,Cash on Delivery,5.0
3831,943,2025-04-01,Home & Kitchen,Table Lamp,180.73,5,PESHAWAR  ,Bank Transfer,5.0
3832,259,2025-08-17,Electronics,Laptop,376.17,2,Faisalabad,Credit Card,4.0
3833,525,2025-10-08,Beauty,Shampoo,382.9,5,LAHORE  ,Cash on Delivery,
3834,1045,2025-04-22,Electronics,Headphones,453.56,4,Lahore,Debit Card,5.0
3835,1565,2025-03-03,Beauty,Lipstick,100.98,3,Quetta,Credit Card,4.0
3836,1553,2025-10-26,Fashion,Jeans,153.63,5,Quetta,Bank Transfer,4.0
3837,1336,2025-06-22,Books,Self-Help Book,363.92,4,Multan,Wallet,
3838,1095,2025-09-02,Home & Kitchen,Table Lamp,441.89,1,Multan,Bank Transfer,4.0
3839,1619,2025-08-07,Electronics,Smartphone,187.79,4,Multan,Cash on Delivery,5.0
3840,322,2025-06-15,Home & Kitchen,Bedsheet,282.47,2,Islamabad,Bank Transfer,5.0
3841,301,2025-03-16,Electronics,Headphones,196.04,2,Islamabad,Wallet,4.0
3842,1451,2025-04-02,Books,Textbook,439.12,2,ISLAMABAD  ,Bank Transfer,2.0
3843,1111,2025-09-03,Books,Novel,74.09,1,Lahore,Cash on Delivery,5.0
3844,158,2025-08-31,Home & Kitchen,Bedsheet,78.74,3,Peshawar,Debit Card,5.0
3845,935,2025-08-21,Beauty,Shampoo,113.11,2,Karachi,Debit Card,5.0
3846,426,2025-06-27,Fashion,Jeans,119.75,2,Islamabad,Cash on Delivery,5.0
3847,948,2025-04-06,Fashion,Sneakers,466.65,4,Peshawar,Credit Card,
3848,417,2025-05-06,Electronics,Headphones,170.31,2,Lahore,Wallet,5.0
3849,65,2025-09-26,Fashion,Kurta,293.03,1,Karachi,Credit Card,5.0
3850,814,2025-07-08,Electronics,Tablet,191.47,2,Karachi,Debit Card,4.0
3851,445,2025-04-03,Home & Kitchen,Mixer Grinder,81.55,3,Quetta,Credit Card,2.0
3852,1172,2025-01-25,Beauty,Perfume,39.57,1,Islamabad,Credit Card,5.0
3853,863,2025-05-08,Home & Kitchen,Cookware Set,342.99,2,Multan,Wallet,4.0
3854,907,2025-07-16,Electronics,Headphones,397.83,4,Faisalabad,Debit Card,3.0
3855,615,2025-04-19,Beauty,Perfume,452.35,5,Karachi,Bank Transfer,3.0
3856,1095,2025-07-28,Beauty,Face Wash,499.22,5,Peshawar,Bank Transfer,2.0
3857,1625,2025-06-03,Home & Kitchen,Cookware Set,71.7,3,Peshawar,Debit Card,
3858,1155,2025-10-13,Home & Kitchen,Bedsheet,291.36,3,Islamabad,Cash on Delivery,5.0
3859,1194,2025-03-19,Books,Comic,352.18,2,ISLAMABAD  ,Bank Transfer,4.0
3860,1385,2025-10-20,Electronics,Tablet,297.38,4,PESHAWAR  ,Bank Transfer,4.0
3861,1088,2025-07-28,Home & Kitchen,Mixer Grinder,419.22,1,Peshawar,Wallet,
3862,12,2025-03-15,Books,Self-Help Book,314.12,3,Islamabad,Debit Card,1.0
3863,1460,2025-02-13,Home & Kitchen,Cookware Set,,1,,,3.0
3864,804,2025-10-23,Home & Kitchen,Table Lamp,199.88,2,Multan,Debit Card,5.0
3865,342,2025-06-22,Electronics,Headphones,499.71,1,Quetta,Credit Card,5.0
3866,1415,2025-09-04,Beauty,Face Wash,65.46,5,Karachi,Debit Card,5.0
3867,1377,2025-08-03,Home & Kitchen,Cookware Set,56.92,1,Quetta,Cash on Delivery,3.0
3868,333,2025-02-27,Electronics,Headphones,159.64,2,Peshawar,Credit Card,
3869,1125,2025-09-07,Home & Kitchen,Cookware Set,266.6,3,Peshawar,Cash on Delivery,
3870,1514,2025-05-24,Electronics,Headphones,492.78,1,Peshawar,Debit Card,5.0
3871,1302,2025-07-09,Electronics,Headphones,77.97,3,MULTAN  ,Cash on Delivery,2.0
3872,1196,2025-01-11,Home & Kitchen,Cookware Set,354.35,5,Quetta,Debit Card,3.0
3873,1327,2025-10-06,Beauty,Face Wash,252.72,5,Faisalabad,Wallet,
3874,1364,2025-09-29,Books,Self-Help Book,138.63,5,Faisalabad,Cash on Delivery,4.0
3875,1033,2025-08-12,Electronics,Smartphone,460.27,3,Peshawar,Debit Card,5.0
3876,621,2025-08-15,Fashion,Jacket,377.98,4,Faisalabad,Wallet,3.0
3877,755,2025-09-27,Home & Kitchen,Mixer Grinder,488.74,5,Quetta,Wallet,
3878,1009,2025-09-12,Books,Textbook,76.27,5,Multan,Credit Card,4.0
3879,766,2025-09-23,Books,Novel,310.52,5,Islamabad,Debit Card,5.0
3880,1474,2025-03-06,Home & Kitchen,Mixer Grinder,368.53,5,PESHAWAR  ,Credit Card,5.0
3881,593,2025-04-20,Electronics,Smartwatch,438.01,2,Karachi,Debit Card,5.0
3882,517,2025-06-21,Electronics,Tablet,255.06,4,Peshawar,Wallet,2.0
3883,1283,2025-04-14,Electronics,Smartphone,422.3,1,Karachi,Cash on Delivery,
3884,652,2025-06-09,Home & Kitchen,Mixer Grinder,17.45,2,Faisalabad,Cash on Delivery,3.0
3885,915,2025-07-11,Fashion,T-Shirt,470.98,1,Peshawar,Debit Card,1.0
3886,181,2025-01-20,Books,Comic,375.97,5,Multan,Credit Card,5.0
3887,262,2025-01-25,Beauty,Perfume,251.84,4,Multan,Credit Card,4.0
3888,1147,2025-01-03,Beauty,Shampoo,26.09,1,Karachi,Debit Card,5.0
3889,699,2025-02-06,Books,Comic,105.51,4,Multan,Debit Card,5.0
3890,1170,2025-10-05,Electronics,Headphones,240.38,2,Multan,Bank Transfer,4.0
3891,1506,2025-09-18,Home & Kitchen,Bedsheet,323.89,4,Lahore,Credit Card,3.0
3892,1001,2025-03-26,Electronics,Laptop,435.88,2,Peshawar,Credit Card,4.0
3893,966,2025-02-22,Electronics,Laptop,451.69,2,Karachi,Bank Transfer,3.0
3894,879,2025-03-10,Books,Textbook,309.75,5,FAISALABAD  ,Credit Card,5.0
3895,1003,2025-09-19,Electronics,Tablet,480.96,3,Faisalabad,Debit Card,5.0
3896,495,2025-05-10,Beauty,Face Wash,98.07,5,Lahore,Bank Transfer,4.0
3897,208,2025-09-18,Beauty,Perfume,106.79,2,Islamabad,Debit Card,3.0
3898,232,2025-02-15,Books,Textbook,60.03,5,Peshawar,Wallet,5.0
3899,567,2025-06-19,Electronics,Headphones,126.67,5,Multan,Bank Transfer,3.0
3900,639,2025-03-28,Beauty,Perfume,208.83,1,Peshawar,Wallet,4.0
3901,313,2025-06-27,Fashion,Kurta,198.69,5,Karachi,Credit Card,3.0
3902,1539,2025-08-25,Books,Comic,363.4,3,Quetta,Credit Card,4.0
3903,414,2025-02-22,Beauty,Shampoo,112.88,3,Karachi,Debit Card,4.0
3904,1042,2025-09-20,Electronics,Tablet,254.25,4,Multan,Debit Card,3.0
3905,956,2025-10-03,Books,Novel,183.1,3,Islamabad,Bank Transfer,5.0
3906,31,2025-02-27,Fashion,Kurta,360.53,1,Karachi,Cash on Delivery,4.0
3907,314,2025-01-06,Home & Kitchen,Mixer Grinder,281.57,5,Karachi,Bank Transfer,4.0
3908,1358,2025-01-18,Electronics,Smartphone,185.11,2,Quetta,Wallet,4.0
3909,1007,2025-10-04,Electronics,Smartwatch,7.27,2,Faisalabad,Debit Card,5.0
3910,1010,2025-01-21,Electronics,Headphones,438.97,5,Faisalabad,Credit Card,1.0
3911,496,2025-10-23,Beauty,Face Wash,253.47,3,Faisalabad,Credit Card,3.0
3912,906,2025-10-19,Electronics,Smartwatch,161.34,5,Islamabad,Bank Transfer,5.0
3913,1092,2025-05-14,Fashion,Jeans,351.83,1,Islamabad,Credit Card,5.0
3914,255,2025-09-21,Beauty,Face Wash,122.21,4,Islamabad,Cash on Delivery,4.0
3915,230,2025-01-31,Fashion,Sneakers,160.82,4,Lahore,Wallet,5.0
3916,1215,2025-01-05,Home & Kitchen,Mixer Grinder,260.18,4,Multan,Wallet,5.0
3917,762,2025-10-22,Beauty,Lipstick,182.64,2,LAHORE  ,Credit Card,4.0
3918,811,2025-05-09,Beauty,Lipstick,286.93,5,Islamabad,Bank Transfer,1.0
3919,497,2025-01-31,Beauty,Face Wash,50.09,4,Faisalabad,Debit Card,4.0
3920,166,2025-02-19,Fashion,Jacket,124.31,3,Lahore,Wallet,3.0
3921,1317,2025-07-22,Beauty,Face Wash,132.48,2,Quetta,Credit Card,5.0
3922,955,2025-05-26,Books,Novel,132.53,1,Islamabad,Debit Card,2.0
3923,153,2025-03-08,Beauty,Face Wash,156.75,3,Karachi,Debit Card,4.0
3924,79,2025-06-14,Home & Kitchen,Bedsheet,449.5,2,Faisalabad,Bank Transfer,4.0
3925,1147,2025-03-11,Electronics,Headphones,351.11,1,Lahore,Debit Card,5.0
3926,354,2025-01-27,Books,Comic,210.13,3,Karachi,Cash on Delivery,4.0
3927,1109,2025-01-04,Fashion,Kurta,342.58,1,Faisalabad,Credit Card,1.0
3928,1551,2025-03-04,Fashion,Sneakers,363.29,1,Multan,Wallet,4.0
3929,304,2025-10-15,Electronics,Smartphone,332.87,2,Lahore,Credit Card,5.0
3930,1021,2025-03-20,Fashion,Kurta,245.36,3,Islamabad,Debit Card,
3931,1160,2025-03-11,Electronics,Laptop,177.75,4,Peshawar,Wallet,5.0
3932,299,2025-04-08,Books,Comic,311.96,5,Peshawar,Debit Card,2.0
3933,666,2025-06-12,Books,Comic,62.65,3,Lahore,Wallet,4.0
3934,131,2025-01-29,Fashion,Jeans,391.22,5,KARACHI  ,Debit Card,5.0
3935,190,2025-08-13,Fashion,T-Shirt,286.96,3,Lahore,Debit Card,3.0
3936,1047,2025-02-10,Fashion,Jacket,250.13,4,Faisalabad,Debit Card,4.0
3937,225,2025-10-26,Beauty,Perfume,248.3,1,Faisalabad,Credit Card,4.0
3938,17,2025-07-01,Books,Self-Help Book,250.59,4,Peshawar,Debit Card,5.0
3939,1009,2025-06-06,Electronics,Tablet,254.43,5,Islamabad,Bank Transfer,5.0
3940,1158,2025-02-04,Home & Kitchen,Mixer Grinder,342.59,3,Quetta,Credit Card,3.0
3941,1508,2025-01-18,Home & Kitchen,Mixer Grinder,378.89,1,LAHORE  ,Bank Transfer,4.0
3942,711,2025-01-18,Electronics,Smartwatch,412.31,5,Islamabad,Debit Card,
3943,151,2025-01-11,Fashion,Sneakers,136.41,2,Islamabad,Wallet,
3944,536,2025-08-19,Fashion,T-Shirt,137.67,2,Multan,Bank Transfer,5.0
3945,851,2025-03-10,Books,Novel,366.56,5,Peshawar,Debit Card,3.0
3946,256,2025-03-13,Electronics,Headphones,427.32,3,Quetta,Credit Card,
3947,1153,2025-09-16,Electronics,Tablet,386.14,4,Quetta,Cash on Delivery,3.0
3948,829,2025-07-01,Electronics,Laptop,457.71,2,Karachi,Cash on Delivery,4.0
3949,442,2025-03-30,Fashion,Sneakers,357.37,5,Multan,Credit Card,
3950,1154,2025-07-08,Home & Kitchen,Bedsheet,348.9,5,Islamabad,Debit Card,4.0
3951,1354,2025-06-18,Books,Textbook,309.16,5,KARACHI  ,Bank Transfer,4.0
3952,194,2025-01-09,Electronics,Tablet,58.81,4,Quetta,Bank Transfer,4.0
3953,1381,2025-03-29,Fashion,Sneakers,280.16,5,FAISALABAD  ,Cash on Delivery,4.0
3954,1611,2025-04-29,Fashion,T-Shirt,146.5,5,Multan,Cash on Delivery,5.0
3955,395,2025-01-26,Electronics,Headphones,144.46,2,Peshawar,Wallet,
3956,278,2025-09-16,Home & Kitchen,Cookware Set,374.6,2,Peshawar,Debit Card,3.0
3957,1580,2025-06-06,Beauty,Lipstick,416.73,4,Karachi,Debit Card,2.0
3958,1178,2025-07-10,Beauty,Perfume,313.54,2,Faisalabad,Debit Card,5.0
3959,1312,2025-03-23,Beauty,Face Wash,345.85,2,Lahore,Cash on Delivery,5.0
3960,948,2025-05-26,Electronics,Tablet,146.26,3,Quetta,Wallet,5.0
3961,1260,2025-03-14,Electronics,Tablet,456.1,5,Islamabad,Wallet,5.0
3962,1622,2025-07-12,Beauty,Perfume,306.17,5,Peshawar,Bank Transfer,5.0
3963,1181,2025-03-23,Electronics,Laptop,66.14,2,Faisalabad,Credit Card,5.0
3964,608,2025-01-24,Home & Kitchen,Cookware Set,107.72,2,Islamabad,Credit Card,
3965,993,2025-10-13,Electronics,Headphones,285.6,5,Faisalabad,Bank Transfer,4.0
3966,874,2025-05-20,Beauty,Perfume,310.11,4,Islamabad,Debit Card,4.0
3967,561,2025-04-29,Home & Kitchen,Table Lamp,315.68,2,Quetta,Debit Card,4.0
3968,207,2025-07-29,Beauty,Face Wash,231.23,4,Islamabad,Bank Transfer,4.0
3969,130,2025-05-27,Beauty,Face Wash,300.9,4,Quetta,Cash on Delivery,3.0
3970,506,2025-10-15,Home & Kitchen,Cookware Set,328.8,2,Quetta,Bank Transfer,4.0
3971,1624,2025-01-31,Fashion,Kurta,163.37,2,Peshawar,Bank Transfer,4.0
3972,1069,2025-02-21,Books,Textbook,77.04,5,FAISALABAD  ,Wallet,4.0
3973,1615,2025-02-13,Fashion,Sneakers,242.85,3,Faisalabad,Bank Transfer,4.0
3974,642,2025-08-28,Home & Kitchen,Cookware Set,85.24,4,Peshawar,Credit Card,5.0
3975,158,2025-01-25,Electronics,Tablet,305.31,2,Lahore,Credit Card,5.0
3976,75,2025-01-16,Fashion,Kurta,358.33,1,QUETTA  ,Bank Transfer,4.0
3977,952,2025-04-12,Fashion,Kurta,395.18,2,Lahore,Wallet,5.0
3978,572,2025-05-30,Home & Kitchen,Mixer Grinder,84.06,3,Multan,Debit Card,4.0
3979,155,2025-09-04,Fashion,Sneakers,53.83,1,Quetta,Cash on Delivery,
3980,467,2025-05-18,Beauty,Face Wash,381.46,4,Lahore,Debit Card,5.0
3981,752,2025-05-04,Fashion,Jacket,328.36,4,Karachi,Bank Transfer,
3982,1480,2025-09-23,Home & Kitchen,Cookware Set,49.09,1,MULTAN  ,Cash on Delivery,4.0
3983,1590,2025-03-30,Fashion,Jeans,15.86,3,Quetta,Debit Card,3.0
3984,739,2025-01-05,Books,Comic,368.59,1,Islamabad,Cash on Delivery,5.0
3985,26,2025-05-10,Home & Kitchen,Table Lamp,191.83,1,Multan,Cash on Delivery,
3986,1257,2025-01-09,Beauty,Face Wash,201.59,5,QUETTA  ,Debit Card,5.0
3987,1614,2025-10-20,Fashion,Jeans,88.8,2,Karachi,Bank Transfer,3.0
3988,48,2025-10-20,Home & Kitchen,Bedsheet,174.33,4,Peshawar,Credit Card,4.0
3989,1553,2025-07-09,Books,Textbook,291.8,4,Faisalabad,Credit Card,4.0
3990,268,2025-02-27,Electronics,Laptop,57.41,1,Islamabad,Debit Card,1.0
3991,1285,2025-08-31,Books,Novel,110.78,5,Islamabad,Debit Card,3.0
3992,539,2025-06-16,Beauty,Shampoo,73.21,3,Lahore,Cash on Delivery,5.0
3993,156,2025-09-01,Beauty,Face Wash,78.18,4,Karachi,Credit Card,5.0
3994,1521,2025-10-20,Home & Kitchen,Cookware Set,12.22,4,Lahore,Credit Card,4.0
3995,1372,2025-05-20,Fashion,T-Shirt,444.59,2,Quetta,Debit Card,4.0
3996,294,2025-02-21,Home & Kitchen,Cookware Set,68.23,3,Karachi,Bank Transfer,5.0
3997,258,2025-01-19,Home & Kitchen,Table Lamp,317.4,1,Peshawar,Credit Card,5.0
3998,362,2025-08-07,Home & Kitchen,Cookware Set,151.35,3,Karachi,Wallet,5.0
3999,321,2025-08-15,Electronics,Laptop,280.44,4,Karachi,Bank Transfer,5.0
4000,1088,2025-08-12,Electronics,Laptop,10.34,1,Karachi,Bank Transfer,4.0
4001,1078,2025-05-09,Fashion,Jeans,158.62,5,Lahore,Bank Transfer,2.0
4002,1612,2025-07-05,Electronics,Headphones,300.97,1,PESHAWAR  ,Wallet,4.0
4003,14,2025-09-01,Electronics,Smartphone,10.14,4,Lahore,Debit Card,4.0
4004,436,2025-03-24,Beauty,Shampoo,420.12,4,Lahore,Debit Card,2.0
4005,628,2025-04-24,Home & Kitchen,Bedsheet,41.71,1,Lahore,Wallet,
4006,1073,2025-09-06,Beauty,Perfume,413.59,3,Quetta,Debit Card,4.0
4007,299,2025-06-06,Beauty,Perfume,111.32,5,Peshawar,Debit Card,4.0
4008,1052,2025-02-22,Books,Novel,445.41,2,Faisalabad,Debit Card,4.0
4009,1373,2025-06-14,Books,Novel,485.85,1,Quetta,Wallet,5.0
4010,482,2025-08-03,Fashion,Jacket,313.98,5,Faisalabad,Credit Card,3.0
4011,592,2025-09-15,Electronics,Laptop,247.32,4,Karachi,Debit Card,5.0
4012,1395,2025-07-08,Books,Textbook,164.66,1,,Wallet,4.0
4013,967,2025-07-29,Fashion,Kurta,355.52,5,Karachi,Credit Card,5.0
4014,1102,2025-01-11,Books,Textbook,120.63,5,Faisalabad,Bank Transfer,4.0
4015,1232,2025-03-02,Fashion,Sneakers,157.77,2,Lahore,Debit Card,1.0
4016,722,2025-08-13,Books,Textbook,305.22,4,MULTAN  ,Wallet,2.0
4017,791,2025-08-19,Books,Self-Help Book,271.99,2,Peshawar,Credit Card,4.0
4018,1600,2025-06-21,Beauty,Shampoo,97.37,2,Karachi,Debit Card,5.0
4019,54,2025-10-25,Beauty,Lipstick,182.19,1,PESHAWAR  ,Credit Card,4.0
4020,841,2025-10-06,Beauty,Shampoo,371.04,1,Multan,Bank Transfer,4.0
4021,127,2025-02-05,Electronics,Smartwatch,328.75,4,Islamabad,Credit Card,4.0
4022,19,2025-09-20,Beauty,Lipstick,257.68,2,Faisalabad,Cash on Delivery,5.0
4023,1604,2025-10-05,Beauty,Face Wash,301.45,2,Multan,Wallet,4.0
4024,98,2025-08-15,Electronics,Headphones,169.6,1,Karachi,Cash on Delivery,5.0
4025,1262,2025-06-06,Beauty,Perfume,181.19,4,Peshawar,Wallet,5.0
4026,50,2025-01-31,Books,Self-Help Book,53.96,5,Quetta,Debit Card,4.0
4027,1633,2025-05-17,Beauty,Lipstick,477.79,3,Peshawar,Cash on Delivery,2.0
4028,1306,2025-08-02,Home & Kitchen,Cookware Set,283.85,5,Quetta,Wallet,5.0
4029,233,2025-05-15,Fashion,Jeans,122.73,2,Faisalabad,Debit Card,
4030,140,2025-07-21,Fashion,T-Shirt,323.13,5,Multan,Credit Card,5.0
4031,1348,2025-06-13,Fashion,Jeans,413.85,5,Peshawar,Bank Transfer,5.0
4032,1404,2025-05-13,Electronics,Tablet,197.73,5,Lahore,Debit Card,4.0
4033,650,2025-04-22,Fashion,Sneakers,425.98,3,Peshawar,Wallet,4.0
4034,842,2025-10-12,Electronics,Tablet,115.8,2,Islamabad,Wallet,4.0
4035,425,2025-09-10,Beauty,Shampoo,248.31,1,Faisalabad,Debit Card,3.0
4036,1241,2025-01-29,Beauty,Shampoo,130.3,3,ISLAMABAD  ,Credit Card,3.0
4037,222,2025-08-28,Fashion,Kurta,222.62,1,Peshawar,Debit Card,5.0
4038,1456,2025-05-25,Beauty,Shampoo,38.56,1,PESHAWAR  ,Wallet,5.0
4039,384,2025-09-03,Books,Self-Help Book,120.17,5,FAISALABAD  ,Credit Card,5.0
4040,1229,2025-06-08,Electronics,Smartwatch,,-1,,,4.0
4041,649,2025-10-24,Home & Kitchen,Table Lamp,401.81,5,Peshawar,Debit Card,4.0
4042,220,2025-04-06,Electronics,Smartwatch,190.14,4,Peshawar,Wallet,5.0
4043,1224,2025-10-09,Books,Self-Help Book,389.08,1,FAISALABAD  ,Credit Card,4.0
4044,854,2025-02-07,Beauty,Lipstick,473.69,2,Islamabad,Cash on Delivery,4.0
4045,90,2025-04-15,Books,Self-Help Book,87.65,4,Quetta,Cash on Delivery,5.0
4046,586,2025-03-03,Fashion,T-Shirt,62.37,2,Karachi,Credit Card,5.0
4047,1232,2025-04-10,Fashion,Sneakers,405.37,4,Quetta,Wallet,2.0
4048,1132,2025-03-27,Home & Kitchen,Mixer Grinder,56.26,2,Quetta,Wallet,2.0
4049,380,2025-09-18,Beauty,Shampoo,474.25,1,Quetta,Bank Transfer,
4050,637,2025-04-10,Fashion,Jeans,416.38,3,Multan,Wallet,2.0
4051,496,2025-05-05,Books,Self-Help Book,362.19,3,FAISALABAD  ,Bank Transfer,
4052,1264,2025-05-23,Beauty,Face Wash,310.12,5,Lahore,Bank Transfer,4.0
4053,187,2025-08-08,Books,Textbook,233.35,3,Faisalabad,Wallet,5.0
4054,1302,2025-02-10,Home & Kitchen,Table Lamp,120.05,5,Karachi,Debit Card,5.0
4055,539,2025-06-30,Books,Self-Help Book,323.93,1,Karachi,Bank Transfer,3.0
4056,500,2025-06-30,Books,Comic,324.55,1,Multan,Debit Card,5.0
4057,1648,2025-06-24,Beauty,Lipstick,51.55,2,Multan,Bank Transfer,3.0
4058,269,2025-03-05,Home & Kitchen,Bedsheet,20.74,4,Quetta,Cash on Delivery,5.0
4059,238,2025-01-10,Beauty,Perfume,84.17,4,Faisalabad,Cash on Delivery,4.0
4060,723,2025-02-19,Home & Kitchen,Cookware Set,402.01,4,Multan,Credit Card,4.0
4061,673,2025-02-24,Home & Kitchen,Mixer Grinder,475.21,5,Multan,Credit Card,4.0
4062,622,2025-06-13,Electronics,Smartwatch,314.26,5,Quetta,Credit Card,4.0
4063,600,2025-04-10,Home & Kitchen,Cookware Set,267.73,5,Karachi,Wallet,5.0
4064,68,2025-07-08,Home & Kitchen,Table Lamp,459.46,5,FAISALABAD  ,Cash on Delivery,3.0
4065,1555,2025-06-01,Fashion,Jacket,55.06,1,Karachi,Wallet,4.0
4066,706,2025-01-02,Electronics,Smartwatch,95.29,2,Multan,Bank Transfer,5.0
4067,1250,2025-10-13,Home & Kitchen,Mixer Grinder,252.9,5,Quetta,Wallet,3.0
4068,590,2025-07-03,Beauty,Perfume,166.12,4,Multan,Credit Card,4.0
4069,263,2025-03-09,Beauty,Shampoo,339.37,1,Quetta,Wallet,5.0
4070,24,2025-01-24,Home & Kitchen,Cookware Set,218.43,4,Quetta,Wallet,5.0
4071,1324,2025-08-23,Home & Kitchen,Cookware Set,279.32,4,Quetta,Bank Transfer,4.0
4072,1364,2025-07-20,Home & Kitchen,Table Lamp,185.1,5,Quetta,Cash on Delivery,2.0
4073,633,2025-01-21,Beauty,Perfume,343.36,5,Lahore,Debit Card,1.0
4074,1122,2025-09-30,Books,Novel,404.43,3,Karachi,Bank Transfer,4.0
4075,111,2025-02-28,Home & Kitchen,Table Lamp,391.12,3,Peshawar,Cash on Delivery,3.0
4076,930,2025-01-31,Fashion,Jeans,281.1,3,Quetta,Bank Transfer,5.0
4077,1047,2025-04-17,Beauty,Shampoo,100.18,2,Karachi,Debit Card,4.0
4078,1457,2025-03-24,Books,Comic,383.13,3,Multan,Credit Card,4.0
4079,1468,2025-08-22,Books,Novel,226.07,5,Lahore,Cash on Delivery,4.0
4080,1043,2025-05-11,Home & Kitchen,Bedsheet,284.74,3,Quetta,Wallet,4.0
4081,943,2025-04-10,Electronics,Smartwatch,419.65,3,Islamabad,Bank Transfer,4.0
4082,1045,2025-08-31,Fashion,Sneakers,424.58,5,Lahore,Wallet,4.0
4083,1324,2025-09-05,Home & Kitchen,Cookware Set,358.99,4,Karachi,Credit Card,5.0
4084,319,2025-03-19,Home & Kitchen,Table Lamp,177.02,5,Karachi,Credit Card,2.0
4085,83,2025-01-06,Beauty,Perfume,195.23,5,Karachi,Credit Card,4.0
4086,451,2025-08-02,Electronics,Headphones,214.29,1,Quetta,Wallet,1.0
4087,507,2025-07-31,Books,Novel,453.97,5,Karachi,Debit Card,4.0
4088,1597,2025-01-21,Books,Self-Help Book,194.31,2,Faisalabad,Wallet,4.0
4089,1479,2025-10-04,Home & Kitchen,Table Lamp,65.09,1,Multan,Bank Transfer,5.0
4090,955,2025-01-08,Beauty,Face Wash,254.14,3,Peshawar,Debit Card,1.0
4091,1146,2025-08-27,Fashion,T-Shirt,144.57,3,Peshawar,Wallet,5.0
4092,155,2025-10-06,Beauty,Shampoo,198.94,5,Lahore,Bank Transfer,5.0
4093,577,2025-06-27,Beauty,Face Wash,202.11,5,Karachi,Debit Card,2.0
4094,873,2025-04-19,Beauty,Lipstick,145.32,3,Karachi,Credit Card,5.0
4095,1286,2025-04-15,Fashion,Jeans,180.21,3,Lahore,Bank Transfer,3.0
4096,644,2025-05-07,Fashion,Jacket,264.31,5,Faisalabad,Debit Card,5.0
4097,135,2025-09-17,Electronics,Smartwatch,141.06,3,,Debit Card,4.0
4098,1133,2025-05-26,Home & Kitchen,Bedsheet,210.88,3,Peshawar,Wallet,5.0
4099,1510,2025-04-13,Beauty,Face Wash,6.54,4,Multan,Credit Card,5.0
4100,1073,2025-06-02,Home & Kitchen,Mixer Grinder,482.83,3,Islamabad,Cash on Delivery,4.0
4101,1607,2025-08-08,Electronics,Smartwatch,232.91,5,Quetta,Debit Card,4.0
4102,1346,2025-09-22,Fashion,T-Shirt,226.79,4,Peshawar,Bank Transfer,4.0
4103,173,2025-08-14,Home & Kitchen,Table Lamp,467.05,3,Peshawar,Credit Card,5.0
4104,598,2025-08-26,Books,Self-Help Book,255.72,1,Faisalabad,Wallet,3.0
4105,815,2025-06-10,Electronics,Smartwatch,96.76,3,Peshawar,Bank Transfer,4.0
4106,209,2025-01-31,Electronics,Headphones,337.14,2,FAISALABAD  ,Debit Card,5.0
4107,1511,2025-07-23,Electronics,Smartwatch,224.65,1,Islamabad,Credit Card,5.0
4108,620,2025-08-15,Books,Comic,465.44,4,Lahore,Bank Transfer,3.0
4109,531,2025-08-30,Books,Self-Help Book,409.36,1,Peshawar,Bank Transfer,3.0
4110,409,2025-01-26,Books,Textbook,38.68,5,Peshawar,Bank Transfer,5.0
4111,841,2025-06-19,Home & Kitchen,Table Lamp,225.83,3,Lahore,Bank Transfer,
4112,203,2025-09-02,Books,Textbook,278.28,4,Islamabad,Bank Transfer,3.0
4113,1031,2025-05-25,Electronics,Headphones,472.61,4,Islamabad,Cash on Delivery,5.0
4114,342,2025-02-18,Beauty,Face Wash,445.32,3,Islamabad,Debit Card,2.0
4115,1473,2025-01-18,Home & Kitchen,Mixer Grinder,291.1,2,Lahore,Credit Card,5.0
4116,908,2025-10-09,Beauty,Face Wash,125.8,3,Faisalabad,Wallet,5.0
4117,1308,2025-03-30,Fashion,Kurta,216.61,1,Islamabad,Wallet,4.0
4118,600,2025-01-17,Fashion,Jeans,306.12,3,Faisalabad,Bank Transfer,4.0
4119,1337,2025-04-22,Home & Kitchen,Mixer Grinder,328.68,2,Quetta,Debit Card,1.0
4120,799,2025-10-27,Fashion,Jacket,429.49,5,Quetta,Debit Card,2.0
4121,1610,2025-04-19,Books,Self-Help Book,289.64,3,Karachi,Cash on Delivery,5.0
4122,1532,2025-05-02,Books,Self-Help Book,306.54,1,Lahore,Wallet,4.0
4123,1613,2025-06-04,Fashion,T-Shirt,283.45,4,Faisalabad,Cash on Delivery,5.0
4124,1657,2025-07-13,Home & Kitchen,Cookware Set,276.12,3,Lahore,Wallet,5.0
4125,1114,2025-05-13,Home & Kitchen,Mixer Grinder,273.65,4,Faisalabad,Credit Card,3.0
4126,492,2025-08-27,Books,Comic,207.86,1,Quetta,Cash on Delivery,
4127,582,2025-08-07,Fashion,T-Shirt,485.35,1,Quetta,Wallet,3.0
4128,1042,2025-02-17,Home & Kitchen,Table Lamp,414.33,5,Multan,Credit Card,4.0
4129,980,2025-09-02,Electronics,Smartwatch,202.32,3,Islamabad,Bank Transfer,5.0
4130,319,2025-01-20,Electronics,Tablet,133.06,1,Lahore,Bank Transfer,4.0
4131,767,2025-02-03,Fashion,Kurta,445.17,2,PESHAWAR  ,Credit Card,
4132,934,2025-07-30,Home & Kitchen,Table Lamp,332.24,3,Karachi,Bank Transfer,5.0
4133,1172,2025-08-15,Home & Kitchen,Bedsheet,494.92,3,Karachi,Credit Card,
4134,250,2025-08-19,Fashion,T-Shirt,439.55,3,Peshawar,Debit Card,1.0
4135,488,2025-01-26,Beauty,Face Wash,181.84,1,Quetta,Credit Card,5.0
4136,1195,2025-06-04,Beauty,Lipstick,352.17,1,Faisalabad,Debit Card,3.0
4137,310,2025-03-06,Fashion,T-Shirt,147.24,2,Faisalabad,Bank Transfer,4.0
4138,1183,2025-01-01,Fashion,T-Shirt,69.39,5,Quetta,Wallet,3.0
4139,1499,2025-05-28,Beauty,Face Wash,64.41,3,Lahore,Wallet,3.0
4140,486,2025-04-07,Books,Comic,398.88,5,Karachi,Bank Transfer,5.0
4141,723,2025-05-05,Beauty,Shampoo,68.57,5,Quetta,Cash on Delivery,4.0
4142,536,2025-02-15,Electronics,Headphones,96.01,4,Peshawar,Wallet,3.0
4143,130,2025-04-23,Home & Kitchen,Bedsheet,5.17,2,Lahore,Wallet,5.0
4144,700,2025-03-26,Fashion,T-Shirt,372.78,4,Lahore,Wallet,3.0
4145,152,2025-01-27,Beauty,Face Wash,384.97,5,Quetta,Cash on Delivery,4.0
4146,1353,2025-03-25,Electronics,Laptop,60.72,1,QUETTA  ,Wallet,4.0
4147,409,2025-07-25,Fashion,Kurta,26.15,4,Faisalabad,Bank Transfer,3.0
4148,388,2025-01-08,Electronics,Headphones,140.02,4,Lahore,Bank Transfer,5.0
4149,121,2025-08-22,Electronics,Smartwatch,86.69,4,Lahore,Debit Card,2.0
4150,659,2025-02-07,Electronics,Headphones,398.77,3,Peshawar,Credit Card,5.0
4151,946,2025-09-26,Electronics,Smartphone,490.35,4,Multan,Credit Card,4.0
4152,381,2025-02-05,Electronics,Tablet,43.52,3,Multan,Wallet,5.0
4153,1403,2025-08-15,Fashion,T-Shirt,324.88,1,Faisalabad,Credit Card,5.0
4154,15,2025-03-25,Books,Novel,11.47,4,Quetta,Cash on Delivery,5.0
4155,1298,2025-04-02,Electronics,Headphones,309.11,2,Lahore,Wallet,4.0
4156,1499,2025-04-30,Home & Kitchen,Cookware Set,278.6,4,Islamabad,Bank Transfer,4.0
4157,772,2025-06-21,Home & Kitchen,Table Lamp,284.49,2,Karachi,Wallet,4.0
4158,1543,2025-08-04,Books,Comic,273.33,2,Karachi,Cash on Delivery,5.0
4159,761,2025-05-29,Home & Kitchen,Mixer Grinder,288.58,3,Lahore,Wallet,4.0
4160,1251,2025-08-11,Fashion,Sneakers,182.8,4,MULTAN  ,Wallet,5.0
4161,450,2025-01-29,Beauty,Shampoo,495.25,2,Faisalabad,Wallet,3.0
4162,1290,2025-01-26,Home & Kitchen,Cookware Set,345.74,4,Multan,Wallet,5.0
4163,906,2025-07-10,Fashion,Kurta,8.95,3,Quetta,Cash on Delivery,4.0
4164,369,2025-03-21,Home & Kitchen,Mixer Grinder,227.78,4,Quetta,Bank Transfer,4.0
4165,1079,2025-05-01,Books,Novel,449.94,5,Peshawar,Cash on Delivery,3.0
4166,450,2025-03-19,Beauty,Lipstick,324.14,1,Quetta,Cash on Delivery,5.0
4167,320,2025-10-08,Beauty,Face Wash,372.24,5,Lahore,Wallet,
4168,759,2025-05-01,Electronics,Laptop,161.46,3,Multan,Bank Transfer,4.0
4169,786,2025-10-12,Fashion,Sneakers,239.18,3,,Cash on Delivery,5.0
4170,62,2025-07-16,Electronics,Smartphone,229.19,3,Islamabad,Wallet,5.0
4171,919,2025-10-06,Fashion,Kurta,146.82,3,Faisalabad,Cash on Delivery,4.0
4172,1093,2025-03-22,Books,Self-Help Book,121.13,5,Quetta,Wallet,2.0
4173,146,2025-02-18,Fashion,Jacket,15.66,4,Quetta,Bank Transfer,5.0
4174,679,2025-04-06,Home & Kitchen,Bedsheet,465.99,2,Quetta,Debit Card,4.0
4175,1319,2025-01-18,Fashion,Kurta,278.67,4,Quetta,Bank Transfer,1.0
4176,1580,2025-01-07,Fashion,Jeans,142.56,1,Multan,Cash on Delivery,5.0
4177,809,2025-08-30,Fashion,T-Shirt,60.76,2,Karachi,Debit Card,3.0
4178,759,2025-09-18,Beauty,Shampoo,258.84,4,Islamabad,Bank Transfer,4.0
4179,539,2025-07-24,Beauty,Lipstick,363.85,2,Quetta,Credit Card,3.0
4180,417,2025-09-17,Electronics,Headphones,217.27,5,Peshawar,Wallet,4.0
4181,923,2025-04-20,Home & Kitchen,Cookware Set,260.24,2,Lahore,Bank Transfer,3.0
4182,584,2025-06-28,Home & Kitchen,Table Lamp,79.39,1,Faisalabad,Wallet,1.0
4183,1468,2025-05-03,Beauty,Face Wash,397.75,1,Faisalabad,Wallet,
4184,1327,2025-03-06,Electronics,Headphones,258.81,5,Islamabad,Cash on Delivery,4.0
4185,1553,2025-02-06,Books,Textbook,43.79,1,Faisalabad,Bank Transfer,
4186,909,2025-02-18,Home & Kitchen,Mixer Grinder,241.35,3,Lahore,Cash on Delivery,5.0
4187,139,2025-10-02,Beauty,Face Wash,385.94,4,MULTAN  ,Credit Card,4.0
4188,425,2025-04-21,Fashion,T-Shirt,429.57,3,Islamabad,Cash on Delivery,5.0
4189,987,2025-07-10,Fashion,Jeans,206.51,4,Quetta,Cash on Delivery,5.0
4190,916,2025-08-26,Electronics,Smartphone,54.73,4,Faisalabad,Credit Card,
4191,654,2025-09-12,Fashion,Sneakers,187.93,3,FAISALABAD  ,Bank Transfer,
4192,425,2025-06-24,Home & Kitchen,Cookware Set,494.26,5,FAISALABAD  ,Credit Card,5.0
4193,644,2025-10-10,Books,Novel,185.67,4,Multan,Debit Card,3.0
4194,687,2025-01-20,Books,Textbook,312.36,1,Peshawar,Wallet,5.0
4195,1364,2025-08-21,Fashion,T-Shirt,425.49,4,FAISALABAD  ,Credit Card,4.0
4196,736,2025-01-10,Fashion,T-Shirt,106.18,3,Karachi,Cash on Delivery,5.0
4197,1365,2025-05-16,Beauty,Lipstick,426.43,2,Lahore,Debit Card,5.0
4198,860,2025-07-29,Electronics,Smartwatch,363.54,4,Islamabad,Credit Card,4.0
4199,1541,2025-02-06,Books,Textbook,436.59,5,Multan,Wallet,5.0
4200,179,2025-10-17,Books,Comic,182.83,3,Multan,Credit Card,5.0
4201,1285,2025-05-28,Books,Textbook,144.91,2,Quetta,Debit Card,4.0
4202,715,2025-10-23,Fashion,Jeans,207.29,5,MULTAN  ,Bank Transfer,
4203,1324,2025-09-20,Fashion,T-Shirt,286.24,5,Faisalabad,Wallet,1.0
4204,1386,2025-05-14,Fashion,Sneakers,192.43,5,Faisalabad,Cash on Delivery,5.0
4205,1558,2025-01-24,Fashion,T-Shirt,135.55,3,Quetta,Credit Card,2.0
4206,171,2025-06-02,Fashion,Kurta,174.92,3,Peshawar,Credit Card,4.0
4207,486,2025-02-23,Home & Kitchen,Bedsheet,293.68,2,Multan,Cash on Delivery,
4208,554,2025-07-27,Beauty,Face Wash,346.74,1,Lahore,Credit Card,4.0
4209,473,2025-09-01,Home & Kitchen,Cookware Set,228.89,2,Peshawar,Debit Card,4.0
4210,630,2025-08-30,Books,Comic,260.36,5,Quetta,Cash on Delivery,5.0
4211,30,2025-02-26,Electronics,Tablet,249.71,4,Karachi,Credit Card,5.0
4212,636,2025-01-12,Books,Novel,100.42,1,Islamabad,Credit Card,5.0
4213,1518,2025-04-08,Books,Novel,121.72,3,Quetta,Debit Card,5.0
4214,968,2025-01-16,Beauty,Lipstick,175.47,2,LAHORE  ,Debit Card,
4215,971,2025-09-19,Beauty,Shampoo,335.61,1,Faisalabad,Cash on Delivery,
4216,1365,2025-02-13,Electronics,Headphones,197.5,2,ISLAMABAD  ,Bank Transfer,1.0
4217,581,2025-02-13,Home & Kitchen,Table Lamp,324.09,1,Quetta,Bank Transfer,4.0
4218,1317,2025-02-09,Books,Novel,393.18,3,PESHAWAR  ,Bank Transfer,5.0
4219,1118,2025-02-24,Electronics,Headphones,376.73,4,Lahore,Cash on Delivery,5.0
4220,1025,2025-04-01,Beauty,Face Wash,168.74,4,Peshawar,Debit Card,5.0
4221,640,2025-09-05,Fashion,Kurta,30.55,1,Peshawar,Credit Card,4.0
4222,1470,2025-06-28,Beauty,Face Wash,239.63,3,Multan,Debit Card,5.0
4223,808,2025-08-29,Home & Kitchen,Mixer Grinder,370.54,2,Quetta,Cash on Delivery,1.0
4224,131,2025-08-29,Beauty,Face Wash,452.23,3,Quetta,Bank Transfer,1.0
4225,621,2025-10-26,Home & Kitchen,Cookware Set,430.86,2,Quetta,Wallet,
4226,1186,2025-03-30,Electronics,Laptop,191.67,1,Lahore,Bank Transfer,4.0
4227,1188,2025-01-21,Electronics,Smartwatch,142.47,5,Karachi,Credit Card,4.0
4228,823,2025-02-22,Beauty,Lipstick,112.65,1,Karachi,Cash on Delivery,5.0
4229,1540,2025-09-04,Beauty,Lipstick,451.82,4,Islamabad,Debit Card,5.0
4230,925,2025-08-12,Beauty,Shampoo,186.7,1,ISLAMABAD  ,Debit Card,4.0
4231,1298,2025-02-03,Home & Kitchen,Table Lamp,457.74,1,FAISALABAD  ,Bank Transfer,3.0
4232,1238,2025-08-28,Electronics,Tablet,13.67,5,Peshawar,Wallet,1.0
4233,1535,2025-08-03,Electronics,Smartphone,56.67,4,Faisalabad,Bank Transfer,3.0
4234,97,2025-06-17,Electronics,Headphones,388.23,2,Faisalabad,Wallet,4.0
4235,162,2025-10-09,Electronics,Smartphone,416.84,3,Peshawar,Debit Card,4.0
4236,736,2025-03-25,Books,Comic,131.16,5,Multan,Debit Card,5.0
4237,1236,2025-02-21,Home & Kitchen,Bedsheet,43.03,2,Lahore,Cash on Delivery,4.0
4238,607,2025-07-26,Home & Kitchen,Bedsheet,91.95,3,,Wallet,4.0
4239,153,2025-10-11,Beauty,Face Wash,325.98,5,Karachi,Credit Card,5.0
4240,680,2025-08-17,Home & Kitchen,Cookware Set,38.57,2,Quetta,Credit Card,4.0
4241,360,2025-07-25,Electronics,Laptop,476.13,5,Peshawar,Cash on Delivery,
4242,1413,2025-05-22,Beauty,Perfume,392.99,1,Peshawar,Debit Card,5.0
4243,1094,2025-08-22,Electronics,Smartwatch,63.02,2,Multan,Cash on Delivery,
4244,147,2025-01-30,Home & Kitchen,Cookware Set,499.75,3,ISLAMABAD  ,Cash on Delivery,1.0
4245,347,2025-03-21,Home & Kitchen,Table Lamp,96.01,5,Islamabad,Bank Transfer,4.0
4246,933,2025-05-28,Books,Self-Help Book,426.47,4,Peshawar,Credit Card,
4247,943,2025-07-18,Books,Novel,341.7,3,Karachi,Cash on Delivery,5.0
4248,248,2025-01-31,Books,Textbook,49.83,1,Karachi,Bank Transfer,5.0
4249,1349,2025-08-24,Books,Self-Help Book,166.8,4,Quetta,Cash on Delivery,1.0
4250,1407,2025-06-15,Books,Textbook,472.26,3,KARACHI  ,Bank Transfer,4.0
4251,45,2025-02-21,Beauty,Shampoo,413.65,3,Lahore,Credit Card,4.0
4252,614,2025-06-16,Electronics,Smartphone,360.81,1,Lahore,Debit Card,4.0
4253,775,2025-04-09,Home & Kitchen,Mixer Grinder,314.53,1,Lahore,Cash on Delivery,4.0
4254,657,2025-06-29,Electronics,Tablet,141.34,3,Quetta,Bank Transfer,5.0
4255,1198,2025-07-02,Fashion,T-Shirt,485.75,2,,Cash on Delivery,2.0
4256,842,2025-06-20,Beauty,Face Wash,401.02,5,Lahore,Bank Transfer,5.0
4257,1357,2025-04-30,Home & Kitchen,Cookware Set,293.11,5,Karachi,Credit Card,5.0
4258,627,2025-08-03,Home & Kitchen,Mixer Grinder,254.68,2,Lahore,Wallet,5.0
4259,326,2025-02-28,Books,Textbook,409.65,4,Peshawar,Cash on Delivery,5.0
4260,1385,2025-06-06,Home & Kitchen,Bedsheet,69.38,1,Lahore,Debit Card,2.0
4261,313,2025-06-29,Beauty,Face Wash,203.57,1,Peshawar,Bank Transfer,5.0
4262,215,2025-06-05,Books,Self-Help Book,416.11,4,Karachi,Bank Transfer,
4263,300,2025-03-25,Fashion,Sneakers,494.08,4,Karachi,Credit Card,
4264,664,2025-05-16,Books,Self-Help Book,436.77,4,Multan,Debit Card,3.0
4265,264,2025-02-23,Books,Textbook,310.6,2,Faisalabad,Cash on Delivery,5.0
4266,1061,2025-03-16,Home & Kitchen,Cookware Set,341.16,1,Lahore,Cash on Delivery,3.0
4267,143,2025-05-25,Electronics,Headphones,212.46,5,Lahore,Bank Transfer,
4268,560,2025-09-05,Home & Kitchen,Cookware Set,384.17,4,Multan,Credit Card,3.0
4269,517,2025-07-30,Books,Self-Help Book,470.38,5,Lahore,Debit Card,2.0
4270,693,2025-05-13,Books,Comic,433.64,1,Multan,Debit Card,2.0
4271,1409,2025-09-25,Fashion,Jeans,394.82,2,Peshawar,Wallet,4.0
4272,210,2025-07-17,Beauty,Shampoo,177.96,2,Karachi,Wallet,4.0
4273,23,2025-03-23,Books,Self-Help Book,268.02,1,Faisalabad,Wallet,5.0
4274,745,2025-09-03,Fashion,Sneakers,82.75,2,Islamabad,Bank Transfer,5.0
4275,1458,2025-10-14,Beauty,Shampoo,156.25,4,Karachi,Wallet,3.0
4276,561,2025-06-16,Books,Novel,174.96,4,Quetta,Credit Card,5.0
4277,354,2025-02-16,Beauty,Shampoo,184.58,4,Karachi,Bank Transfer,5.0
4278,316,2025-08-26,Books,Novel,291.86,3,Multan,Debit Card,4.0
4279,1159,2025-10-19,Books,Comic,228.69,1,Multan,Cash on Delivery,5.0
4280,1208,2025-08-18,Fashion,Jeans,286.91,1,Karachi,Credit Card,5.0
4281,836,2025-03-28,Beauty,Perfume,310.45,2,Karachi,Cash on Delivery,4.0
4282,1047,2025-10-01,Home & Kitchen,Table Lamp,165.27,1,Karachi,Debit Card,2.0
4283,1224,2025-05-01,Electronics,Laptop,68.3,2,Quetta,Bank Transfer,4.0
4284,306,2025-10-22,Books,Self-Help Book,247.67,4,Quetta,Credit Card,
4285,1411,2025-01-27,Fashion,Jacket,423.37,3,Islamabad,Wallet,5.0
4286,646,2025-01-19,Books,Self-Help Book,283.62,3,Karachi,Cash on Delivery,4.0
4287,48,2025-06-27,Home & Kitchen,Mixer Grinder,73.53,4,Karachi,Debit Card,4.0
4288,504,2025-05-15,Fashion,Jeans,332.78,2,Islamabad,Cash on Delivery,4.0
4289,755,2025-10-10,Books,Comic,14.17,4,Karachi,Wallet,4.0
4290,688,2025-08-03,Books,Textbook,9.75,1,Quetta,Credit Card,3.0
4291,37,2025-08-12,Beauty,Lipstick,423.44,4,Peshawar,Credit Card,3.0
4292,1461,2025-09-22,Home & Kitchen,Table Lamp,459.32,3,Karachi,Cash on Delivery,5.0
4293,1273,2025-05-20,Books,Novel,160.79,5,Quetta,Debit Card,4.0
4294,1470,2025-04-16,Fashion,T-Shirt,127.65,1,Faisalabad,Debit Card,2.0
4295,1402,2025-08-17,Electronics,Smartphone,350.16,1,Peshawar,Credit Card,2.0
4296,358,2025-03-05,Beauty,Face Wash,468.74,2,Karachi,Wallet,4.0
4297,514,2025-05-01,Fashion,Jeans,158.07,1,Peshawar,Credit Card,4.0
4298,803,2025-02-21,Electronics,Laptop,486.98,3,Multan,Wallet,2.0
4299,270,2025-10-09,Home & Kitchen,Cookware Set,245.19,5,Peshawar,Bank Transfer,5.0
4300,951,2025-09-13,Electronics,Tablet,243.5,2,Peshawar,Bank Transfer,3.0
4301,760,2025-06-13,Electronics,Headphones,191.61,4,Multan,Credit Card,5.0
4302,1325,2025-01-21,Books,Textbook,421.37,2,Islamabad,Credit Card,4.0
4303,557,2025-06-26,Fashion,Jacket,,-1,,,3.0
4304,499,2025-05-18,Books,Novel,50.97,4,Lahore,Credit Card,5.0
4305,944,2025-06-29,Fashion,Sneakers,354.7,2,Peshawar,Bank Transfer,5.0
4306,361,2025-02-24,Electronics,Headphones,5.79,3,Peshawar,Credit Card,5.0
4307,103,2025-02-02,Fashion,Kurta,46.93,5,Faisalabad,Bank Transfer,1.0
4308,1176,2025-07-16,Fashion,Kurta,468.05,4,Quetta,Credit Card,5.0
4309,878,2025-04-17,Home & Kitchen,Mixer Grinder,41.19,3,Lahore,Bank Transfer,
4310,1409,2025-05-29,Fashion,T-Shirt,339.74,3,Karachi,Cash on Delivery,1.0
4311,553,2025-09-12,Electronics,Smartphone,177.44,4,Lahore,Bank Transfer,4.0
4312,718,2025-03-14,Books,Textbook,461.24,3,Faisalabad,Wallet,5.0
4313,1074,2025-06-04,Home & Kitchen,Mixer Grinder,392.96,3,Peshawar,Debit Card,5.0
4314,371,2025-07-19,Books,Textbook,151.49,1,Lahore,Cash on Delivery,5.0
4315,1244,2025-02-28,Fashion,Sneakers,33.24,5,Lahore,Credit Card,3.0
4316,777,2025-09-28,Electronics,Smartphone,334.77,5,Faisalabad,Credit Card,4.0
4317,198,2025-08-15,Fashion,T-Shirt,50.6,1,Peshawar,Wallet,4.0
4318,1476,2025-03-19,Books,Novel,358.14,2,Lahore,Bank Transfer,5.0
4319,1108,2025-01-28,Beauty,Face Wash,223.94,5,Multan,Bank Transfer,5.0
4320,1653,2025-04-19,Beauty,Perfume,179.48,3,Quetta,Wallet,4.0
4321,852,2025-03-12,Fashion,Jacket,141.55,3,Faisalabad,Debit Card,2.0
4322,291,2025-01-09,Books,Novel,339.35,3,Multan,Wallet,1.0
4323,742,2025-04-13,Electronics,Smartwatch,354.93,4,LAHORE  ,Debit Card,5.0
4324,309,2025-05-04,Home & Kitchen,Mixer Grinder,253.07,2,Peshawar,Wallet,2.0
4325,1317,2025-03-07,Fashion,Jacket,401.63,4,MULTAN  ,Debit Card,5.0
4326,322,2025-06-26,Electronics,Smartwatch,146.19,4,Multan,Debit Card,5.0
4327,878,2025-02-28,Home & Kitchen,Bedsheet,392.5,1,Quetta,Debit Card,5.0
4328,1178,2025-04-28,Books,Self-Help Book,153.59,2,Peshawar,Wallet,5.0
4329,1075,2025-07-18,Electronics,Laptop,455.38,2,Karachi,Credit Card,1.0
4330,1456,2025-09-22,Beauty,Perfume,470.5,1,Quetta,Cash on Delivery,5.0
4331,1481,2025-05-04,Beauty,Face Wash,336.25,3,Lahore,Wallet,5.0
4332,1391,2025-02-05,Electronics,Smartphone,410.16,2,Faisalabad,Bank Transfer,5.0
4333,1082,2025-01-25,Home & Kitchen,Bedsheet,218.61,4,Peshawar,Cash on Delivery,4.0
4334,1121,2025-09-15,Books,Self-Help Book,418.07,3,Peshawar,Bank Transfer,4.0
4335,835,2025-07-10,Home & Kitchen,Bedsheet,27.08,1,Quetta,Cash on Delivery,3.0
4336,593,2025-01-09,Fashion,Jeans,442.5,4,Karachi,Wallet,5.0
4337,748,2025-10-09,Fashion,Jeans,437.4,5,Faisalabad,Wallet,4.0
4338,401,2025-01-07,Books,Comic,399.66,1,Karachi,Bank Transfer,1.0
4339,6,2025-02-25,Beauty,Perfume,113.05,2,Quetta,Debit Card,4.0
4340,258,2025-05-19,Electronics,Laptop,184.85,2,Lahore,Wallet,4.0
4341,461,2025-06-24,Electronics,Smartwatch,66.35,3,Quetta,Cash on Delivery,5.0
4342,496,2025-09-30,Electronics,Laptop,233.02,1,Peshawar,Bank Transfer,4.0
4343,1022,2025-06-09,Beauty,Face Wash,169.74,2,ISLAMABAD  ,Bank Transfer,
4344,431,2025-06-16,Beauty,Perfume,187.28,1,Islamabad,Bank Transfer,4.0
4345,962,2025-02-12,Home & Kitchen,Cookware Set,468.26,4,Karachi,Wallet,4.0
4346,744,2025-06-09,Home & Kitchen,Cookware Set,445.17,5,Karachi,Wallet,
4347,1420,2025-06-16,Home & Kitchen,Cookware Set,323.96,2,Multan,Wallet,1.0
4348,768,2025-05-31,Electronics,Laptop,460.12,2,Islamabad,Bank Transfer,5.0
4349,861,2025-07-29,Books,Novel,337.97,2,Islamabad,Credit Card,
4350,1364,2025-07-06,Home & Kitchen,Bedsheet,114.89,2,Peshawar,Credit Card,5.0
4351,1058,2025-05-26,Books,Self-Help Book,52.03,2,Faisalabad,Cash on Delivery,4.0
4352,211,2025-01-05,Home & Kitchen,Bedsheet,135.32,3,Quetta,Bank Transfer,5.0
4353,1636,2025-09-09,Fashion,Jacket,381.74,1,Karachi,Wallet,5.0
4354,285,2025-04-18,Books,Self-Help Book,308.79,3,Faisalabad,Credit Card,5.0
4355,1320,2025-01-26,Home & Kitchen,Table Lamp,165.8,3,Islamabad,Debit Card,4.0
4356,1026,2025-01-03,Electronics,Tablet,381.8,5,Lahore,Credit Card,4.0
4357,176,2025-04-28,Home & Kitchen,Cookware Set,343.55,3,Quetta,Bank Transfer,3.0
4358,1517,2025-01-29,Electronics,Smartphone,94.29,3,ISLAMABAD  ,Credit Card,2.0
4359,352,2025-10-21,Electronics,Headphones,193.74,5,KARACHI  ,Debit Card,
4360,1582,2025-01-31,Books,Self-Help Book,410.39,5,Faisalabad,Wallet,5.0
4361,843,2025-02-20,Electronics,Laptop,38.77,2,Karachi,Bank Transfer,4.0
4362,1107,2025-09-25,Home & Kitchen,Mixer Grinder,93.47,2,Faisalabad,Credit Card,3.0
4363,763,2025-02-06,Books,Novel,357.01,4,Multan,Credit Card,3.0
4364,1235,2025-08-23,Electronics,Laptop,497.91,1,Peshawar,Bank Transfer,4.0
4365,155,2025-09-07,Electronics,Tablet,334.84,3,Lahore,Bank Transfer,
4366,240,2025-09-17,Fashion,Kurta,256.51,3,Quetta,Credit Card,5.0
4367,1540,2025-03-04,Home & Kitchen,Table Lamp,171.03,5,Faisalabad,Debit Card,4.0
4368,929,2025-02-11,Beauty,Perfume,70.11,4,Lahore,Cash on Delivery,4.0
4369,1409,2025-09-21,Home & Kitchen,Bedsheet,305.71,3,Karachi,Cash on Delivery,4.0
4370,280,2025-03-09,Beauty,Lipstick,120.72,2,Quetta,Debit Card,5.0
4371,1447,2025-06-18,Books,Self-Help Book,178.97,3,Peshawar,Wallet,4.0
4372,1473,2025-10-12,Home & Kitchen,Bedsheet,477.78,2,Quetta,Bank Transfer,4.0
4373,397,2025-04-21,Electronics,Tablet,112.75,1,Quetta,Wallet,4.0
4374,554,2025-03-09,Home & Kitchen,Cookware Set,33.09,2,PESHAWAR  ,Credit Card,4.0
4375,351,2025-10-04,Books,Novel,403.98,3,Quetta,Cash on Delivery,4.0
4376,111,2025-09-07,Fashion,Jeans,16.08,2,Karachi,Wallet,2.0
4377,254,2025-08-14,Home & Kitchen,Table Lamp,56.21,1,Faisalabad,Wallet,4.0
4378,1149,2025-05-14,Fashion,Kurta,78.83,4,Faisalabad,Credit Card,5.0
4379,1402,2025-05-21,Home & Kitchen,Table Lamp,194.66,2,Quetta,Bank Transfer,5.0
4380,1297,2025-07-13,Home & Kitchen,Cookware Set,377.28,4,Karachi,Bank Transfer,5.0
4381,350,2025-05-14,Electronics,Tablet,20.98,5,Multan,Bank Transfer,5.0
4382,725,2025-03-19,Home & Kitchen,Table Lamp,411.06,3,Islamabad,Debit Card,
4383,320,2025-01-02,Beauty,Perfume,44.52,2,Peshawar,Credit Card,4.0
4384,164,2025-09-19,Beauty,Shampoo,245.45,1,Islamabad,Credit Card,5.0
4385,922,2025-02-24,Books,Textbook,449.93,1,Lahore,Credit Card,4.0
4386,1322,2025-09-21,Beauty,Perfume,181.0,4,Faisalabad,Debit Card,5.0
4387,1182,2025-05-01,Beauty,Shampoo,482.45,2,Islamabad,Debit Card,3.0
4388,1284,2025-04-08,Home & Kitchen,Table Lamp,123.75,3,Lahore,Credit Card,3.0
4389,1416,2025-07-29,Beauty,Face Wash,441.76,5,Peshawar,Debit Card,3.0
4390,268,2025-03-23,Beauty,Shampoo,441.33,3,Multan,Credit Card,4.0
4391,1398,2025-10-03,Books,Textbook,190.0,4,MULTAN  ,Cash on Delivery,2.0
4392,1119,2025-06-21,Beauty,Lipstick,265.77,1,Quetta,Debit Card,4.0
4393,746,2025-07-08,Electronics,Headphones,70.2,5,Faisalabad,Debit Card,2.0
4394,1419,2025-08-17,Books,Comic,362.29,3,Peshawar,Credit Card,4.0
4395,343,2025-01-14,Fashion,Jacket,318.88,3,MULTAN  ,Debit Card,4.0
4396,1383,2025-01-17,Beauty,Face Wash,98.39,3,Lahore,Credit Card,
4397,1615,2025-09-08,Home & Kitchen,Bedsheet,90.99,1,Faisalabad,Wallet,3.0
4398,221,2025-01-23,Electronics,Laptop,145.3,3,MULTAN  ,Debit Card,4.0
4399,85,2025-09-25,Home & Kitchen,Table Lamp,306.98,3,Faisalabad,Bank Transfer,5.0
4400,1647,2025-01-21,Beauty,Shampoo,417.99,5,Islamabad,Wallet,3.0
4401,8,2025-04-03,Beauty,Face Wash,273.16,5,Karachi,Debit Card,5.0
4402,282,2025-03-10,Fashion,Sneakers,189.88,3,KARACHI  ,Cash on Delivery,4.0
4403,845,2025-03-14,Electronics,Headphones,277.07,3,Lahore,Debit Card,5.0
4404,1298,2025-02-10,Beauty,Perfume,191.45,1,Lahore,Credit Card,4.0
4405,28,2025-03-15,Fashion,Jeans,154.57,2,Karachi,Debit Card,4.0
4406,1442,2025-05-01,Fashion,Jeans,418.29,4,Multan,Debit Card,4.0
4407,535,2025-02-05,Electronics,Tablet,448.73,2,Quetta,Bank Transfer,
4408,855,2025-01-12,Home & Kitchen,Cookware Set,407.63,2,Islamabad,Cash on Delivery,3.0
4409,880,2025-09-03,Beauty,Face Wash,110.68,2,Karachi,Wallet,5.0
4410,588,2025-04-05,Electronics,Smartphone,154.37,3,Faisalabad,Cash on Delivery,5.0
4411,799,2025-07-06,Books,Novel,463.47,4,Quetta,Wallet,5.0
4412,855,2025-04-05,Beauty,Lipstick,243.83,3,Lahore,Credit Card,
4413,1447,2025-02-27,Home & Kitchen,Table Lamp,120.41,4,Karachi,Credit Card,5.0
4414,709,2025-05-20,Books,Comic,340.44,2,Quetta,Debit Card,
4415,525,2025-06-12,Fashion,Kurta,155.5,2,Quetta,Cash on Delivery,5.0
4416,300,2025-04-15,Fashion,Kurta,469.07,2,Lahore,Credit Card,4.0
4417,1254,2025-04-02,Fashion,Kurta,488.2,2,Islamabad,Wallet,3.0
4418,704,2025-02-26,Beauty,Lipstick,394.11,4,Multan,Bank Transfer,4.0
4419,126,2025-03-28,Beauty,Face Wash,319.84,2,Karachi,Debit Card,3.0
4420,801,2025-03-06,Fashion,Kurta,19.34,4,QUETTA  ,Bank Transfer,4.0
4421,633,2025-02-26,Beauty,Face Wash,322.29,2,Karachi,Wallet,5.0
4422,1365,2025-07-02,Electronics,Smartphone,426.34,3,Peshawar,Debit Card,4.0
4423,329,2025-09-29,Electronics,Smartwatch,303.22,5,Quetta,Bank Transfer,5.0
4424,954,2025-10-07,Fashion,Jacket,50.91,1,MULTAN  ,Bank Transfer,1.0
4425,1485,2025-02-28,Fashion,Sneakers,119.2,5,Faisalabad,Wallet,5.0
4426,648,2025-04-01,Electronics,Tablet,328.55,1,Faisalabad,Wallet,2.0
4427,981,2025-05-13,Beauty,Shampoo,169.72,2,Faisalabad,Debit Card,5.0
4428,1446,2025-08-13,Fashion,Jacket,309.16,4,Quetta,Wallet,4.0
4429,79,2025-01-22,Electronics,Smartwatch,193.88,5,Faisalabad,Debit Card,5.0
4430,925,2025-01-15,Home & Kitchen,Table Lamp,498.06,3,Peshawar,Wallet,4.0
4431,29,2025-03-03,Books,Comic,139.8,1,Islamabad,Debit Card,5.0
4432,266,2025-08-07,Electronics,Laptop,197.28,4,PESHAWAR  ,Debit Card,3.0
4433,1065,2025-09-26,Electronics,Tablet,273.07,3,Lahore,Bank Transfer,5.0
4434,963,2025-08-22,Electronics,Smartwatch,162.22,1,Peshawar,Bank Transfer,4.0
4435,1123,2025-05-10,Fashion,Jacket,237.49,1,QUETTA  ,Credit Card,3.0
4436,181,2025-07-02,Fashion,Jacket,80.79,5,Islamabad,Wallet,3.0
4437,284,2025-09-10,Fashion,Jacket,318.3,2,Faisalabad,Bank Transfer,4.0
4438,1428,2025-10-09,Fashion,T-Shirt,274.27,2,Faisalabad,Credit Card,4.0
4439,252,2025-10-16,Electronics,Headphones,152.2,1,Peshawar,Debit Card,4.0
4440,247,2025-08-27,Beauty,Lipstick,408.38,4,Karachi,Wallet,
4441,1534,2025-02-24,Electronics,Laptop,442.07,3,Karachi,Credit Card,4.0
4442,1471,2025-04-13,Fashion,Kurta,153.56,2,Faisalabad,Wallet,4.0
4443,70,2025-05-25,Home & Kitchen,Cookware Set,135.29,4,Lahore,Cash on Delivery,2.0
4444,1219,2025-06-20,Beauty,Shampoo,25.97,1,Faisalabad,Cash on Delivery,5.0
4445,1400,2025-04-22,Home & Kitchen,Mixer Grinder,201.63,1,Lahore,Debit Card,
4446,1246,2025-01-04,Fashion,Sneakers,353.31,1,Karachi,Wallet,4.0
4447,827,2025-01-28,Fashion,Sneakers,478.65,1,LAHORE  ,Wallet,5.0
4448,848,2025-02-22,Fashion,Jacket,134.94,1,Faisalabad,Cash on Delivery,5.0
4449,553,2025-07-13,Home & Kitchen,Mixer Grinder,226.35,5,Lahore,Cash on Delivery,1.0
4450,1050,2025-09-07,Beauty,Shampoo,438.63,5,Islamabad,Credit Card,1.0
4451,1417,2025-04-08,Electronics,Smartwatch,483.63,3,Karachi,Cash on Delivery,4.0
4452,720,2025-07-06,Books,Self-Help Book,10.46,2,Multan,Cash on Delivery,5.0
4453,637,2025-03-11,Home & Kitchen,Mixer Grinder,262.69,3,Islamabad,Debit Card,5.0
4454,224,2025-05-09,Electronics,Headphones,51.06,1,Islamabad,Bank Transfer,5.0
4455,1062,2025-02-13,Fashion,Jacket,209.42,5,Karachi,Bank Transfer,
4456,512,2025-03-01,Beauty,Face Wash,213.45,5,LAHORE  ,Cash on Delivery,4.0
4457,110,2025-02-09,Home & Kitchen,Cookware Set,147.99,4,Faisalabad,Bank Transfer,3.0
4458,597,2025-02-26,Fashion,Sneakers,482.05,1,ISLAMABAD  ,Bank Transfer,5.0
4459,84,2025-03-02,Fashion,Kurta,251.56,2,Karachi,Bank Transfer,5.0
4460,71,2025-03-22,Beauty,Perfume,69.12,5,Faisalabad,Cash on Delivery,3.0
4461,201,2025-07-29,Books,Novel,389.42,4,Lahore,Wallet,4.0
4462,763,2025-04-20,Electronics,Smartphone,490.1,1,Faisalabad,Debit Card,5.0
4463,497,2025-05-25,Fashion,Jacket,203.64,5,QUETTA  ,Bank Transfer,4.0
4464,989,2025-07-30,Home & Kitchen,Table Lamp,292.05,4,Islamabad,Debit Card,5.0
4465,421,2025-03-14,Beauty,Perfume,112.68,5,ISLAMABAD  ,Wallet,4.0
4466,657,2025-07-01,Fashion,Jacket,302.93,1,Lahore,Debit Card,5.0
4467,79,2025-03-02,Fashion,T-Shirt,14.66,3,Islamabad,Bank Transfer,4.0
4468,856,2025-02-08,Beauty,Shampoo,439.09,5,Peshawar,Wallet,3.0
4469,1178,2025-07-31,Home & Kitchen,Table Lamp,161.29,3,Peshawar,Bank Transfer,4.0
4470,646,2025-10-22,Beauty,Lipstick,231.49,3,Karachi,Debit Card,3.0
4471,350,2025-07-26,Beauty,Shampoo,50.56,3,FAISALABAD  ,Wallet,3.0
4472,430,2025-05-05,Home & Kitchen,Mixer Grinder,264.3,4,Karachi,Bank Transfer,4.0
4473,134,2025-10-15,Fashion,T-Shirt,397.26,2,Peshawar,Debit Card,5.0
4474,526,2025-10-08,Home & Kitchen,Table Lamp,445.96,2,Multan,Cash on Delivery,4.0
4475,1573,2025-01-28,Fashion,Jacket,123.32,1,Quetta,Cash on Delivery,5.0
4476,1453,2025-02-12,Books,Self-Help Book,284.03,3,Islamabad,Cash on Delivery,4.0
4477,730,2025-05-25,Electronics,Smartwatch,70.79,4,Multan,Credit Card,1.0
4478,823,2025-01-05,Books,Textbook,380.4,5,Karachi,Bank Transfer,5.0
4479,113,2025-09-01,Home & Kitchen,Table Lamp,190.13,4,Faisalabad,Credit Card,4.0
4480,1603,2025-09-25,Beauty,Perfume,443.6,5,Quetta,Bank Transfer,5.0
4481,1510,2025-02-12,Electronics,Laptop,75.22,1,PESHAWAR  ,Wallet,4.0
4482,913,2025-01-10,Electronics,Smartwatch,237.36,2,Faisalabad,Wallet,5.0
4483,336,2025-01-06,Books,Self-Help Book,478.67,3,Quetta,Bank Transfer,1.0
4484,1598,2025-01-31,Beauty,Perfume,63.24,1,Faisalabad,Wallet,4.0
4485,192,2025-07-26,Books,Comic,270.08,3,Islamabad,Debit Card,5.0
4486,1277,2025-10-23,Books,Textbook,486.25,2,Faisalabad,Credit Card,
4487,139,2025-03-30,Beauty,Perfume,87.5,4,MULTAN  ,Credit Card,4.0
4488,988,2025-01-08,Books,Self-Help Book,146.96,3,LAHORE  ,Cash on Delivery,5.0
4489,126,2025-01-21,Home & Kitchen,Cookware Set,283.08,5,Peshawar,Debit Card,3.0
4490,1503,2025-05-21,Electronics,Headphones,262.89,1,Peshawar,Wallet,4.0
4491,888,2025-09-13,Fashion,T-Shirt,400.13,1,Karachi,Credit Card,
4492,470,2025-10-18,Home & Kitchen,Bedsheet,362.36,1,Karachi,Wallet,5.0
4493,269,2025-01-03,Home & Kitchen,Mixer Grinder,71.64,4,Multan,Credit Card,5.0
4494,877,2025-03-03,Books,Novel,429.42,5,Peshawar,Cash on Delivery,4.0
4495,1399,2025-07-11,Fashion,Sneakers,252.57,5,Quetta,Debit Card,3.0
4496,265,2025-06-26,Fashion,Sneakers,237.18,1,Islamabad,Cash on Delivery,2.0
4497,1170,2025-06-11,Home & Kitchen,Table Lamp,228.11,4,Quetta,Credit Card,5.0
4498,276,2025-01-18,Beauty,Shampoo,46.15,4,Islamabad,Credit Card,4.0
4499,658,2025-10-18,Electronics,Tablet,81.34,4,Quetta,Cash on Delivery,5.0
4500,531,2025-08-22,Electronics,Smartwatch,394.76,5,Quetta,Bank Transfer,5.0
4501,90,2025-09-10,Beauty,Face Wash,333.41,1,Karachi,Credit Card,5.0
4502,1239,2025-01-20,Fashion,T-Shirt,274.14,3,Quetta,Cash on Delivery,
4503,102,2025-07-26,Beauty,Face Wash,257.95,1,MULTAN  ,Credit Card,3.0
4504,472,2025-09-13,Books,Novel,199.92,2,Karachi,Cash on Delivery,4.0
4505,539,2025-10-01,Fashion,Kurta,304.25,5,Karachi,Debit Card,4.0
4506,954,2025-09-06,Beauty,Face Wash,466.69,1,Peshawar,Credit Card,
4507,1460,2025-09-21,Home & Kitchen,Mixer Grinder,163.74,2,Quetta,Credit Card,5.0
4508,1042,2025-01-15,Fashion,Kurta,494.48,5,Multan,Credit Card,
4509,982,2025-06-09,Electronics,Smartphone,329.4,4,Karachi,Cash on Delivery,5.0
4510,185,2025-07-28,Beauty,Face Wash,200.65,3,Lahore,Credit Card,5.0
4511,1465,2025-08-20,Beauty,Face Wash,344.56,4,Multan,Bank Transfer,1.0
4512,264,2025-06-19,Electronics,Tablet,375.7,5,Karachi,Wallet,
4513,259,2025-02-26,Fashion,Jacket,227.69,5,Faisalabad,Credit Card,5.0
4514,620,2025-09-15,Electronics,Smartphone,402.15,1,Peshawar,Debit Card,5.0
4515,293,2025-08-22,Fashion,Jacket,456.07,5,Quetta,Credit Card,3.0
4516,1234,2025-02-13,Books,Novel,265.28,2,Faisalabad,Wallet,5.0
4517,1257,2025-01-06,Beauty,Face Wash,189.0,3,Quetta,Cash on Delivery,4.0
4518,1417,2025-06-21,Electronics,Headphones,343.94,1,Peshawar,Bank Transfer,5.0
4519,938,2025-05-12,Beauty,Shampoo,467.71,3,Peshawar,Cash on Delivery,4.0
4520,803,2025-05-24,Fashion,Jacket,204.48,4,Peshawar,Wallet,3.0
4521,98,2025-07-25,Beauty,Perfume,242.56,1,Islamabad,Credit Card,4.0
4522,820,2025-07-10,Electronics,Smartwatch,414.87,4,Karachi,Debit Card,2.0
4523,1600,2025-04-14,Beauty,Face Wash,226.38,5,Lahore,Wallet,
4524,1659,2025-04-29,Electronics,Smartphone,499.23,4,Multan,Bank Transfer,5.0
4525,939,2025-03-19,Home & Kitchen,Table Lamp,11.34,1,Peshawar,Wallet,4.0
4526,1659,2025-05-03,Beauty,Lipstick,483.16,3,Faisalabad,Credit Card,5.0
4527,369,2025-09-01,Books,Novel,120.01,2,Faisalabad,Bank Transfer,3.0
4528,752,2025-04-19,Beauty,Shampoo,215.34,3,Quetta,Wallet,5.0
4529,441,2025-08-10,Fashion,Jacket,9.93,1,Quetta,Debit Card,
4530,1245,2025-09-20,Fashion,T-Shirt,192.25,3,Multan,Cash on Delivery,5.0
4531,983,2025-02-11,Beauty,Lipstick,262.11,1,QUETTA  ,Cash on Delivery,3.0
4532,1130,2025-10-16,Electronics,Headphones,420.45,2,Quetta,Bank Transfer,5.0
4533,960,2025-03-13,Fashion,T-Shirt,116.07,4,Karachi,Wallet,4.0
4534,1299,2025-10-11,Home & Kitchen,Bedsheet,46.06,2,Lahore,Bank Transfer,
4535,331,2025-04-26,Beauty,Lipstick,286.98,5,Islamabad,Cash on Delivery,1.0
4536,932,2025-06-24,Fashion,Jacket,,5,,,3.0
4537,1582,2025-02-27,Electronics,Headphones,151.19,4,Islamabad,Debit Card,5.0
4538,804,2025-05-27,Beauty,Face Wash,339.58,1,Faisalabad,Credit Card,5.0
4539,4,2025-08-28,Electronics,Laptop,209.76,3,,Bank Transfer,5.0
4540,1494,2025-02-27,Home & Kitchen,Mixer Grinder,376.01,4,Islamabad,Credit Card,2.0
4541,787,2025-08-20,Beauty,Face Wash,177.94,4,Islamabad,Cash on Delivery,4.0
4542,294,2025-05-07,Electronics,Smartphone,192.23,3,Islamabad,Wallet,4.0
4543,1277,2025-06-07,Home & Kitchen,Table Lamp,322.45,4,Peshawar,Bank Transfer,4.0
4544,218,2025-09-06,Home & Kitchen,Mixer Grinder,371.01,3,Multan,Debit Card,5.0
4545,1468,2025-07-20,Electronics,Smartwatch,142.37,4,Peshawar,Credit Card,3.0
4546,1121,2025-04-10,Beauty,Lipstick,44.36,2,Multan,Credit Card,5.0
4547,624,2025-04-06,Home & Kitchen,Mixer Grinder,81.05,1,Faisalabad,Bank Transfer,5.0
4548,499,2025-07-13,Fashion,Jacket,,2,,,5.0
4549,175,2025-10-03,Beauty,Shampoo,339.49,2,Peshawar,Wallet,4.0
4550,1202,2025-02-13,Home & Kitchen,Cookware Set,91.05,5,Peshawar,Wallet,3.0
4551,1499,2025-10-16,Beauty,Lipstick,343.29,1,Lahore,Cash on Delivery,4.0
4552,284,2025-08-29,Electronics,Headphones,15.24,4,Quetta,Credit Card,3.0
4553,265,2025-06-08,Books,Comic,172.38,5,Faisalabad,Cash on Delivery,4.0
4554,666,2025-08-15,Electronics,Smartwatch,231.69,1,Karachi,Wallet,
4555,364,2025-04-08,Fashion,Jacket,50.31,1,Faisalabad,Credit Card,4.0
4556,517,2025-05-31,Home & Kitchen,Table Lamp,330.9,3,Karachi,Debit Card,3.0
4557,907,2025-04-04,Home & Kitchen,Cookware Set,112.93,4,Karachi,Wallet,5.0
4558,648,2025-03-05,Fashion,Kurta,230.61,4,Peshawar,Wallet,1.0
4559,1610,2025-01-17,Home & Kitchen,Cookware Set,,5,,,5.0
4560,1269,2025-01-08,Fashion,Sneakers,490.72,1,Multan,Wallet,
4561,481,2025-10-08,Electronics,Tablet,134.38,2,Islamabad,Debit Card,5.0
4562,542,2025-10-14,Beauty,Shampoo,48.3,4,Lahore,Wallet,5.0
4563,1146,2025-07-18,Electronics,Laptop,167.43,3,Karachi,Wallet,5.0
4564,646,2025-03-31,Fashion,Jeans,205.22,3,Faisalabad,Wallet,
4565,459,2025-01-01,Electronics,Smartphone,204.8,5,Peshawar,Bank Transfer,1.0
4566,792,2025-07-08,Electronics,Smartwatch,164.65,5,Quetta,Cash on Delivery,5.0
4567,1545,2025-09-29,Books,Textbook,10.44,2,Multan,Wallet,4.0
4568,348,2025-10-08,Home & Kitchen,Mixer Grinder,305.3,4,Karachi,Wallet,4.0
4569,61,2025-05-27,Books,Novel,304.33,3,ISLAMABAD  ,Credit Card,5.0
4570,17,2025-02-28,Books,Novel,245.76,3,Karachi,Cash on Delivery,5.0
4571,879,2025-05-01,Fashion,Jeans,343.24,3,Karachi,Debit Card,5.0
4572,654,2025-07-20,Beauty,Face Wash,353.88,1,LAHORE  ,Bank Transfer,4.0
4573,256,2025-07-05,Fashion,Kurta,310.22,4,Multan,Wallet,5.0
4574,283,2025-04-18,Books,Novel,195.65,2,Quetta,Debit Card,5.0
4575,1632,2025-05-30,Fashion,Jacket,131.92,4,Lahore,Cash on Delivery,4.0
4576,12,2025-08-13,Beauty,Lipstick,177.92,2,Quetta,Wallet,5.0
4577,148,2025-09-02,Electronics,Laptop,282.9,1,Peshawar,Cash on Delivery,
4578,1391,2025-06-16,Books,Novel,426.0,1,LAHORE  ,Bank Transfer,1.0
4579,1195,2025-02-08,Books,Comic,173.79,3,FAISALABAD  ,Wallet,3.0
4580,500,2025-06-24,Home & Kitchen,Bedsheet,303.42,3,Karachi,Wallet,3.0
4581,739,2025-03-17,Fashion,Kurta,357.2,1,Multan,Cash on Delivery,5.0
4582,680,2025-06-13,Beauty,Shampoo,201.56,1,Quetta,Debit Card,5.0
4583,1364,2025-04-12,Electronics,Laptop,143.92,4,Lahore,Credit Card,4.0
4584,1310,2025-04-27,Electronics,Smartwatch,432.12,5,Quetta,Cash on Delivery,4.0
4585,1309,2025-04-09,Electronics,Smartwatch,488.78,2,Lahore,Credit Card,
4586,1159,2025-01-29,Books,Textbook,104.95,2,QUETTA  ,Debit Card,5.0
4587,1594,2025-09-07,Books,Novel,242.25,1,Multan,Credit Card,
4588,678,2025-07-23,Electronics,Tablet,168.51,2,Islamabad,Bank Transfer,5.0
4589,349,2025-03-18,Home & Kitchen,Cookware Set,484.89,1,Karachi,Wallet,4.0
4590,1062,2025-02-20,Beauty,Lipstick,455.77,2,Karachi,Bank Transfer,5.0
4591,85,2025-03-13,Beauty,Face Wash,421.16,3,Quetta,Wallet,5.0
4592,1618,2025-03-12,Fashion,Sneakers,146.9,4,QUETTA  ,Debit Card,4.0
4593,1039,2025-02-22,Beauty,Face Wash,418.16,2,Karachi,Wallet,4.0
4594,1611,2025-05-14,Beauty,Perfume,,-1,,,4.0
4595,543,2025-06-08,Fashion,Sneakers,14.81,3,Quetta,Bank Transfer,2.0
4596,1656,2025-10-03,Home & Kitchen,Mixer Grinder,398.51,3,Peshawar,Wallet,3.0
4597,580,2025-07-05,Books,Textbook,358.46,1,Peshawar,Wallet,5.0
4598,773,2025-01-02,Home & Kitchen,Bedsheet,86.27,2,Karachi,Credit Card,5.0
4599,225,2025-02-18,Beauty,Perfume,386.63,1,Islamabad,Credit Card,4.0
4600,538,2025-01-15,Books,Textbook,266.91,3,Faisalabad,Debit Card,4.0
4601,607,2025-10-08,Home & Kitchen,Bedsheet,10.92,4,Faisalabad,Cash on Delivery,4.0
4602,612,2025-07-28,Fashion,Kurta,264.59,3,Quetta,Credit Card,1.0
4603,36,2025-06-18,Electronics,Headphones,249.95,3,Quetta,Wallet,4.0
4604,1007,2025-06-01,Home & Kitchen,Table Lamp,198.01,4,Peshawar,Debit Card,5.0
4605,1268,2025-06-29,Fashion,Jacket,241.95,5,Multan,Cash on Delivery,
4606,1040,2025-09-14,Home & Kitchen,Mixer Grinder,496.75,5,Peshawar,Wallet,5.0
4607,1379,2025-02-14,Fashion,Kurta,342.79,3,Quetta,Cash on Delivery,5.0
4608,860,2025-05-19,Books,Self-Help Book,13.74,5,Faisalabad,Wallet,5.0
4609,1569,2025-02-03,Home & Kitchen,Cookware Set,194.57,2,Multan,Wallet,
4610,917,2025-05-05,Beauty,Lipstick,107.54,2,Multan,Wallet,4.0
4611,706,2025-03-28,Books,Self-Help Book,385.24,2,Quetta,Wallet,4.0
4612,988,2025-09-11,Fashion,T-Shirt,294.72,5,Faisalabad,Credit Card,5.0
4613,418,2025-09-19,Fashion,Jeans,383.33,1,Faisalabad,Bank Transfer,3.0
4614,207,2025-06-24,Fashion,Jacket,242.95,3,Lahore,Wallet,4.0
4615,1467,2025-01-03,Books,Novel,64.9,2,Peshawar,Cash on Delivery,3.0
4616,24,2025-06-07,Fashion,Sneakers,265.88,3,ISLAMABAD  ,Wallet,
4617,450,2025-07-31,Electronics,Headphones,69.66,4,Faisalabad,Cash on Delivery,
4618,849,2025-05-04,Home & Kitchen,Cookware Set,146.54,5,Faisalabad,Bank Transfer,2.0
4619,141,2025-04-29,Beauty,Face Wash,223.56,2,Karachi,Bank Transfer,5.0
4620,955,2025-07-03,Fashion,T-Shirt,113.84,2,Lahore,Credit Card,5.0
4621,1112,2025-07-10,Electronics,Headphones,45.11,5,Lahore,Bank Transfer,4.0
4622,1359,2025-10-05,Home & Kitchen,Mixer Grinder,126.37,2,Faisalabad,Wallet,4.0
4623,1203,2025-06-11,Beauty,Face Wash,494.89,1,Islamabad,Debit Card,3.0
4624,999,2025-10-20,Beauty,Perfume,24.7,1,Karachi,Bank Transfer,5.0
4625,1216,2025-07-03,Books,Textbook,193.77,4,Karachi,Cash on Delivery,1.0
4626,79,2025-02-12,Books,Comic,78.46,4,Faisalabad,Bank Transfer,
4627,1443,2025-09-26,Beauty,Shampoo,284.02,5,Multan,Cash on Delivery,5.0
4628,1245,2025-09-16,Beauty,Perfume,498.32,4,Peshawar,Bank Transfer,4.0
4629,92,2025-02-12,Beauty,Perfume,234.5,5,LAHORE  ,Bank Transfer,5.0
4630,938,2025-03-04,Electronics,Smartphone,106.85,2,Quetta,Bank Transfer,4.0
4631,35,2025-08-12,Books,Novel,208.87,3,Islamabad,Bank Transfer,4.0
4632,916,2025-01-21,Electronics,Headphones,321.41,3,Multan,Wallet,5.0
4633,1048,2025-10-15,Home & Kitchen,Mixer Grinder,122.08,4,Lahore,Bank Transfer,5.0
4634,342,2025-09-24,Electronics,Laptop,140.32,3,Quetta,Wallet,4.0
4635,991,2025-02-11,Electronics,Laptop,101.19,4,Faisalabad,Cash on Delivery,5.0
4636,1223,2025-05-11,Electronics,Smartwatch,160.73,4,Islamabad,Credit Card,2.0
4637,948,2025-08-03,Fashion,Kurta,462.41,4,Faisalabad,Credit Card,4.0
4638,161,2025-02-02,Electronics,Tablet,334.56,3,Karachi,Credit Card,
4639,185,2025-08-09,Beauty,Lipstick,162.84,5,Peshawar,Debit Card,1.0
4640,97,2025-04-20,Electronics,Tablet,464.02,4,Multan,Wallet,4.0
4641,1141,2025-06-15,Books,Textbook,361.45,2,Lahore,Bank Transfer,5.0
4642,1561,2025-02-23,Home & Kitchen,Mixer Grinder,,2,,,4.0
4643,32,2025-02-16,Fashion,Kurta,293.49,3,Lahore,Wallet,4.0
4644,1249,2025-07-05,Beauty,Face Wash,308.9,5,Islamabad,Bank Transfer,4.0
4645,926,2025-02-08,Electronics,Tablet,176.59,5,Faisalabad,Debit Card,4.0
4646,443,2025-07-21,Fashion,Kurta,82.26,2,Islamabad,Cash on Delivery,3.0
4647,124,2025-08-25,Electronics,Smartphone,31.48,1,Lahore,Wallet,5.0
4648,612,2025-09-05,Fashion,Sneakers,359.9,1,Multan,Wallet,5.0
4649,879,2025-09-29,Fashion,Jeans,350.62,1,FAISALABAD  ,Cash on Delivery,5.0
4650,821,2025-09-06,Books,Textbook,262.23,3,Faisalabad,Wallet,
4651,1282,2025-01-09,Home & Kitchen,Mixer Grinder,137.38,3,Islamabad,Bank Transfer,4.0
4652,1428,2025-10-11,Books,Self-Help Book,441.16,4,Lahore,Cash on Delivery,4.0
4653,484,2025-09-11,Beauty,Lipstick,410.07,1,Islamabad,Cash on Delivery,3.0
4654,493,2025-02-25,Beauty,Face Wash,352.71,3,Karachi,Debit Card,5.0
4655,955,2025-01-09,Books,Self-Help Book,138.6,4,Lahore,Cash on Delivery,5.0
4656,1229,2025-04-04,Fashion,Sneakers,282.34,2,Quetta,Credit Card,
4657,98,2025-05-18,Home & Kitchen,Table Lamp,240.62,3,KARACHI  ,Credit Card,4.0
4658,1443,2025-04-12,Home & Kitchen,Mixer Grinder,11.33,1,ISLAMABAD  ,Wallet,4.0
4659,1015,2025-04-20,Books,Self-Help Book,351.6,5,Peshawar,Debit Card,4.0
4660,1024,2025-04-30,Fashion,Jeans,290.88,3,MULTAN  ,Cash on Delivery,5.0
4661,1640,2025-09-15,Home & Kitchen,Cookware Set,127.48,2,Lahore,Cash on Delivery,5.0
4662,759,2025-08-13,Books,Self-Help Book,222.78,2,KARACHI  ,Wallet,5.0
4663,314,2025-04-30,Books,Novel,476.25,1,Peshawar,Bank Transfer,5.0
4664,961,2025-05-28,Electronics,Tablet,252.14,5,Peshawar,Bank Transfer,2.0
4665,162,2025-07-15,Fashion,Sneakers,342.34,5,LAHORE  ,Bank Transfer,5.0
4666,537,2025-04-15,Electronics,Smartphone,411.96,2,Multan,Credit Card,5.0
4667,672,2025-06-28,Beauty,Lipstick,312.17,3,Faisalabad,Cash on Delivery,5.0
4668,931,2025-10-19,Fashion,T-Shirt,291.0,3,Multan,Credit Card,5.0
4669,101,2025-07-13,Fashion,Jacket,33.75,1,Peshawar,Wallet,5.0
4670,1463,2025-10-25,Electronics,Smartwatch,375.78,2,Quetta,Credit Card,5.0
4671,1185,2025-07-12,Electronics,Headphones,380.12,2,Lahore,Wallet,1.0
4672,308,2025-07-24,Beauty,Face Wash,320.02,5,Faisalabad,Credit Card,5.0
4673,34,2025-04-07,Beauty,Perfume,315.64,1,Faisalabad,Debit Card,5.0
4674,914,2025-08-25,Fashion,Jacket,64.41,4,Peshawar,Wallet,4.0
4675,607,2025-06-29,Beauty,Shampoo,106.4,1,Faisalabad,Credit Card,5.0
4676,1663,2025-07-04,Electronics,Smartphone,346.67,4,Karachi,Credit Card,2.0
4677,1660,2025-08-20,Home & Kitchen,Table Lamp,351.4,1,Karachi,Cash on Delivery,3.0
4678,1059,2025-08-03,Electronics,Smartphone,166.08,2,Multan,Debit Card,5.0
4679,943,2025-01-31,Fashion,Jeans,336.36,4,Peshawar,Debit Card,
4680,801,2025-03-24,Electronics,Headphones,134.18,4,Lahore,Wallet,4.0
4681,1493,2025-02-08,Home & Kitchen,Mixer Grinder,423.36,3,ISLAMABAD  ,Credit Card,
4682,673,2025-05-21,Beauty,Shampoo,70.03,4,Peshawar,Credit Card,4.0
4683,940,2025-10-14,Beauty,Face Wash,364.22,2,Multan,Credit Card,4.0
4684,1521,2025-04-29,Electronics,Smartphone,183.74,2,Multan,Debit Card,4.0
4685,50,2025-07-02,Fashion,Jeans,477.83,2,LAHORE  ,Bank Transfer,5.0
4686,356,2025-07-04,Beauty,Shampoo,238.92,4,Lahore,Cash on Delivery,
4687,617,2025-07-04,Electronics,Headphones,65.99,2,Peshawar,Cash on Delivery,
4688,1612,2025-09-19,Home & Kitchen,Mixer Grinder,141.36,2,Peshawar,Wallet,5.0
4689,879,2025-01-02,Books,Comic,120.7,5,Karachi,Credit Card,5.0
4690,604,2025-06-07,Home & Kitchen,Bedsheet,468.87,4,Karachi,Debit Card,5.0
4691,812,2025-02-06,Beauty,Lipstick,148.14,4,Quetta,Wallet,1.0
4692,354,2025-09-03,Beauty,Shampoo,133.61,5,Lahore,Cash on Delivery,5.0
4693,631,2025-08-21,Home & Kitchen,Cookware Set,166.47,2,Lahore,Credit Card,2.0
4694,72,2025-07-20,Electronics,Tablet,304.17,1,Peshawar,Credit Card,3.0
4695,1094,2025-08-06,Fashion,Jeans,177.27,5,Quetta,Wallet,4.0
4696,1288,2025-01-10,Home & Kitchen,Table Lamp,103.04,5,Quetta,Debit Card,1.0
4697,391,2025-02-03,Electronics,Laptop,81.9,2,Lahore,Wallet,4.0
4698,868,2025-03-03,Beauty,Face Wash,114.33,4,Lahore,Credit Card,5.0
4699,237,2025-08-16,Fashion,T-Shirt,494.43,4,Lahore,Cash on Delivery,5.0
4700,1309,2025-03-22,Fashion,T-Shirt,272.54,4,Karachi,Debit Card,5.0
4701,1241,2025-04-30,Fashion,Sneakers,495.82,5,Quetta,Bank Transfer,5.0
4702,649,2025-07-03,Books,Textbook,26.27,5,Lahore,Cash on Delivery,1.0
4703,697,2025-03-01,Home & Kitchen,Bedsheet,298.59,3,Quetta,Wallet,5.0
4704,1410,2025-08-13,Fashion,T-Shirt,195.93,5,Faisalabad,Credit Card,4.0
4705,1560,2025-06-20,Fashion,Jacket,401.0,5,LAHORE  ,Credit Card,4.0
4706,205,2025-09-23,Books,Comic,190.43,1,Karachi,Cash on Delivery,4.0
4707,1494,2025-08-20,Books,Novel,396.71,3,Multan,Credit Card,5.0
4708,1029,2025-09-18,Beauty,Shampoo,354.0,4,Faisalabad,Credit Card,
4709,228,2025-06-13,Home & Kitchen,Cookware Set,423.82,3,Peshawar,Credit Card,
4710,809,2025-04-19,Home & Kitchen,Table Lamp,360.17,2,KARACHI  ,Debit Card,3.0
4711,1421,2025-04-03,Books,Comic,468.36,4,Peshawar,Debit Card,3.0
4712,860,2025-07-30,Home & Kitchen,Bedsheet,436.52,5,Islamabad,Debit Card,5.0
4713,452,2025-01-18,Home & Kitchen,Cookware Set,335.73,3,Islamabad,Debit Card,5.0
4714,384,2025-02-12,Fashion,T-Shirt,79.94,4,Lahore,Cash on Delivery,4.0
4715,1485,2025-01-16,Fashion,Sneakers,318.06,4,Peshawar,Wallet,
4716,781,2025-07-06,Electronics,Headphones,99.88,2,Peshawar,Credit Card,5.0
4717,779,2025-08-10,Beauty,Shampoo,454.43,4,Karachi,Wallet,5.0
4718,145,2025-09-26,Beauty,Shampoo,273.79,2,Quetta,Cash on Delivery,
4719,1638,2025-09-23,Home & Kitchen,Mixer Grinder,77.25,2,FAISALABAD  ,Debit Card,4.0
4720,1347,2025-07-17,Fashion,Sneakers,48.49,2,Karachi,Credit Card,5.0
4721,807,2025-08-21,Electronics,Smartwatch,206.26,3,Lahore,Bank Transfer,4.0
4722,454,2025-10-26,Beauty,Shampoo,343.98,2,Karachi,Debit Card,5.0
4723,40,2025-04-29,Home & Kitchen,Cookware Set,484.62,2,Faisalabad,Bank Transfer,5.0
4724,792,2025-08-20,Fashion,Sneakers,439.45,5,Multan,Cash on Delivery,5.0
4725,277,2025-05-23,Beauty,Shampoo,126.85,3,Multan,Debit Card,5.0
4726,1370,2025-08-12,Beauty,Lipstick,85.06,3,Peshawar,Wallet,
4727,1232,2025-02-01,Home & Kitchen,Bedsheet,177.49,1,Peshawar,Debit Card,5.0
4728,288,2025-05-07,Home & Kitchen,Bedsheet,160.97,1,ISLAMABAD  ,Debit Card,3.0
4729,10,2025-01-18,Fashion,T-Shirt,210.77,2,Faisalabad,Credit Card,
4730,534,2025-09-03,Fashion,Kurta,467.05,1,Islamabad,Wallet,4.0
4731,904,2025-01-06,Fashion,Sneakers,220.54,2,Karachi,Bank Transfer,5.0
4732,1581,2025-10-20,Home & Kitchen,Mixer Grinder,467.88,4,MULTAN  ,Cash on Delivery,5.0
4733,1306,2025-01-30,Books,Novel,43.98,4,Karachi,Debit Card,4.0
4734,1470,2025-04-16,Fashion,Jacket,484.44,2,Multan,Wallet,5.0
4735,202,2025-07-09,Books,Self-Help Book,310.28,2,Karachi,Debit Card,5.0
4736,1086,2025-05-14,Electronics,Headphones,258.72,4,Multan,Cash on Delivery,5.0
4737,1516,2025-08-22,Electronics,Tablet,73.37,4,LAHORE  ,Debit Card,5.0
4738,1156,2025-09-07,Beauty,Shampoo,499.18,1,Karachi,Credit Card,4.0
4739,2,2025-08-04,Fashion,Sneakers,13.84,3,Faisalabad,Cash on Delivery,4.0
4740,555,2025-10-10,Fashion,Kurta,264.23,1,Quetta,Bank Transfer,1.0
4741,1666,2025-09-11,Books,Novel,160.83,1,Quetta,Credit Card,1.0
4742,879,2025-04-09,Electronics,Laptop,175.25,4,Faisalabad,Credit Card,2.0
4743,915,2025-04-26,Books,Comic,482.09,2,Quetta,Bank Transfer,4.0
4744,451,2025-04-29,Home & Kitchen,Table Lamp,273.09,5,Lahore,Credit Card,3.0
4745,1249,2025-04-12,Beauty,Face Wash,219.14,1,Lahore,Bank Transfer,5.0
4746,318,2025-06-18,Electronics,Smartphone,359.07,2,Lahore,Wallet,5.0
4747,77,2025-06-28,Beauty,Shampoo,289.32,2,Multan,Credit Card,5.0
4748,1142,2025-01-30,Books,Comic,261.3,3,Islamabad,Debit Card,1.0
4749,217,2025-09-15,Beauty,Face Wash,432.93,5,Lahore,Credit Card,4.0
4750,561,2025-07-17,Fashion,Sneakers,354.15,2,Islamabad,Credit Card,3.0
4751,1078,2025-06-11,Beauty,Perfume,103.19,1,PESHAWAR  ,Wallet,5.0
4752,554,2025-01-25,Books,Self-Help Book,284.5,2,Multan,Debit Card,5.0
4753,1183,2025-04-25,Books,Comic,332.39,1,PESHAWAR  ,Credit Card,5.0
4754,133,2025-09-22,Home & Kitchen,Cookware Set,462.02,5,Multan,Cash on Delivery,4.0
4755,765,2025-03-24,Home & Kitchen,Table Lamp,175.27,5,Lahore,Debit Card,5.0
4756,1261,2025-08-28,Home & Kitchen,Table Lamp,147.44,2,Lahore,Credit Card,3.0
4757,1009,2025-07-20,Electronics,Tablet,20.2,1,Quetta,Wallet,
4758,698,2025-07-20,Books,Comic,489.26,2,Lahore,Debit Card,4.0
4759,771,2025-01-11,Fashion,T-Shirt,311.72,4,Multan,Wallet,5.0
4760,355,2025-03-11,Books,Novel,207.73,5,Karachi,Cash on Delivery,4.0
4761,603,2025-10-18,Home & Kitchen,Cookware Set,105.16,1,Multan,Wallet,4.0
4762,1236,2025-05-31,Fashion,Jacket,118.74,5,Peshawar,Wallet,4.0
4763,908,2025-08-20,Fashion,Kurta,213.72,2,Lahore,Cash on Delivery,
4764,679,2025-05-19,Fashion,Kurta,406.14,3,PESHAWAR  ,Debit Card,5.0
4765,1147,2025-09-16,Fashion,T-Shirt,381.98,3,Karachi,Debit Card,3.0
4766,716,2025-05-10,Electronics,Tablet,381.08,2,Lahore,Wallet,4.0
4767,77,2025-07-21,Beauty,Face Wash,376.32,4,Multan,Bank Transfer,4.0
4768,110,2025-06-25,Fashion,Sneakers,173.49,2,Islamabad,Cash on Delivery,3.0
4769,789,2025-02-11,Beauty,Face Wash,450.72,4,Peshawar,Debit Card,5.0
4770,1615,2025-07-12,Beauty,Face Wash,272.22,4,Islamabad,Cash on Delivery,5.0
4771,236,2025-04-15,Books,Textbook,393.06,5,Quetta,Bank Transfer,3.0
4772,22,2025-02-19,Books,Novel,386.61,2,Peshawar,Credit Card,4.0
4773,551,2025-05-17,Electronics,Tablet,47.82,1,Multan,Wallet,5.0
4774,1534,2025-03-29,Home & Kitchen,Cookware Set,383.0,4,Faisalabad,Credit Card,5.0
4775,397,2025-02-17,Beauty,Perfume,201.1,4,Karachi,Bank Transfer,5.0
4776,849,2025-09-01,Electronics,Tablet,386.13,4,Peshawar,Credit Card,5.0
4777,599,2025-02-05,Home & Kitchen,Bedsheet,168.54,5,Faisalabad,Wallet,4.0
4778,88,2025-02-08,Fashion,Jacket,444.71,4,Lahore,Cash on Delivery,4.0
4779,9,2025-10-10,Books,Textbook,184.33,1,Multan,Bank Transfer,4.0
4780,594,2025-10-17,Fashion,Jacket,24.73,1,Faisalabad,Credit Card,
4781,612,2025-09-24,Fashion,Jacket,186.25,5,Faisalabad,Wallet,4.0
4782,1521,2025-03-13,Books,Textbook,319.85,1,Karachi,Wallet,5.0
4783,1397,2025-03-18,Home & Kitchen,Bedsheet,254.65,1,Peshawar,Bank Transfer,2.0
4784,317,2025-03-16,Books,Comic,461.03,5,Lahore,Debit Card,2.0
4785,1124,2025-05-18,Books,Textbook,288.37,3,Islamabad,Bank Transfer,3.0
4786,94,2025-10-10,Books,Self-Help Book,384.74,1,Quetta,Credit Card,4.0
4787,497,2025-07-07,Beauty,Perfume,246.54,4,Faisalabad,Debit Card,
4788,613,2025-02-14,Home & Kitchen,Mixer Grinder,254.69,3,Quetta,Wallet,4.0
4789,8,2025-10-17,Fashion,Jeans,66.19,3,Faisalabad,Credit Card,5.0
4790,439,2025-01-11,Beauty,Lipstick,468.0,1,Multan,Debit Card,5.0
4791,703,2025-07-25,Beauty,Lipstick,25.05,1,Peshawar,Bank Transfer,2.0
4792,177,2025-09-03,Electronics,Headphones,252.87,4,Quetta,Bank Transfer,5.0
4793,281,2025-03-16,Electronics,Tablet,,1,,,5.0
4794,688,2025-03-07,Home & Kitchen,Cookware Set,158.18,1,Lahore,Bank Transfer,5.0
4795,559,2025-04-18,Books,Comic,449.45,4,Quetta,Wallet,4.0
4796,245,2025-07-08,Fashion,Sneakers,288.42,2,KARACHI  ,Credit Card,1.0
4797,1232,2025-04-17,Beauty,Shampoo,365.94,4,Faisalabad,Bank Transfer,5.0
4798,1548,2025-07-09,Electronics,Smartwatch,429.61,4,Multan,Debit Card,2.0
4799,1433,2025-10-14,Beauty,Shampoo,201.6,2,Quetta,Wallet,5.0
4800,1127,2025-10-05,Home & Kitchen,Cookware Set,392.55,4,Lahore,Cash on Delivery,2.0
4801,1000,2025-10-26,Fashion,Kurta,472.67,5,Faisalabad,Cash on Delivery,5.0
4802,304,2025-03-17,Home & Kitchen,Bedsheet,158.85,3,Lahore,Bank Transfer,5.0
4803,1621,2025-01-03,Books,Novel,84.45,3,Karachi,Debit Card,5.0
4804,633,2025-04-19,Beauty,Lipstick,39.57,2,FAISALABAD  ,Wallet,4.0
4805,231,2025-02-15,Electronics,Tablet,148.09,2,Lahore,Debit Card,
4806,1079,2025-04-20,Books,Self-Help Book,335.14,1,Multan,Bank Transfer,4.0
4807,1270,2025-07-05,Electronics,Headphones,428.11,2,Multan,Credit Card,4.0
4808,1139,2025-05-04,Books,Textbook,171.32,3,Islamabad,Bank Transfer,5.0
4809,261,2025-04-24,Beauty,Face Wash,86.23,1,Faisalabad,Bank Transfer,4.0
4810,1032,2025-09-23,Home & Kitchen,Cookware Set,222.47,5,Islamabad,Bank Transfer,4.0
4811,646,2025-10-04,Beauty,Face Wash,395.32,3,Multan,Credit Card,3.0
4812,26,2025-08-31,Books,Self-Help Book,50.86,5,Peshawar,Cash on Delivery,4.0
4813,272,2025-04-03,Books,Novel,253.72,4,Quetta,Bank Transfer,5.0
4814,42,2025-05-31,Electronics,Tablet,191.89,4,Faisalabad,Credit Card,4.0
4815,1636,2025-03-09,Books,Novel,379.68,2,PESHAWAR  ,Wallet,5.0
4816,212,2025-04-20,Fashion,Jeans,65.05,3,Karachi,Bank Transfer,3.0
4817,46,2025-05-20,Home & Kitchen,Mixer Grinder,359.25,1,Multan,Credit Card,5.0
4818,976,2025-09-13,Home & Kitchen,Table Lamp,148.96,5,Multan,Wallet,4.0
4819,270,2025-05-08,Home & Kitchen,Cookware Set,95.2,4,Quetta,Bank Transfer,5.0
4820,1130,2025-02-22,Books,Comic,211.29,2,Karachi,Debit Card,5.0
4821,343,2025-10-05,Books,Textbook,376.25,1,Quetta,Cash on Delivery,5.0
4822,1304,2025-08-13,Books,Comic,6.5,5,Faisalabad,Credit Card,3.0
4823,92,2025-06-17,Home & Kitchen,Bedsheet,427.64,2,Lahore,Bank Transfer,
4824,1639,2025-06-10,Books,Novel,109.67,1,Islamabad,Bank Transfer,4.0
4825,1604,2025-08-06,Electronics,Laptop,395.41,4,Multan,Wallet,
4826,801,2025-06-04,Electronics,Laptop,290.11,5,Quetta,Debit Card,5.0
4827,147,2025-07-13,Home & Kitchen,Table Lamp,272.51,4,Lahore,Credit Card,5.0
4828,1007,2025-01-15,Fashion,Sneakers,43.2,3,Quetta,Wallet,5.0
4829,943,2025-05-07,Fashion,Kurta,253.57,4,Lahore,Debit Card,4.0
4830,1206,2025-08-23,Fashion,T-Shirt,422.6,3,Lahore,Debit Card,4.0
4831,720,2025-05-02,Home & Kitchen,Mixer Grinder,469.06,1,Lahore,Cash on Delivery,4.0
4832,286,2025-06-19,Books,Novel,47.93,4,Lahore,Wallet,4.0
4833,1002,2025-05-18,Books,Novel,318.61,1,QUETTA  ,Debit Card,5.0
4834,1529,2025-09-03,Beauty,Shampoo,70.26,1,Lahore,Cash on Delivery,4.0
4835,188,2025-01-02,Fashion,Jeans,7.91,3,Lahore,Cash on Delivery,3.0
4836,1025,2025-09-14,Home & Kitchen,Mixer Grinder,124.12,2,Lahore,Debit Card,5.0
4837,1519,2025-04-20,Books,Textbook,183.19,1,Faisalabad,Wallet,5.0
4838,394,2025-02-04,Beauty,Face Wash,247.96,4,Islamabad,Credit Card,5.0
4839,1414,2025-04-06,Electronics,Smartphone,297.44,3,LAHORE  ,Credit Card,4.0
4840,1330,2025-07-15,Home & Kitchen,Mixer Grinder,253.38,4,Lahore,Debit Card,4.0
4841,1258,2025-10-20,Home & Kitchen,Mixer Grinder,87.42,1,Quetta,Cash on Delivery,4.0
4842,849,2025-06-28,Electronics,Headphones,295.95,1,Multan,Debit Card,5.0
4843,1627,2025-03-17,Home & Kitchen,Mixer Grinder,82.72,4,Lahore,Cash on Delivery,5.0
4844,374,2025-09-10,Electronics,Headphones,70.43,3,QUETTA  ,Debit Card,4.0
4845,1515,2025-10-23,Books,Comic,28.51,4,Faisalabad,Bank Transfer,
4846,483,2025-09-17,Electronics,Laptop,166.11,1,Islamabad,Bank Transfer,4.0
4847,860,2025-09-08,Electronics,Tablet,193.9,3,Peshawar,Wallet,2.0
4848,1165,2025-05-25,Beauty,Perfume,23.41,4,Quetta,Bank Transfer,4.0
4849,1013,2025-01-04,Books,Self-Help Book,229.61,5,Karachi,Wallet,3.0
4850,1409,2025-02-17,Fashion,Jeans,205.28,5,Peshawar,Wallet,4.0
4851,579,2025-08-16,Electronics,Headphones,246.65,2,Quetta,Credit Card,5.0
4852,159,2025-02-05,Fashion,Jeans,487.88,4,Multan,Bank Transfer,4.0
4853,991,2025-01-12,Home & Kitchen,Bedsheet,271.41,5,QUETTA  ,Cash on Delivery,4.0
4854,1200,2025-09-06,Beauty,Perfume,414.3,1,Islamabad,Credit Card,4.0
4855,774,2025-09-27,Home & Kitchen,Mixer Grinder,71.23,3,Islamabad,Debit Card,5.0
4856,437,2025-04-07,Beauty,Perfume,464.4,3,Peshawar,Bank Transfer,4.0
4857,522,2025-08-07,Electronics,Tablet,107.2,3,Peshawar,Cash on Delivery,5.0
4858,524,2025-04-03,Fashion,Jeans,133.6,2,Islamabad,Credit Card,4.0
4859,1019,2025-07-04,Books,Comic,32.63,5,Islamabad,Cash on Delivery,4.0
4860,243,2025-05-25,Fashion,Jeans,325.88,3,Quetta,Wallet,1.0
4861,242,2025-06-30,Books,Novel,186.45,2,Peshawar,Credit Card,5.0
4862,247,2025-01-11,Books,Self-Help Book,231.45,4,Islamabad,Wallet,3.0
4863,245,2025-04-15,Fashion,Jeans,295.24,3,Lahore,Credit Card,4.0
4864,604,2025-03-09,Beauty,Face Wash,,-1,,,5.0
4865,1452,2025-10-20,Beauty,Face Wash,211.24,5,Quetta,Debit Card,4.0
4866,255,2025-01-08,Books,Self-Help Book,258.98,3,Lahore,Debit Card,2.0
4867,1331,2025-06-05,Electronics,Smartwatch,230.22,2,Lahore,Cash on Delivery,5.0
4868,771,2025-01-07,Beauty,Shampoo,300.85,2,Quetta,Credit Card,5.0
4869,543,2025-03-18,Electronics,Smartphone,63.42,2,Karachi,Debit Card,2.0
4870,995,2025-03-24,Electronics,Smartphone,116.44,1,Quetta,Debit Card,1.0
4871,1438,2025-06-10,Fashion,T-Shirt,10.6,2,Karachi,Bank Transfer,
4872,636,2025-04-17,Books,Self-Help Book,130.63,2,Multan,Wallet,5.0
4873,599,2025-06-05,Books,Textbook,336.81,1,QUETTA  ,Debit Card,
4874,384,2025-09-01,Beauty,Shampoo,161.75,4,Multan,Cash on Delivery,4.0
4875,982,2025-05-04,Home & Kitchen,Table Lamp,453.04,3,Lahore,Credit Card,4.0
4876,132,2025-02-25,Electronics,Headphones,197.38,1,Quetta,Debit Card,5.0
4877,848,2025-06-18,Home & Kitchen,Table Lamp,121.79,5,Multan,Credit Card,1.0
4878,1289,2025-02-04,Home & Kitchen,Mixer Grinder,62.7,4,Quetta,Debit Card,5.0
4879,316,2025-01-12,Fashion,Sneakers,453.79,5,Quetta,Cash on Delivery,3.0
4880,1348,2025-09-25,Beauty,Lipstick,207.04,4,Multan,Credit Card,3.0
4881,873,2025-05-31,Books,Textbook,18.36,4,Multan,Cash on Delivery,5.0
4882,208,2025-02-16,Beauty,Shampoo,57.1,4,Lahore,Bank Transfer,5.0
4883,1323,2025-06-09,Home & Kitchen,Bedsheet,397.01,3,Quetta,Bank Transfer,
4884,218,2025-06-30,Beauty,Shampoo,264.46,1,Faisalabad,Debit Card,2.0
4885,696,2025-01-24,Beauty,Face Wash,156.43,2,Faisalabad,Cash on Delivery,4.0
4886,735,2025-04-20,Fashion,Jeans,302.61,2,Lahore,Wallet,
4887,53,2025-05-27,Home & Kitchen,Bedsheet,57.72,2,MULTAN  ,Bank Transfer,3.0
4888,428,2025-08-14,Fashion,Jacket,151.86,1,Quetta,Bank Transfer,5.0
4889,103,2025-08-21,Electronics,Laptop,169.78,4,Islamabad,Wallet,5.0
4890,300,2025-04-14,Fashion,Jeans,341.96,4,Quetta,Wallet,5.0
4891,498,2025-01-10,Books,Textbook,178.97,1,Karachi,Cash on Delivery,3.0
4892,907,2025-10-17,Electronics,Headphones,90.92,4,ISLAMABAD  ,Wallet,4.0
4893,933,2025-08-02,Books,Self-Help Book,173.19,4,Karachi,Debit Card,4.0
4894,921,2025-08-30,Electronics,Smartphone,398.54,4,Multan,Bank Transfer,1.0
4895,1084,2025-05-19,Fashion,Jacket,170.58,4,Quetta,Bank Transfer,4.0
4896,513,2025-04-26,Home & Kitchen,Cookware Set,229.7,3,Peshawar,Credit Card,5.0
4897,313,2025-02-17,Books,Self-Help Book,174.05,3,Peshawar,Wallet,
4898,1072,2025-08-28,Home & Kitchen,Cookware Set,186.25,2,Islamabad,Debit Card,5.0
4899,664,2025-04-05,Home & Kitchen,Bedsheet,304.17,1,Lahore,Credit Card,5.0
4900,1373,2025-07-02,Books,Comic,103.35,2,Islamabad,Credit Card,5.0
4901,577,2025-05-06,Home & Kitchen,Mixer Grinder,258.18,2,Faisalabad,Debit Card,4.0
4902,1075,2025-05-17,Books,Self-Help Book,126.61,2,Multan,Wallet,5.0
4903,344,2025-01-20,Home & Kitchen,Bedsheet,309.82,2,Multan,Bank Transfer,4.0
4904,1036,2025-09-14,Beauty,Shampoo,477.08,3,Quetta,Cash on Delivery,5.0
4905,500,2025-02-13,Fashion,Kurta,137.73,1,Multan,Debit Card,
4906,149,2025-03-04,Electronics,Laptop,345.27,4,FAISALABAD  ,Debit Card,5.0
4907,819,2025-03-19,Home & Kitchen,Table Lamp,355.06,2,FAISALABAD  ,Wallet,5.0
4908,1425,2025-07-05,Books,Novel,261.94,2,Multan,Cash on Delivery,5.0
4909,896,2025-02-07,Electronics,Smartphone,279.96,5,Islamabad,Bank Transfer,5.0
4910,660,2025-10-22,Home & Kitchen,Cookware Set,96.41,4,Peshawar,Bank Transfer,4.0
4911,1513,2025-03-26,Beauty,Lipstick,456.98,4,Quetta,Wallet,5.0
4912,1412,2025-10-10,Books,Textbook,368.08,5,Multan,Credit Card,1.0
4913,934,2025-04-30,Beauty,Perfume,389.52,2,Multan,Debit Card,4.0
4914,1386,2025-07-23,Fashion,T-Shirt,181.76,3,Lahore,Credit Card,5.0
4915,388,2025-10-27,Books,Novel,100.74,4,Multan,Wallet,1.0
4916,769,2025-07-08,Fashion,Jacket,35.83,5,Multan,Wallet,4.0
4917,1610,2025-07-18,Books,Novel,298.61,4,Karachi,Credit Card,1.0
4918,489,2025-05-13,Beauty,Lipstick,223.84,4,Multan,Cash on Delivery,4.0
4919,1380,2025-09-28,Home & Kitchen,Table Lamp,146.77,5,Lahore,Bank Transfer,5.0
4920,1495,2025-04-09,Fashion,Jacket,463.6,1,Multan,Bank Transfer,4.0
4921,71,2025-03-26,Beauty,Shampoo,297.6,5,Peshawar,Wallet,5.0
4922,1103,2025-03-23,Beauty,Perfume,454.84,5,Lahore,Cash on Delivery,2.0
4923,1492,2025-03-21,Electronics,Headphones,372.85,4,Faisalabad,Debit Card,5.0
4924,1174,2025-06-11,Beauty,Perfume,55.84,4,LAHORE  ,Debit Card,4.0
4925,996,2025-03-26,Fashion,Jacket,27.73,3,Faisalabad,Debit Card,4.0
4926,680,2025-08-28,Beauty,Lipstick,113.91,1,Islamabad,Wallet,4.0
4927,157,2025-07-17,Fashion,Kurta,238.64,2,Faisalabad,Wallet,5.0
4928,1009,2025-04-18,Books,Comic,59.35,2,ISLAMABAD  ,Credit Card,
4929,100,2025-03-08,Books,Self-Help Book,67.66,3,Multan,Cash on Delivery,3.0
4930,378,2025-06-04,Home & Kitchen,Bedsheet,50.62,4,PESHAWAR  ,Cash on Delivery,
4931,1099,2025-04-13,Fashion,Kurta,47.48,1,Karachi,Cash on Delivery,4.0
4932,1588,2025-07-15,Fashion,Sneakers,149.2,5,Multan,Bank Transfer,5.0
4933,986,2025-10-03,Electronics,Laptop,261.75,3,Faisalabad,Wallet,3.0
4934,49,2025-09-18,Books,Self-Help Book,9.71,3,Lahore,Bank Transfer,5.0
4935,21,2025-04-25,Electronics,Headphones,75.41,3,Peshawar,Debit Card,5.0
4936,1064,2025-04-03,Home & Kitchen,Cookware Set,131.08,3,Quetta,Wallet,4.0
4937,414,2025-02-19,Books,Textbook,124.36,1,Karachi,Credit Card,5.0
4938,1447,2025-05-24,Home & Kitchen,Bedsheet,259.98,5,Islamabad,Bank Transfer,3.0
4939,784,2025-01-29,Electronics,Headphones,79.61,3,Peshawar,Bank Transfer,5.0
4940,1282,2025-04-06,Books,Novel,57.84,4,Karachi,Wallet,4.0
4941,180,2025-04-17,Fashion,T-Shirt,257.59,5,Quetta,Debit Card,4.0
4942,364,2025-08-07,Electronics,Smartwatch,294.01,2,Multan,Credit Card,5.0
4943,495,2025-05-29,Beauty,Perfume,140.6,4,KARACHI  ,Wallet,
4944,115,2025-10-01,Electronics,Headphones,173.27,5,KARACHI  ,Credit Card,5.0
4945,1186,2025-01-16,Beauty,Shampoo,433.77,2,Multan,Cash on Delivery,5.0
4946,819,2025-05-07,Books,Textbook,247.48,3,Karachi,Wallet,5.0
4947,219,2025-05-20,Fashion,Sneakers,122.2,3,Lahore,Wallet,5.0
4948,787,2025-01-31,Fashion,Kurta,214.16,1,Multan,Credit Card,4.0
4949,229,2025-06-09,Beauty,Shampoo,330.79,3,Multan,Wallet,5.0
4950,1446,2025-09-03,Home & Kitchen,Cookware Set,202.3,3,Peshawar,Debit Card,4.0
4951,1540,2025-02-20,Electronics,Smartwatch,131.07,4,Lahore,Debit Card,4.0
4952,73,2025-03-20,Beauty,Perfume,431.99,1,Karachi,Cash on Delivery,4.0
4953,470,2025-10-03,Fashion,Jacket,435.92,3,Multan,Cash on Delivery,5.0
4954,1139,2025-07-21,Electronics,Headphones,93.93,2,Multan,Bank Transfer,3.0
4955,1176,2025-10-22,Fashion,T-Shirt,233.81,2,Lahore,Cash on Delivery,5.0
4956,651,2025-03-17,Home & Kitchen,Cookware Set,245.03,4,Karachi,Wallet,4.0
4957,662,2025-07-18,Electronics,Smartphone,24.26,3,Faisalabad,Debit Card,5.0
4958,165,2025-02-20,Books,Novel,232.97,3,Islamabad,Cash on Delivery,
4959,670,2025-04-14,Books,Comic,113.48,3,Islamabad,Cash on Delivery,5.0
4960,835,2025-09-12,Beauty,Perfume,233.39,1,FAISALABAD  ,Wallet,2.0
4961,1666,2025-08-17,Books,Comic,491.83,5,Quetta,Cash on Delivery,4.0
4962,484,2025-09-09,Beauty,Perfume,247.15,2,Karachi,Bank Transfer,5.0
4963,902,2025-10-07,Beauty,Face Wash,434.49,1,Islamabad,Debit Card,3.0
4964,1205,2025-05-31,Books,Self-Help Book,497.89,4,Multan,Wallet,4.0
4965,955,2025-06-19,Books,Self-Help Book,338.52,2,Karachi,Wallet,3.0
4966,731,2025-01-14,Home & Kitchen,Table Lamp,52.78,1,Quetta,Cash on Delivery,5.0
4967,1576,2025-06-15,Home & Kitchen,Bedsheet,69.83,3,Islamabad,Wallet,4.0
4968,1585,2025-09-08,Electronics,Laptop,155.98,3,Multan,Wallet,2.0
4969,1403,2025-09-24,Electronics,Smartwatch,387.71,2,Islamabad,Wallet,4.0
4970,1351,2025-01-22,Fashion,T-Shirt,406.26,5,Lahore,Credit Card,4.0
4971,1574,2025-10-25,Books,Novel,126.34,2,Multan,Credit Card,3.0
4972,542,2025-10-06,Electronics,Laptop,170.47,2,Karachi,Debit Card,5.0
4973,1511,2025-01-05,Home & Kitchen,Table Lamp,184.54,4,Karachi,Debit Card,5.0
4974,481,2025-03-30,Home & Kitchen,Bedsheet,309.23,2,Peshawar,Wallet,4.0
4975,1193,2025-07-26,Fashion,Kurta,141.33,2,Faisalabad,Wallet,5.0
4976,884,2025-01-30,Home & Kitchen,Mixer Grinder,428.8,2,ISLAMABAD  ,Cash on Delivery,3.0
4977,326,2025-04-28,Home & Kitchen,Cookware Set,154.43,2,Lahore,Wallet,5.0
4978,582,2025-01-03,Beauty,Shampoo,74.74,1,LAHORE  ,Debit Card,5.0
4979,1335,2025-01-30,Books,Self-Help Book,451.68,2,Faisalabad,Credit Card,5.0
4980,545,2025-07-25,Books,Novel,261.05,3,Lahore,Bank Transfer,5.0
4981,175,2025-02-06,Beauty,Face Wash,120.0,3,Islamabad,Credit Card,1.0
4982,1433,2025-05-30,Beauty,Lipstick,166.67,3,Peshawar,Cash on Delivery,5.0
4983,278,2025-08-01,Beauty,Perfume,432.56,1,Islamabad,Bank Transfer,
4984,50,2025-01-28,Home & Kitchen,Mixer Grinder,290.41,1,Lahore,Credit Card,4.0
4985,1105,2025-01-24,Home & Kitchen,Mixer Grinder,69.8,3,Karachi,Debit Card,5.0
4986,1024,2025-07-04,Fashion,Jeans,411.15,1,Peshawar,Cash on Delivery,5.0
4987,1173,2025-05-20,Electronics,Tablet,328.9,2,Quetta,Credit Card,3.0
4988,1171,2025-06-05,Books,Comic,496.75,1,Peshawar,Debit Card,2.0
4989,191,2025-06-22,Books,Comic,284.45,2,Karachi,Cash on Delivery,4.0
4990,615,2025-04-06,Home & Kitchen,Mixer Grinder,496.13,3,Multan,Wallet,4.0
4991,415,2025-04-30,Books,Comic,163.01,2,Faisalabad,Cash on Delivery,
4992,276,2025-08-21,Electronics,Smartphone,93.57,5,Karachi,Bank Transfer,4.0
4993,817,2025-07-11,Books,Self-Help Book,418.45,4,Karachi,Cash on Delivery,4.0
4994,1039,2025-09-20,Books,Self-Help Book,10.61,1,PESHAWAR  ,Wallet,3.0
4995,834,2025-05-18,Electronics,Smartphone,,3,,,
4996,1501,2025-08-09,Home & Kitchen,Cookware Set,385.12,2,Faisalabad,Wallet,5.0
4997,81,2025-09-15,Electronics,Smartphone,282.6,4,Karachi,Wallet,1.0
4998,1142,2025-04-09,Electronics,Smartwatch,155.37,2,Peshawar,Credit Card,3.0
4999,552,2025-05-01,Books,Comic,124.53,4,Faisalabad,Debit Card,4.0
5000,23,2025-08-19,Electronics,Smartwatch,17.74,4,Multan,Wallet,3.0
1502,1166,2025-05-16,Fashion,Jeans,232.63,2,Faisalabad,Bank Transfer,4.0
2587,1184,2025-07-18,Fashion,Jacket,384.1,5,Multan,Credit Card,4.0
2654,1459,2025-07-09,Books,Novel,376.57,1,Faisalabad,Cash on Delivery,5.0
1056,1284,2025-03-15,Home & Kitchen,Mixer Grinder,265.94,4,Quetta,Debit Card,5.0
706,459,2025-10-13,Beauty,Shampoo,308.51,4,Karachi,Wallet,
107,145,2025-04-14,Electronics,Smartphone,450.29,2,Islamabad,Cash on Delivery,4.0
590,1535,2025-08-07,Books,Self-Help Book,276.69,2,Karachi,Credit Card,4.0
2469,140,2025-02-15,Fashion,Jeans,488.02,1,Quetta,Debit Card,1.0
2414,1028,2025-09-30,Fashion,Jacket,355.24,4,Multan,Debit Card,3.0
1601,242,2025-10-03,Home & Kitchen,Bedsheet,134.93,3,Peshawar,Bank Transfer,5.0
2465,657,2025-08-18,Electronics,Laptop,321.12,4,Faisalabad,Credit Card,
229,459,2025-01-19,Electronics,Smartphone,495.67,4,Faisalabad,Debit Card,4.0
916,1128,2025-02-23,Home & Kitchen,Cookware Set,218.34,3,Faisalabad,Debit Card,2.0
795,703,2025-05-06,Beauty,Lipstick,184.34,2,Faisalabad,Bank Transfer,4.0
3022,331,2025-03-09,Electronics,Smartwatch,79.54,4,Multan,Debit Card,
3544,604,2025-05-09,Home & Kitchen,Table Lamp,155.51,2,Faisalabad,Cash on Delivery,5.0
1074,486,2025-03-28,Beauty,Face Wash,471.2,4,Islamabad,Debit Card,4.0
3352,1622,2025-01-30,Home & Kitchen,Cookware Set,435.33,1,Multan,Cash on Delivery,4.0
1745,1515,2025-04-27,Home & Kitchen,Mixer Grinder,205.08,5,Lahore,Debit Card,4.0
1085,377,2025-07-29,Home & Kitchen,Mixer Grinder,342.12,4,Lahore,Bank Transfer,5.0
927,1638,2025-10-24,Home & Kitchen,Bedsheet,182.93,5,Peshawar,Cash on Delivery,
3050,1270,2025-02-13,Beauty,Perfume,378.68,2,Peshawar,Bank Transfer,4.0
1118,503,2025-07-03,Home & Kitchen,Bedsheet,32.39,2,Faisalabad,Credit Card,4.0
643,1463,2025-02-14,Beauty,Shampoo,195.44,1,Peshawar,Bank Transfer,4.0
4768,110,2025-06-25,Fashion,Sneakers,173.49,2,Islamabad,Cash on Delivery,3.0
502,360,2025-02-25,Beauty,Shampoo,107.6,5,Faisalabad,Debit Card,4.0
4067,1250,2025-10-13,Home & Kitchen,Mixer Grinder,252.9,5,Quetta,Wallet,3.0
334,1538,2025-10-23,Home & Kitchen,Mixer Grinder,267.35,3,Lahore,Credit Card,5.0
4685,50,2025-07-02,Fashion,Jeans,477.83,2,Lahore,Bank Transfer,5.0
487,68,2025-06-20,Home & Kitchen,Mixer Grinder,495.39,3,Lahore,Debit Card,3.0
1963,348,2025-07-06,Books,Textbook,109.87,2,Peshawar,Cash on Delivery,2.0
394,331,2025-06-05,Beauty,Face Wash,397.61,3,Faisalabad,Credit Card,3.0
4843,1627,2025-03-17,Home & Kitchen,Mixer Grinder,82.72,4,LAHORE  ,Cash on Delivery,5.0
4867,1331,2025-06-05,Electronics,Smartwatch,230.22,2,Lahore,Cash on Delivery,5.0
1756,745,2025-10-04,Electronics,Smartphone,144.37,3,Multan,Bank Transfer,
2516,955,2025-08-25,Books,Novel,85.84,2,Multan,Cash on Delivery,4.0
3586,920,2025-05-17,Beauty,Lipstick,266.17,4,Quetta,Wallet,5.0
4316,777,2025-09-28,Electronics,Smartphone,334.77,5,Faisalabad,Credit Card,4.0
4967,1576,2025-06-15,Home & Kitchen,Bedsheet,69.83,3,Islamabad,Wallet,4.0
2100,820,2025-01-21,Beauty,Lipstick,338.55,3,Islamabad,Credit Card,3.0
3600,1295,2025-01-16,Electronics,Tablet,264.08,1,Islamabad,Cash on Delivery,5.0
4122,1532,2025-05-02,Books,Self-Help Book,306.54,1,Lahore,Wallet,4.0
30,587,2025-04-14,Electronics,Smartwatch,468.14,4,Faisalabad,Cash on Delivery,4.0
66,476,2025-01-01,Fashion,Jacket,384.76,1,Islamabad,Bank Transfer,4.0
839,1393,2025-06-15,Electronics,Laptop,435.13,2,Lahore,Debit Card,5.0
3907,314,2025-01-06,Home & Kitchen,Mixer Grinder,281.57,5,Karachi,Bank Transfer,4.0
3774,47,2025-10-06,Beauty,Shampoo,57.62,5,Islamabad,Cash on Delivery,5.0
4636,1223,2025-05-11,Electronics,Smartwatch,160.73,4,Islamabad,Credit Card,2.0
3162,1081,2025-03-04,Electronics,Smartphone,376.53,1,Lahore,Bank Transfer,
2660,863,2025-02-23,Books,Novel,102.85,1,Peshawar,Bank Transfer,
4616,24,2025-06-07,Fashion,Sneakers,265.88,3,Islamabad,Wallet,
4629,92,2025-02-12,Beauty,Perfume,234.5,5,Lahore,Bank Transfer,5.0
2452,476,2025-10-05,Fashion,Jacket,415.57,3,LAHORE  ,Cash on Delivery,5.0
2847,1030,2025-06-24,Beauty,Shampoo,25.96,3,LAHORE  ,Credit Card,
1145,1569,2025-07-12,Home & Kitchen,Table Lamp,54.87,3,Faisalabad,Cash on Delivery,4.0
3079,1578,2025-04-24,Books,Comic,384.72,3,Karachi,Bank Transfer,3.0
1104,1042,2025-03-21,Electronics,Tablet,446.45,4,Quetta,Bank Transfer,4.0
169,1257,2025-07-07,Home & Kitchen,Mixer Grinder,317.75,2,Multan,Cash on Delivery,3.0
1671,665,2025-10-01,Home & Kitchen,Table Lamp,318.86,1,Faisalabad,Cash on Delivery,1.0
2571,56,2025-03-07,Books,Novel,356.58,4,Peshawar,Cash on Delivery,1.0
2378,1101,2025-04-27,Electronics,Laptop,124.14,1,Lahore,Cash on Delivery,5.0
4396,1383,2025-01-17,Beauty,Face Wash,98.39,3,Lahore,Credit Card,
4258,627,2025-08-03,Home & Kitchen,Mixer Grinder,254.68,2,Lahore,Wallet,5.0
3863,1460,2025-02-13,Home & Kitchen,Cookware Set,429.47,1,Faisalabad,Credit Card,3.0
24,203,2025-09-12,Beauty,Lipstick,187.98,1,Peshawar,Bank Transfer,5.0
2634,1555,2025-08-08,Beauty,Shampoo,180.56,3,Islamabad,Wallet,4.0
3341,351,2025-08-16,Beauty,Lipstick,264.65,5,Lahore,Credit Card,
2216,946,2025-04-22,Beauty,Perfume,247.66,3,Faisalabad,Bank Transfer,5.0
3683,688,2025-05-27,Electronics,Smartwatch,303.55,5,Lahore,Bank Transfer,4.0
4725,277,2025-05-23,Beauty,Shampoo,126.85,3,Multan,Debit Card,5.0
1908,1307,2025-05-26,Fashion,Jeans,191.63,5,Peshawar,Debit Card,5.0
85,111,2025-01-08,Home & Kitchen,Bedsheet,68.8,3,Faisalabad,Wallet,4.0
228,1344,2025-05-26,Electronics,Laptop,72.54,5,Islamabad,Debit Card,4.0
297,476,2025-03-26,Fashion,Jacket,379.95,5,Quetta,Credit Card,4.0
1002,1344,2025-07-09,Electronics,Headphones,13.9,2,Quetta,Credit Card,5.0
2139,481,2025-03-28,Electronics,Smartphone,190.92,4,Multan,Wallet,1.0
712,647,2025-05-23,Books,Textbook,424.54,3,Islamabad,Debit Card,5.0
2802,1585,2025-01-17,Fashion,Sneakers,229.35,3,Peshawar,Wallet,5.0
2528,672,2025-07-03,Home & Kitchen,Table Lamp,180.19,1,Karachi,Wallet,4.0
3753,1496,2025-08-01,Electronics,Smartwatch,355.97,3,Lahore,Cash on Delivery,5.0
3322,851,2025-03-15,Fashion,Jacket,484.44,2,Lahore,Debit Card,5.0
3182,757,2025-04-24,Books,Comic,340.33,2,Lahore,Wallet,
4184,1327,2025-03-06,Electronics,Headphones,258.81,5,Islamabad,Cash on Delivery,4.0
1616,1,2025-09-11,Fashion,Kurta,,4,,,1.0
3025,791,2025-06-08,Beauty,Face Wash,408.84,5,Karachi,Bank Transfer,
1414,1063,2025-10-15,Books,Textbook,412.87,1,Faisalabad,Bank Transfer,4.0
764,780,2025-04-09,Electronics,Headphones,71.0,3,Quetta,Credit Card,5.0
656,1524,2025-07-10,Beauty,Shampoo,245.4,1,Multan,Bank Transfer,5.0
4798,1548,2025-07-09,Electronics,Smartwatch,429.61,4,Multan,Debit Card,2.0
3850,814,2025-07-08,Electronics,Tablet,191.47,2,KARACHI  ,Debit Card,4.0
4154,15,2025-03-25,Books,Novel,11.47,4,Quetta,Cash on Delivery,5.0
469,1073,2025-02-14,Beauty,Face Wash,41.68,2,Peshawar,Wallet,
158,1541,2025-01-09,Fashion,Sneakers,33.63,1,Islamabad,Wallet,
1296,856,2025-05-16,Home & Kitchen,Table Lamp,303.39,3,Quetta,Wallet,4.0
498,1258,2025-09-21,Beauty,Face Wash,347.15,1,Quetta,Bank Transfer,2.0
4741,1666,2025-09-11,Books,Novel,160.83,1,Quetta,Credit Card,1.0
2941,198,2025-05-31,Home & Kitchen,Mixer Grinder,491.39,5,Lahore,Credit Card,4.0
3457,355,2025-05-16,Beauty,Lipstick,307.86,4,LAHORE  ,Wallet,5.0
374,1476,2025-01-21,Beauty,Lipstick,352.76,1,Faisalabad,Cash on Delivery,5.0
80,1330,2025-08-10,Home & Kitchen,Bedsheet,426.83,4,Islamabad,Credit Card,5.0
